content_id,client_id,score,action,reason_code,avg_position,impressions_90d,days_since_last_update,ctr
content_82107ddb4e14,client_8b940be7fb,95.1,refresh_priority_1,declining_page1_review,6.2,1599,20,0.5
content_142a53c529dc,client_8b940be7fb,93.5,refresh_priority_1,declining_page1_review,3.2,6703,20,0.3
content_e5f459e737b7,client_f369cb89fc,93.0,refresh_priority_1,declining_page1_review,5.9,56363,20,0.01
content_d6e1bbb4a996,client_d029fa3a95,92.4,refresh_priority_1,declining_page1_review,3.9,4955,20,0.0
content_e60afc334f4b,client_d029fa3a95,92.2,refresh_review,declining_review,13.1,2744,20,0.11
content_c82bc0c24241,client_f369cb89fc,92.2,refresh_priority_1,declining_page1_review,4.3,13676,8,0.0
content_8ba781dafa55,client_8527a891e2,92.0,refresh_priority_1,declining_page1_review,9.0,16156,104,0.0
content_5d5653c4eb4f,client_4e07408562,91.7,refresh_priority_1,declining_page1_review,5.7,15101,7,0.0
content_823ea9b9b355,client_f369cb89fc,91.4,refresh_priority_1,declining_page1_review,3.9,4369,20,0.0
content_acaab4530f70,client_d029fa3a95,91.2,refresh_priority_1,declining_page1_review,3.7,6570,20,0.02
content_0817fd3129f5,client_d029fa3a95,90.8,refresh_priority_1,declining_page1_review,3.9,1577,20,0.06
content_828bac012253,client_d029fa3a95,90.8,refresh_priority_1,declining_page1_review,7.4,12910,20,0.03
content_5f27fe74502d,client_d029fa3a95,90.8,refresh_priority_1,declining_page1_review,7.9,4618,8,0.02
content_11a4f985f14d,client_f369cb89fc,90.8,refresh_priority_1,declining_page1_review,3.7,17713,20,0.02
content_b2544dd3cd76,client_d029fa3a95,90.6,refresh_priority_1,declining_page1_review,5.2,1964,20,0.0
content_453722754fea,client_f369cb89fc,90.4,refresh_priority_1,declining_page1_review,7.6,140079,20,0.01
content_89b8af9c2e3d,client_d029fa3a95,90.4,refresh_priority_1,declining_page1_review,6.0,1738,20,0.0
content_26d48a980581,client_f369cb89fc,90.3,refresh_priority_1,declining_page1_review,4.6,1266,106,0.0
content_c65ee459f729,client_f369cb89fc,90.0,refresh_review,declining_review,17.4,6526,106,0.0
content_f890d20292b1,client_d029fa3a95,89.9,refresh_priority_1,declining_page1_review,6.3,2016,20,0.0
content_f44c380e8cff,client_d029fa3a95,89.5,refresh_priority_1,declining_page1_review,9.8,1713,8,0.0
content_e1bdad640bcf,client_d029fa3a95,89.4,refresh_priority_1,declining_page1_review,8.0,1532,20,0.0
content_1f1eb3e67ac9,client_d029fa3a95,89.2,refresh_priority_1,declining_page1_review,6.7,1249,20,0.0
content_901bf2676f2a,client_d029fa3a95,89.0,refresh_priority_1,declining_page1_review,7.4,989,20,0.0
content_825a9788af8d,client_4e07408562,89.0,refresh_priority_1,declining_page1_review,5.6,16786,104,0.0
content_1e0f4d1e74a2,client_8b940be7fb,89.0,refresh_priority_1,declining_page1_review,7.5,7982,20,0.36
content_cd5b1dd872c6,client_f369cb89fc,88.9,refresh_priority_1,declining_page1_review,7.5,3154,20,0.0
content_ca17a024f90c,client_4e07408562,88.8,refresh_priority_1,declining_page1_review,9.1,38815,7,0.01
content_4224b96648d2,client_8b940be7fb,88.7,refresh_priority_1,declining_page1_review,6.0,5436,20,0.42
content_f3dc9bef3289,client_d029fa3a95,88.6,refresh_priority_1,declining_page1_review,4.6,931,20,0.0
content_55f75c034970,client_d029fa3a95,88.6,refresh_priority_1,declining_page1_review,6.4,3998,8,0.03
content_865fd632a1f3,client_f369cb89fc,88.4,refresh_priority_1,declining_page1_review,6.1,39246,20,0.03
content_5d6debd7b6e1,client_d029fa3a95,88.4,refresh_priority_1,declining_page1_review,9.9,956,20,0.0
content_cba77b47c2c7,client_d029fa3a95,88.4,refresh_priority_1,declining_page1_review,5.6,905,20,0.0
content_c5ac46558df3,client_f369cb89fc,88.3,refresh_priority_1,declining_page1_review,7.1,4669,20,0.04
content_78dc113bf509,client_d029fa3a95,88.2,refresh_priority_1,declining_page1_review,6.7,1358,20,0.0
content_32a5eb93b4bc,client_f369cb89fc,88.2,refresh_review,declining_review,17.8,2072,20,0.0
content_1d9909fc2b04,client_d029fa3a95,88.0,refresh_priority_1,declining_page1_review,7.2,1122,20,0.0
content_41baf0722ad9,client_8527a891e2,87.9,refresh_review,declining_review,12.8,3115,104,0.0
content_1162806e4b35,client_f369cb89fc,87.9,refresh_priority_1,declining_page1_review,5.6,15715,20,0.04
content_87c007fb5c26,client_f369cb89fc,87.7,refresh_priority_1,declining_page1_review,6.6,2463,20,0.0
content_e2b8e97ea579,client_f369cb89fc,87.6,refresh_priority_1,declining_page1_review,8.0,3633,20,0.0
content_73138e49f25d,client_f369cb89fc,87.5,refresh_priority_1,declining_page1_review,2.1,9618,20,0.03
content_694bc660415b,client_f369cb89fc,87.5,refresh_priority_1,declining_page1_review,7.5,1195,20,0.0
content_5ef76f383560,client_f369cb89fc,87.4,refresh_priority_1,declining_page1_review,3.2,973,8,0.0
content_04e1e99e13d4,client_d029fa3a95,87.4,refresh_review,declining_review,10.6,1222,8,0.0
content_06531199cd40,client_d029fa3a95,87.3,refresh_priority_1,declining_page1_review,8.0,1212,8,0.0
content_0709d50aa283,client_d029fa3a95,87.3,refresh_priority_1,declining_page1_review,8.9,1127,20,0.0
content_39881853ef0c,client_f369cb89fc,87.3,refresh_priority_1,declining_page1_review,7.2,112434,20,0.01
content_8f3b70ede1bc,client_d029fa3a95,87.3,refresh_priority_1,declining_page1_review,7.7,601,20,0.0
content_fd16e3475c29,client_d029fa3a95,87.2,refresh_priority_1,declining_page1_review,9.0,429,183,0.0
content_b84a5df88090,client_f369cb89fc,87.2,refresh_priority_1,declining_page1_review,8.1,3699,20,0.03
content_085de37f9ed6,client_d029fa3a95,87.1,refresh_priority_1,declining_page1_review,7.9,700,8,0.0
content_57aca9f1a5fe,client_d029fa3a95,87.1,refresh_priority_1,declining_page1_review,9.6,1587,20,0.06
content_afa114dc512c,client_f369cb89fc,87.0,refresh_priority_1,declining_page1_review,2.2,10277,20,0.06
content_d015eb800625,client_d029fa3a95,87.0,refresh_priority_1,declining_page1_review,8.5,1064,20,0.0
content_26cf570cafdc,client_f369cb89fc,87.0,refresh_priority_1,declining_page1_review,9.1,2450,20,0.0
content_80ab8f6a154a,client_d029fa3a95,86.9,refresh_priority_1,declining_page1_review,8.0,1506,8,0.0
content_ea35d7b74f0d,client_d029fa3a95,86.9,refresh_priority_1,declining_page1_review,4.8,11905,8,0.01
content_7a6cb4857fe6,client_f369cb89fc,86.9,refresh_priority_1,declining_page1_review,1.6,789,20,0.0
content_6430c384931f,client_f369cb89fc,86.8,refresh_priority_1,declining_page1_review,2.9,366,20,0.0
content_a2d394e98056,client_4e07408562,86.7,refresh_priority_1,declining_page1_review,9.4,1220,104,0.0
content_55a771b611af,client_d029fa3a95,86.6,refresh_priority_1,declining_page1_review,6.7,681,20,0.0
content_ccf887ee3581,client_4e07408562,86.5,refresh_priority_1,declining_page1_review,5.5,2993,104,0.03
content_1b8dee993cc2,client_d029fa3a95,86.5,refresh_priority_1,declining_page1_review,8.9,239,8,0.0
content_d225ec9f3d46,client_f369cb89fc,86.5,refresh_priority_1,declining_page1_review,0.7,26470,20,0.05
content_37bb865c7f2f,client_f369cb89fc,86.4,refresh_priority_1,declining_page1_review,5.7,1112,20,0.0
content_e62e5fe2acbd,client_d029fa3a95,86.4,refresh_review,declining_review,10.4,709,20,0.0
content_f6ae0f36d70d,client_f369cb89fc,86.4,refresh_priority_1,declining_page1_review,9.0,44860,20,0.02
content_8c5405b0ce59,client_f369cb89fc,86.4,refresh_priority_1,declining_page1_review,9.1,1141,8,0.0
content_5240ab05dc75,client_4e07408562,86.4,refresh_priority_1,declining_page1_review,2.6,3298,7,0.03
content_7e37aba82d33,client_d029fa3a95,86.4,refresh_priority_1,declining_page1_review,9.0,874,8,0.0
content_e988c1699454,client_8527a891e2,86.4,refresh_review,declining_review,21.5,2197,104,0.0
content_7caef6b6a306,client_d029fa3a95,86.2,refresh_priority_1,declining_page1_review,5.9,6594,20,0.0
content_2ea7554a4b89,client_4e07408562,86.2,refresh_priority_1,declining_page1_review,6.0,5156,7,0.0
content_b08562686d22,client_f369cb89fc,86.0,refresh_priority_1,declining_page1_review,2.0,2846,106,0.14
content_1d2233dc3323,client_f369cb89fc,85.9,refresh_priority_1,declining_page1_review,1.5,1463,8,0.0
content_4852b7840db7,client_d029fa3a95,85.8,refresh_priority_1,declining_page1_review,6.8,605,20,0.0
content_8433aa043b94,client_d029fa3a95,85.8,refresh_priority_1,declining_page1_review,9.1,189,20,0.0
content_5de9a15b932c,client_d029fa3a95,85.7,refresh_priority_1,declining_page1_review,6.8,323,20,0.0
content_f9bb6357fd28,client_d029fa3a95,85.7,refresh_priority_1,declining_page1_review,6.9,2275,8,0.09
content_9983d31c53cb,client_4e07408562,85.7,refresh_priority_1,declining_page1_review,5.5,7737,7,0.0
content_ea41fe5cf292,client_d029fa3a95,85.7,refresh_priority_1,declining_page1_review,8.0,265,183,0.0
content_b1012a045720,client_f369cb89fc,85.7,refresh_priority_1,declining_page1_review,6.2,2986,8,0.03
content_f2508318df4b,client_f369cb89fc,85.6,refresh_priority_1,declining_page1_review,3.1,2831,8,0.0
content_b872486bfd10,client_f369cb89fc,85.6,refresh_priority_1,declining_page1_review,2.3,4696,20,0.04
content_a53d1c4231b3,client_d029fa3a95,85.6,refresh_review,declining_review,12.4,740,20,0.0
content_8a80aa1c39c4,client_d029fa3a95,85.5,refresh_priority_1,declining_page1_review,8.2,528,20,0.0
content_557976e65608,client_f369cb89fc,85.5,refresh_priority_1,declining_page1_review,3.4,4321,8,0.07
content_b7ad90f97e21,client_f369cb89fc,85.5,refresh_priority_1,declining_page1_review,5.4,581,8,0.0
content_3918aaea55e2,client_8b940be7fb,85.5,refresh_review,declining_review,14.0,1683,20,0.18
content_85925d6c92b8,client_f369cb89fc,85.4,refresh_priority_1,declining_page1_review,9.6,2049,8,0.0
content_3de6ff7e4a8d,client_d029fa3a95,85.3,refresh_priority_1,declining_page1_review,7.0,462,20,0.0
content_f155a0aa9e9e,client_434c9b5ae5,85.3,refresh_priority_1,declining_page1_review,7.1,2302,89,0.0
content_bb55d0dab9d9,client_f369cb89fc,85.3,refresh_priority_1,declining_page1_review,10.0,1502,20,0.07
content_7a999bea6a06,client_4e07408562,85.2,refresh_priority_1,declining_page1_review,8.8,3026,13,0.07
content_3324bf432188,client_d029fa3a95,85.2,refresh_priority_1,declining_page1_review,8.5,594,20,0.0
content_b5716f2631dc,client_f369cb89fc,85.1,refresh_priority_1,declining_page1_review,4.0,11882,20,0.03
content_66b56802c5e4,client_d029fa3a95,85.1,refresh_priority_1,declining_page1_review,4.2,350,20,0.0
content_f4d5f9725642,client_d029fa3a95,85.1,refresh_priority_1,declining_page1_review,8.5,582,20,0.0
content_7a69792f4c29,client_d029fa3a95,85.0,refresh_review,declining_review,10.3,257,20,0.0
content_7422ecda04a6,client_f369cb89fc,85.0,refresh_priority_1,declining_page1_review,2.8,2046,8,0.05
content_f6bf66378677,client_f369cb89fc,85.0,refresh_priority_1,declining_page1_review,5.7,817,20,0.0
content_e0666cdbf9c3,client_4e07408562,84.8,refresh_priority_1,declining_page1_review,9.6,5173,14,0.06
content_452a4e18212c,client_f369cb89fc,84.8,refresh_review,declining_review,24.2,2243,106,0.04
content_c500f6047687,client_d029fa3a95,84.8,refresh_priority_1,declining_page1_review,8.4,953,20,0.0
content_4984e596d230,client_d029fa3a95,84.7,refresh_priority_1,declining_page1_review,9.0,453,20,0.0
content_4fc70e470460,client_4e07408562,84.7,refresh_priority_1,declining_page1_review,5.7,766,104,0.0
content_5d926837293e,client_f369cb89fc,84.7,refresh_priority_1,declining_page1_review,4.0,2916,8,0.07
content_d831e97bab46,client_4e07408562,84.6,refresh_priority_1,declining_page1_review,6.1,1360,104,0.0
content_66458ac1b739,client_8527a891e2,84.5,refresh_priority_1,declining_page1_review,2.9,6822,102,0.03
content_4949d6107538,client_f369cb89fc,84.5,refresh_priority_1,declining_page1_review,1.9,5105,8,0.06
content_392ed6711025,client_4e07408562,84.4,refresh_review,declining_review,11.9,2014,7,0.0
content_d38581402cd5,client_f369cb89fc,84.4,refresh_review,declining_review,15.2,1299,20,0.0
content_2b954018dfe0,client_d029fa3a95,84.4,refresh_priority_1,declining_page1_review,6.4,738,20,0.14
content_9b28cf5ae4f3,client_f369cb89fc,84.4,refresh_priority_1,declining_page1_review,1.1,1620,106,0.06
content_72a51b4538b7,client_f369cb89fc,84.3,refresh_review,declining_review,12.0,2628,20,0.04
content_6b09c696507d,client_f369cb89fc,84.3,refresh_priority_1,declining_page1_review,0.8,2813,8,0.04
content_84efdfe29834,client_d029fa3a95,84.3,refresh_priority_1,declining_page1_review,10.0,330,20,0.0
content_08038bd6b9b0,client_4e07408562,84.2,refresh_review,declining_review,12.7,4018,25,0.0
content_e26959d7dd4b,client_f369cb89fc,84.2,refresh_priority_1,declining_page1_review,8.5,2267,8,0.04
content_c566c497902e,client_d029fa3a95,84.2,refresh_priority_1,declining_page1_review,7.9,388,20,0.0
content_b7e40e559702,client_d029fa3a95,84.2,refresh_priority_1,declining_page1_review,6.1,1492,20,0.07
content_d73b842a64e6,client_f369cb89fc,84.2,refresh_priority_1,declining_page1_review,4.7,4660,8,0.11
content_3dc2aa4e01dc,client_d029fa3a95,84.2,refresh_priority_1,declining_page1_review,8.0,304,20,0.0
content_61ec52007f84,client_f369cb89fc,84.1,refresh_priority_1,declining_page1_review,5.1,15214,20,0.09
content_b03ea7190aea,client_f369cb89fc,84.1,refresh_priority_1,declining_page1_review,2.6,1508,8,0.0
content_829c68e60d13,client_f369cb89fc,84.1,refresh_priority_1,declining_page1_review,4.9,307,106,0.0
content_d86bc0c51b88,client_d029fa3a95,84.1,refresh_priority_1,declining_page1_review,7.0,414,20,0.0
content_179caec11499,client_f369cb89fc,84.1,refresh_review,declining_review,16.1,17217,20,0.03
content_e0d734ee281e,client_d029fa3a95,84.1,refresh_priority_1,declining_page1_review,5.7,499,8,0.0
content_8b2adc2bb561,client_d029fa3a95,84.0,refresh_priority_1,declining_page1_review,8.2,222,8,0.0
content_a1dfb0636e9c,client_8527a891e2,84.0,refresh_review,declining_review,14.9,618,104,0.0
content_33adb9b7c91d,client_f369cb89fc,84.0,refresh_review,declining_review,12.5,2493,8,0.08
content_31083b832aa0,client_f369cb89fc,84.0,refresh_priority_1,declining_page1_review,5.9,417,20,0.0
content_39c0cb7f2bbd,client_d029fa3a95,83.9,refresh_priority_1,declining_page1_review,9.7,1510,8,0.0
content_03da7338b27f,client_f369cb89fc,83.9,refresh_review,declining_review,19.5,2612,20,0.0
content_c5baaa65d5cc,client_f369cb89fc,83.8,refresh_priority_1,declining_page1_review,5.2,435,20,0.0
content_03d074e8f486,client_f369cb89fc,83.8,refresh_priority_1,declining_page1_review,6.9,6582,20,0.03
content_f9c40e2ab163,client_f369cb89fc,83.8,refresh_priority_1,declining_page1_review,6.1,8306,20,0.07
content_a31cad37ea8a,client_8b940be7fb,83.7,refresh_priority_1,declining_page1_review,5.9,6058,20,0.76
content_1ec660df5cc3,client_d029fa3a95,83.7,refresh_priority_1,declining_page1_review,4.2,717,20,0.14
content_90d5f9ecb7a9,client_4e07408562,83.7,refresh_priority_1,declining_page1_review,9.4,3978,7,0.0
content_2489ce211d9a,client_d029fa3a95,83.7,refresh_priority_1,declining_page1_review,2.8,260,20,0.0
content_a91a5804588e,client_d029fa3a95,83.7,refresh_priority_1,declining_page1_review,9.0,491,8,0.0
content_79523354f68c,client_f369cb89fc,83.7,refresh_priority_1,declining_page1_review,4.4,3708,8,0.03
content_0b47dae0c7f9,client_8527a891e2,83.6,refresh_review,declining_review,23.1,1191,103,0.0
content_7205560591f9,client_4e07408562,83.6,refresh_review,declining_review,17.6,2329,13,0.0
content_fa177401b553,client_d029fa3a95,83.5,refresh_review,declining_review,17.2,624,8,0.0
content_966912f7c190,client_f369cb89fc,83.5,refresh_review,declining_review,10.3,4114,8,0.12
content_5e2d7ea6844d,client_f369cb89fc,83.5,refresh_priority_1,declining_page1_review,5.2,4651,20,0.06
content_731c9f3acbcb,client_d029fa3a95,83.5,refresh_priority_1,declining_page1_review,7.6,394,20,0.0
content_d23ae29575ef,client_4e07408562,83.5,refresh_priority_1,declining_page1_review,5.3,983,104,0.0
content_d274ac4158ef,client_4e07408562,83.4,refresh_priority_1,declining_page1_review,6.8,65138,26,0.01
content_04c19423dab6,client_8b940be7fb,83.4,refresh_priority_1,declining_page1_review,4.3,8310,20,0.99
content_eb3b2c3bbc34,client_f369cb89fc,83.3,refresh_priority_1,declining_page1_review,1.3,580,20,0.0
content_50e211c8623a,client_f369cb89fc,83.3,refresh_priority_1,declining_page1_review,9.8,2872,20,0.03
content_3b26815717ae,client_f369cb89fc,83.2,refresh_review,declining_review,28.5,4650,20,0.09
content_1257d3710fed,client_d029fa3a95,83.2,refresh_priority_1,declining_page1_review,7.3,524,20,0.19
content_dc1490cb87df,client_d029fa3a95,83.2,refresh_priority_1,declining_page1_review,7.0,578,20,0.0
content_2dbab51b83c9,client_d029fa3a95,83.2,refresh_priority_1,declining_page1_review,9.1,781,20,0.0
content_027b11527f4c,client_d029fa3a95,83.2,refresh_priority_1,declining_page1_review,7.9,915,20,0.0
content_94c5843bbee4,client_d029fa3a95,83.1,refresh_priority_1,declining_page1_review,7.4,268,20,0.0
content_d4084a4bc775,client_f369cb89fc,83.1,refresh_priority_1,declining_page1_review,8.5,3970,20,0.03
content_8ba922f82ace,client_4e07408562,83.1,refresh_review,declining_review,14.5,2698,13,0.0
content_0c8cb6bad4a7,client_f369cb89fc,83.0,refresh_priority_1,declining_page1_review,2.0,502,20,0.0
content_47d2fed41749,client_d029fa3a95,83.0,refresh_priority_1,declining_page1_review,7.4,519,20,0.0
content_8e50b81ff9fb,client_d029fa3a95,83.0,refresh_priority_1,declining_page1_review,6.4,397,8,0.25
content_a2bcb8df0fc3,client_f369cb89fc,82.9,refresh_priority_1,declining_page1_review,2.4,2843,8,0.04
content_f79387f83703,client_d029fa3a95,82.9,refresh_review,declining_review,12.4,1945,20,0.15
content_e1aacafc8b8c,client_434c9b5ae5,82.9,refresh_priority_1,declining_page1_review,8.4,927,20,0.0
content_5d8cc9246c52,client_4e07408562,82.8,refresh_priority_1,declining_page1_review,3.3,547,104,0.0
content_c5a22862db5f,client_4e07408562,82.7,refresh_priority_1,declining_page1_review,4.0,6329,7,0.05
content_681a43300b4f,client_f369cb89fc,82.7,refresh_priority_1,declining_page1_review,7.1,8703,20,0.1
content_dce9528e18b1,client_4e07408562,82.7,refresh_priority_1,declining_page1_review,3.1,2519,7,0.0
content_412f4cf7d443,client_f369cb89fc,82.6,refresh_review,declining_review,18.6,27793,8,0.01
content_f4189b5da579,client_f369cb89fc,82.6,refresh_priority_1,declining_page1_review,6.6,3987,20,0.08
content_91307f62115f,client_d029fa3a95,82.6,refresh_priority_1,declining_page1_review,4.3,441,20,0.0
content_6abe54161f91,client_d029fa3a95,82.6,refresh_priority_1,declining_page1_review,9.0,579,20,0.0
content_7b7226ed26a3,client_f369cb89fc,82.6,refresh_priority_1,declining_page1_review,0.8,2918,8,0.1
content_b44c8a223ccb,client_d029fa3a95,82.6,refresh_priority_1,declining_page1_review,8.1,413,20,0.0
content_7e24f3b27d73,client_8527a891e2,82.5,refresh_review,declining_review,11.6,825,104,0.0
content_d10d476fbfa5,client_f369cb89fc,82.5,refresh_priority_1,declining_page1_review,4.8,1113,20,0.0
content_323d0bdf7077,client_f369cb89fc,82.5,refresh_priority_1,declining_page1_review,4.6,2018,106,0.05
content_684a74eddb5a,client_f369cb89fc,82.4,refresh_review,declining_review,10.7,1820,20,0.11
content_df1e8cee858c,client_f369cb89fc,82.4,refresh_priority_1,declining_page1_review,4.9,9188,106,0.09
content_d2bd69754c35,client_d029fa3a95,82.4,refresh_review,declining_review,12.0,2007,8,0.1
content_a156b2401eaa,client_d029fa3a95,82.4,refresh_review,declining_review,38.9,1244,20,0.08
content_e9b321ed8054,client_d029fa3a95,82.4,refresh_priority_1,declining_page1_review,7.7,1482,8,0.07
content_0797b2065787,client_f369cb89fc,82.4,refresh_priority_1,declining_page1_review,6.5,3335,8,0.06
content_f73cc75941bc,client_d029fa3a95,82.4,refresh_priority_1,declining_page1_review,6.5,278,20,0.0
content_edf5b03b36aa,client_f369cb89fc,82.4,refresh_priority_1,declining_page1_review,3.1,535,20,0.0
content_96ff7449bc47,client_d029fa3a95,82.4,refresh_review,declining_review,11.5,423,8,0.0
content_34f7369c0fe6,client_f369cb89fc,82.3,refresh_review,declining_review,13.5,1349,20,0.07
content_be26cd27c4fd,client_f369cb89fc,82.3,refresh_priority_1,declining_page1_review,7.9,556,20,0.0
content_3574a4e2ec88,client_f369cb89fc,82.3,refresh_priority_1,declining_page1_review,5.9,2545,8,0.04
content_2ae8fb1778c0,client_d029fa3a95,82.3,refresh_review,declining_review,11.4,391,20,0.0
content_62653d10cc38,client_f369cb89fc,82.3,refresh_priority_1,declining_page1_review,8.3,3484,20,0.09
content_643b51c0a848,client_8527a891e2,82.2,refresh_review,declining_review,15.1,890,98,0.0
content_d8992865e6a5,client_8b940be7fb,82.2,refresh_priority_1,declining_page1_review,5.5,5597,20,0.43
content_9ed5aeec3224,client_d029fa3a95,82.2,refresh_review,declining_review,12.0,441,8,0.0
content_a5a5392242a4,client_4e07408562,82.2,refresh_priority_1,declining_page1_review,6.1,3997,7,0.08
content_700de55b1459,client_4e07408562,82.2,refresh_review,declining_review,14.5,1258,104,0.0
content_9e8671965fff,client_f369cb89fc,82.1,refresh_priority_1,declining_page1_review,2.3,1322,20,0.08
content_29884c0f9255,client_8527a891e2,82.1,refresh_review,declining_review,12.3,428,102,0.0
content_572a1b3ea1a8,client_d029fa3a95,82.1,refresh_priority_1,declining_page1_review,4.6,493,20,0.0
content_28e173a39dd5,client_d029fa3a95,82.1,refresh_review,declining_review,26.9,917,8,0.0
content_e377739a982d,client_f369cb89fc,82.1,refresh_priority_1,declining_page1_review,1.5,83,20,0.0
content_c84a0ab98e90,client_f369cb89fc,82.1,refresh_priority_1,declining_page1_review,7.8,223271,20,0.03
content_cb385644ae55,client_434c9b5ae5,82.1,refresh_priority_1,declining_page1_review,7.5,427,89,0.0
content_57717855f528,client_d029fa3a95,82.0,refresh_priority_1,declining_page1_review,4.2,287,20,0.0
content_81302b9ba806,client_f369cb89fc,82.0,refresh_priority_1,declining_page1_review,3.5,7435,20,0.13
content_3caffc05c7f0,client_4e07408562,82.0,refresh_priority_1,declining_page1_review,2.0,9220,7,0.08
content_483f5d0b409c,client_4e07408562,82.0,refresh_review,declining_review,13.9,1442,14,0.0
content_3b25b95df47a,client_4e07408562,81.9,refresh_priority_1,declining_page1_review,7.3,9211,25,0.03
content_12d396d8e567,client_d029fa3a95,81.9,refresh_priority_1,declining_page1_review,4.5,625,20,0.16
content_d52b63d00e6f,client_d029fa3a95,81.9,refresh_priority_1,declining_page1_review,6.3,467,20,0.21
content_0022a6b4290f,client_f369cb89fc,81.9,refresh_priority_1,declining_page1_review,1.2,29747,20,0.07
content_76189a98416b,client_f369cb89fc,81.8,refresh_review,declining_review,11.7,1647,20,0.0
content_0e1baeb3ecca,client_4e07408562,81.7,refresh_priority_1,declining_page1_review,3.5,1560,7,0.06
content_111c744b39f7,client_f369cb89fc,81.7,refresh_review,declining_review,11.1,3813,8,0.08
content_4b40bc3fc714,client_bdd2d3af3a,81.7,refresh_priority_1,declining_page1_review,7.0,548,8,0.0
content_7b54c38ece10,client_d029fa3a95,81.7,refresh_priority_1,declining_page1_review,7.8,252,8,0.0
content_e7596fea954a,client_8527a891e2,81.7,refresh_priority_1,declining_page1_review,8.3,8037,104,0.04
content_cdbb1ac6c290,client_d029fa3a95,81.7,refresh_priority_1,declining_page1_review,8.5,282,20,0.0
content_424ff4ad540a,client_f369cb89fc,81.6,refresh_priority_1,declining_page1_review,4.6,90,20,0.0
content_dcfa75a19a07,client_d029fa3a95,81.6,refresh_priority_1,declining_page1_review,6.3,241,8,0.0
content_b35afe144d55,client_d029fa3a95,81.6,refresh_priority_1,declining_page1_review,8.2,215,20,0.0
content_abef99f293a8,client_f369cb89fc,81.6,refresh_review,declining_review,13.6,1310,20,0.0
content_5bfda3888862,client_8b940be7fb,81.5,refresh_priority_1,declining_page1_review,4.1,10446,20,0.46
content_958a46db26bd,client_d029fa3a95,81.4,refresh_priority_1,declining_page1_review,6.7,198,183,0.0
content_b84cb2300d9d,client_f369cb89fc,81.4,refresh_priority_1,declining_page1_review,6.0,388,106,0.0
content_7da19205e900,client_d029fa3a95,81.4,refresh_priority_1,declining_page1_review,6.2,285,20,0.0
content_27feafd70f41,client_d029fa3a95,81.4,refresh_priority_1,declining_page1_review,7.2,158,20,0.0
content_b818717356ef,client_d029fa3a95,81.4,refresh_priority_1,declining_page1_review,7.5,320,20,0.0
content_6cc2663a00ec,client_f369cb89fc,81.4,refresh_priority_1,declining_page1_review,2.0,3273,8,0.09
content_e22233a65377,client_d029fa3a95,81.4,refresh_review,declining_review,15.1,7094,20,0.04
content_bf313c86ff6b,client_f369cb89fc,81.3,refresh_priority_1,declining_page1_review,10.0,442,20,0.0
content_619acf4bbcc3,client_d029fa3a95,81.3,refresh_priority_1,declining_page1_review,7.2,181,8,0.0
content_3f87780cea1a,client_d029fa3a95,81.3,refresh_priority_1,declining_page1_review,8.4,157,20,0.0
content_b287e08d7dcf,client_d029fa3a95,81.3,refresh_review,declining_review,13.1,304,20,0.0
content_76d1deafc71b,client_f369cb89fc,81.3,refresh_priority_1,declining_page1_review,7.8,236,20,0.0
content_41e79436cdff,client_4e07408562,81.3,refresh_priority_1,declining_page1_review,7.9,8044,20,0.04
content_e3c6836b5dda,client_8527a891e2,81.2,refresh_review,declining_review,22.3,1669,104,0.06
content_a025f0314b16,client_4e07408562,81.2,refresh_review,declining_review,21.2,5028,14,0.02
content_e7da1d48ad15,client_d029fa3a95,81.2,refresh_priority_1,declining_page1_review,5.4,448,20,0.0
content_c50328b4ce10,client_d029fa3a95,81.2,refresh_priority_1,declining_page1_review,8.2,428,20,0.0
content_10c16c9b435a,client_f369cb89fc,81.2,refresh_priority_1,declining_page1_review,7.3,2558,8,0.12
content_25ca73944527,client_8b940be7fb,81.2,refresh_priority_1,declining_page1_review,6.4,3837,20,0.5
content_637107baa450,client_f369cb89fc,81.2,refresh_priority_1,declining_page1_review,0.7,2495,8,0.04
content_0cd0e0126762,client_d029fa3a95,81.2,refresh_priority_1,declining_page1_review,6.4,483,20,0.21
content_3065f33223c3,client_d029fa3a95,81.1,refresh_priority_1,declining_page1_review,6.2,282,20,0.0
content_f333af2b3dff,client_d029fa3a95,81.1,refresh_review,declining_review,28.8,432,20,0.0
content_ea27349a124e,client_d029fa3a95,81.1,refresh_review,declining_review,13.0,460,20,0.0
content_16a73fa3a0e3,client_4e07408562,81.1,refresh_priority_1,declining_page1_review,4.6,757,104,0.0
content_1d637966d2d2,client_4e07408562,81.1,refresh_priority_1,declining_page1_review,8.1,3517,20,0.06
content_40f90a05c8c1,client_8b940be7fb,81.0,refresh_priority_1,declining_page1_review,9.7,929,20,0.32
content_d248f78edf97,client_f369cb89fc,81.0,refresh_priority_1,declining_page1_review,7.7,967,20,0.0
content_a32e98e7adff,client_d029fa3a95,81.0,refresh_priority_1,declining_page1_review,3.0,229,20,0.0
content_06b9fe7fa146,client_4e07408562,81.0,refresh_review,declining_review,11.4,1023,7,0.0
content_a662ef2af9b4,client_8527a891e2,81.0,refresh_review,declining_review,16.0,542,104,0.0
content_e3ff1b093148,client_d029fa3a95,81.0,refresh_priority_1,declining_page1_review,7.8,1408,183,0.28
content_1aae7c2983fc,client_4e07408562,81.0,refresh_priority_1,declining_page1_review,8.0,1784,14,0.0
content_0035e41ab7c9,client_d029fa3a95,81.0,refresh_review,declining_review,17.0,267,20,0.0
content_384c96b54551,client_4e07408562,81.0,refresh_priority_1,declining_page1_review,6.4,5086,14,0.06
content_9741e2f85933,client_f369cb89fc,80.9,refresh_priority_1,declining_page1_review,7.4,7953,20,0.05
content_1bc2a01f84df,client_f369cb89fc,80.9,refresh_priority_1,declining_page1_review,8.3,1291,20,0.15
content_3a764930904d,client_f369cb89fc,80.9,refresh_priority_1,declining_page1_review,2.5,4374,20,0.09
content_70df0e029635,client_f369cb89fc,80.9,refresh_priority_1,declining_page1_review,8.8,1620,20,0.06
content_67095eb7f5de,client_f369cb89fc,80.8,refresh_priority_1,declining_page1_review,0.6,4782,8,0.08
content_3ba5308bc87c,client_d029fa3a95,80.8,refresh_priority_1,declining_page1_review,9.7,266,20,0.0
content_7b7957a368d7,client_d029fa3a95,80.8,refresh_priority_1,declining_page1_review,7.7,265,20,0.0
content_983e599c0240,client_d029fa3a95,80.8,refresh_priority_1,declining_page1_review,7.8,211,20,0.0
content_b23d650634c6,client_f369cb89fc,80.8,refresh_priority_1,declining_page1_review,7.0,380,20,0.0
content_0ee8d993ea59,client_d029fa3a95,80.7,refresh_review,declining_review,12.1,513,20,0.0
content_5c7ccee8cd9e,client_f369cb89fc,80.7,refresh_priority_1,declining_page1_review,6.1,566,20,0.0
content_678f2f245257,client_4e07408562,80.7,refresh_priority_1,declining_page1_review,4.4,1545,7,0.06
content_a278bb5d581a,client_d029fa3a95,80.7,refresh_priority_1,declining_page1_review,5.8,1701,20,0.12
content_9576d790dc61,client_d029fa3a95,80.7,refresh_priority_1,declining_page1_review,7.6,154,20,0.0
content_a0777b0fd936,client_f369cb89fc,80.6,refresh_review,declining_review,19.7,13502,8,0.02
content_2cd652a1196f,client_d029fa3a95,80.6,refresh_review,declining_review,21.2,461,20,0.0
content_35d63627bf3e,client_8527a891e2,80.6,refresh_review,declining_review,32.6,1525,103,0.0
content_ec80e627185c,client_d029fa3a95,80.6,refresh_review,declining_review,27.4,452,20,0.0
content_fd8ecc55447b,client_d029fa3a95,80.6,refresh_priority_1,declining_page1_review,7.0,318,20,0.31
content_1949eb8a9d1e,client_8b940be7fb,80.6,refresh_review,declining_review,17.2,3422,7,0.41
content_1956a8699d64,client_f369cb89fc,80.6,refresh_review,declining_review,25.9,1606,8,0.0
content_ee3cfc4bb633,client_4e07408562,80.5,refresh_priority_1,declining_page1_review,7.3,8978,7,0.03
content_e66dd89749be,client_4e07408562,80.5,refresh_priority_1,declining_page1_review,6.9,853,7,0.0
content_ef81d5fcdf1d,client_f369cb89fc,80.5,refresh_review,declining_review,15.3,1495,20,0.07
content_8dd279f26d0c,client_4e07408562,80.5,refresh_review,declining_review,17.6,1949,14,0.0
content_ec257d803f69,client_4e07408562,80.5,refresh_priority_1,declining_page1_review,5.6,963,104,0.1
content_7acdba4f134c,client_f369cb89fc,80.4,refresh_review,declining_review,12.1,1108,20,0.0
content_212375a53741,client_4e07408562,80.4,refresh_priority_1,declining_page1_review,3.2,1258,7,0.0
content_f309ff5ddc25,client_4e07408562,80.4,refresh_review,declining_review,13.1,906,7,0.0
content_140f7ac1263f,client_d029fa3a95,80.4,refresh_review,declining_review,19.6,379,20,0.0
content_954cc45bd437,client_4e07408562,80.4,refresh_priority_1,declining_page1_review,1.5,15439,7,0.04
content_f6529aaf6ae1,client_d029fa3a95,80.4,refresh_priority_1,declining_page1_review,5.7,173,20,0.0
content_fc815a8369f5,client_4e07408562,80.3,refresh_priority_1,declining_page1_review,4.5,1717,7,0.06
content_a46d8cd61154,client_d029fa3a95,80.3,refresh_review,declining_review,20.9,1143,20,0.0
content_8642a961dd74,client_8b940be7fb,80.3,refresh_priority_1,declining_page1_review,4.5,4817,7,0.89
content_ad89366ef84f,client_d029fa3a95,80.3,refresh_priority_1,declining_page1_review,9.8,253,8,0.0
content_5f6656efc12f,client_d029fa3a95,80.3,refresh_review,declining_review,10.5,575,20,0.52
content_d07b48eddaf5,client_f369cb89fc,80.3,refresh_priority_1,declining_page1_review,6.8,1237,20,0.08
content_7cddffe05038,client_8b940be7fb,80.3,refresh_priority_1,declining_page1_review,3.7,38011,7,0.33
content_25f3df513e2e,client_f369cb89fc,80.3,refresh_priority_1,declining_page1_review,8.9,1808,20,0.06
content_761859531bb8,client_4e07408562,80.3,refresh_review,declining_review,16.0,1571,7,0.0
content_0be51c9e6cbd,client_f369cb89fc,80.3,refresh_priority_1,declining_page1_review,0.7,4205,8,0.05
content_5331ea9e4409,client_f369cb89fc,80.3,refresh_priority_1,declining_page1_review,6.8,566,20,0.0
content_81365f3c8851,client_d029fa3a95,80.2,refresh_review,declining_review,17.5,352,20,0.57
content_dd4364510947,client_f369cb89fc,80.2,refresh_priority_1,declining_page1_review,5.1,230,8,0.0
content_8f1e292ec874,client_f369cb89fc,80.2,refresh_priority_1,declining_page1_review,1.8,258,20,0.0
content_42cb3441f18d,client_4e07408562,80.2,refresh_review,declining_review,18.4,2274,14,0.04
content_6e42f39e35ac,client_f369cb89fc,80.2,refresh_priority_1,declining_page1_review,9.1,12817,8,0.14
content_5466abf24a40,client_d029fa3a95,80.2,refresh_priority_1,declining_page1_review,8.0,231,20,0.0
content_c149dfab5d24,client_f369cb89fc,80.1,refresh_priority_1,declining_page1_review,7.3,2346,20,0.13
content_d9dfe5461b23,client_8b940be7fb,80.1,refresh_priority_1,declining_page1_review,4.5,2007,20,0.4
content_d7270f426bd5,client_f369cb89fc,80.1,refresh_priority_1,declining_page1_review,6.1,1713,20,0.23
content_6ac3ab740bbf,client_f369cb89fc,80.1,refresh_priority_1,declining_page1_review,4.6,22462,106,0.14
content_8f2e62e2249e,client_d029fa3a95,80.1,refresh_priority_1,declining_page1_review,6.0,197,8,0.0
content_f3b795db44b9,client_8527a891e2,80.0,refresh_review,declining_review,16.0,393,104,0.0
content_3164f3076003,client_8527a891e2,80.0,refresh_review,declining_review,16.1,2696,104,0.04
content_6226ee6adc91,client_d029fa3a95,80.0,refresh_review,declining_review,17.8,545,183,0.18
content_65d9331f55fb,client_4e07408562,79.8,refresh_priority_1,declining_page1_review,7.8,65686,7,0.02
content_d929a13289e5,client_d029fa3a95,79.8,refresh_priority_1,declining_page1_review,9.9,324,8,0.0
content_7be5f150dc65,client_f369cb89fc,79.8,refresh_priority_1,declining_page1_review,5.9,290,20,0.0
content_09b0e4b05a30,client_f369cb89fc,79.8,refresh_priority_1,declining_page1_review,7.8,4147,20,0.0
content_07da2d8f9e3f,client_d029fa3a95,79.8,refresh_priority_1,declining_page1_review,8.0,220,8,0.0
content_6b67c651f332,client_f369cb89fc,79.8,refresh_priority_1,declining_page1_review,5.3,545,20,0.18
content_3fb46bec4413,client_4e07408562,79.8,refresh_priority_1,declining_page1_review,3.9,2311,7,0.13
content_6b725466b374,client_f369cb89fc,79.7,refresh_priority_1,declining_page1_review,6.5,2498,20,0.12
content_9bdcd789c811,client_f369cb89fc,79.7,refresh_priority_1,declining_page1_review,3.1,1753,8,0.06
content_389e921d03be,client_d029fa3a95,79.6,refresh_priority_1,declining_page1_review,8.7,204,20,0.0
content_7fa63804b8f1,client_4e07408562,79.6,refresh_priority_1,declining_page1_review,7.3,8258,104,0.04
content_3751d616fe31,client_4e07408562,79.6,refresh_review,declining_review,10.4,13814,25,0.04
content_5773c94c67f5,client_434c9b5ae5,79.6,refresh_review,declining_review,11.5,1361,89,0.07
content_847c0e9b2eb6,client_bdd2d3af3a,79.6,refresh_priority_1,declining_page1_review,6.9,328,20,0.0
content_da470530a0af,client_d029fa3a95,79.6,refresh_priority_1,declining_page1_review,5.6,428,20,0.23
content_134637480bfe,client_4e07408562,79.6,refresh_priority_1,declining_page1_review,8.9,695,7,0.0
content_4d9f36001f06,client_8527a891e2,79.6,refresh_review,declining_review,13.2,3369,104,0.03
content_c8190c11faef,client_d029fa3a95,79.6,refresh_review,declining_review,12.0,150,20,0.0
content_3ba1f3921482,client_d029fa3a95,79.6,refresh_review,declining_review,19.1,497,20,0.0
content_5225981f1b2c,client_d029fa3a95,79.6,refresh_priority_1,declining_page1_review,9.2,147,20,0.0
content_720da508c735,client_d029fa3a95,79.6,refresh_priority_1,declining_page1_review,7.3,208,8,0.0
content_fdbcf987fae1,client_4e07408562,79.6,refresh_priority_1,declining_page1_review,6.8,8797,20,0.09
content_c53fd87a2fa6,client_f369cb89fc,79.6,refresh_review,declining_review,11.5,7552,8,0.09
content_b6e4581523ed,client_d029fa3a95,79.5,refresh_review,declining_review,14.0,104,183,0.0
content_f11ab248c753,client_f369cb89fc,79.5,refresh_priority_1,declining_page1_review,8.6,794,20,0.0
content_be497fa14ced,client_f369cb89fc,79.5,refresh_review,declining_review,18.5,5016,8,0.02
content_236878619647,client_f369cb89fc,79.5,refresh_priority_1,declining_page1_review,7.1,24543,20,0.06
content_ee060472591b,client_d029fa3a95,79.5,refresh_priority_1,declining_page1_review,6.5,108,20,0.0
content_231c10e69d17,client_4e07408562,79.5,refresh_review,declining_review,12.5,929,7,0.0
content_7feee08b4e47,client_d029fa3a95,79.5,refresh_priority_1,declining_page1_review,7.0,140,20,0.0
content_9db40e41d57d,client_f369cb89fc,79.4,refresh_review,declining_review,16.3,2083,20,0.05
content_d2af61ee2a92,client_4e07408562,79.4,refresh_review,declining_review,26.2,1820,13,0.0
content_aec0a7f1c9f0,client_f369cb89fc,79.4,refresh_review,declining_review,12.8,701,20,0.0
content_bfe7c8113aed,client_4e07408562,79.3,refresh_priority_1,declining_page1_review,7.6,2756,7,0.04
content_9e66bcadd0de,client_d029fa3a95,79.3,refresh_review,declining_review,18.5,653,8,0.15
content_b055f5b25c28,client_f369cb89fc,79.3,refresh_priority_1,declining_page1_review,7.4,2171,20,0.14
content_a12d4a1e9a4b,client_4e07408562,79.2,refresh_priority_1,declining_page1_review,5.1,836,104,0.12
content_669ece477f99,client_d029fa3a95,79.2,refresh_review,declining_review,11.1,232,8,0.0
content_3653151b7ac7,client_4e07408562,79.2,refresh_priority_1,declining_page1_review,6.2,1278,7,0.0
content_c8aa94ff1243,client_4e07408562,79.2,refresh_priority_1,declining_page1_review,3.4,2498,104,0.24
content_d02df0d34dd5,client_4e07408562,79.2,refresh_priority_1,declining_page1_review,5.5,39163,14,0.12
content_35972508aa52,client_f369cb89fc,79.2,refresh_review,declining_review,23.2,8071,20,0.04
content_94fa1e16f2b8,client_4e07408562,79.2,refresh_priority_1,declining_page1_review,6.5,1547,104,0.06
content_30dbbbb8678d,client_d029fa3a95,79.2,refresh_priority_1,declining_page1_review,7.3,141,20,0.0
content_b9567729284d,client_d029fa3a95,79.2,refresh_priority_1,declining_page1_review,7.5,275,20,0.0
content_c0eb63210c07,client_d029fa3a95,79.1,refresh_review,declining_review,10.2,186,20,0.0
content_67e4b2c00ef9,client_4e07408562,79.1,refresh_priority_1,declining_page1_review,8.6,3939,20,0.05
content_34670190f4fb,client_d029fa3a95,79.1,refresh_priority_1,declining_page1_review,7.5,190,20,0.53
content_4f605060a428,client_4e07408562,79.1,refresh_priority_1,declining_page1_review,5.3,1106,7,0.09
content_9c52edd4b6b9,client_d029fa3a95,79.1,refresh_priority_1,declining_page1_review,5.1,255,8,0.0
content_6ba547c3ad53,client_d029fa3a95,79.1,refresh_priority_1,declining_page1_review,6.1,346,20,0.29
content_06577c33292c,client_d029fa3a95,79.1,refresh_priority_1,declining_page1_review,4.1,432,20,0.23
content_8def3c4dd646,client_d029fa3a95,79.1,refresh_priority_1,declining_page1_review,7.0,128,20,0.0
content_8094eccaeb0a,client_f369cb89fc,79.1,refresh_priority_1,declining_page1_review,9.7,14419,20,0.07
content_90f354aa255e,client_f369cb89fc,79.0,refresh_priority_1,declining_page1_review,6.6,141,20,0.0
content_5054bb46ebd8,client_f369cb89fc,79.0,refresh_priority_1,declining_page1_review,7.3,2520,20,0.04
content_df71843dcd17,client_8527a891e2,79.0,refresh_review,declining_review,76.4,27334,103,0.0
content_eda627386bb8,client_f369cb89fc,79.0,refresh_priority_1,declining_page1_review,6.0,643,20,0.0
content_baa7232f4846,client_f369cb89fc,79.0,refresh_priority_1,declining_page1_review,7.8,239,20,0.0
content_cd9dbb3c3105,client_f369cb89fc,79.0,refresh_priority_1,declining_page1_review,3.1,1246,20,0.08
content_fbe8ef0607ee,client_f369cb89fc,79.0,refresh_priority_1,declining_page1_review,3.5,2165,20,0.18
content_a192435b13b6,client_4e07408562,78.9,refresh_review,declining_review,15.9,1964,14,0.05
content_c62b377fa3d3,client_4e07408562,78.9,refresh_priority_1,declining_page1_review,2.4,1296,7,0.0
content_50c7fe0d308f,client_d029fa3a95,78.9,refresh_priority_1,declining_page1_review,6.2,161,20,0.0
content_20b682542a31,client_f369cb89fc,78.9,refresh_priority_1,declining_page1_review,3.3,339,20,0.0
content_c694763d4685,client_8527a891e2,78.9,refresh_priority_1,declining_page1_review,6.9,199,104,0.0
content_20150799c3af,client_f369cb89fc,78.9,refresh_priority_1,declining_page1_review,4.1,377,20,0.0
content_b4755fa1bacc,client_4e07408562,78.8,refresh_priority_1,declining_page1_review,8.0,1381,7,0.14
content_e5bcdfaadccd,client_434c9b5ae5,78.8,refresh_priority_1,declining_page1_review,9.2,392,89,0.0
content_cb372c0a7708,client_4e07408562,78.8,refresh_review,declining_review,10.1,1279,7,0.0
content_868d7da34cbd,client_d029fa3a95,78.8,refresh_priority_1,declining_page1_review,5.2,91,20,0.0
content_c6bb205d5263,client_f369cb89fc,78.8,refresh_priority_1,declining_page1_review,6.3,622,20,0.16
content_53a79adb64de,client_434c9b5ae5,78.8,refresh_priority_1,declining_page1_review,9.2,1374,8,0.0
content_32febe41dd77,client_4e07408562,78.8,refresh_review,declining_review,11.0,1060,7,0.0
content_f4c1159e4a29,client_d029fa3a95,78.7,refresh_priority_1,declining_page1_review,6.1,280,20,0.0
content_ee63780b12f6,client_d029fa3a95,78.7,refresh_priority_1,declining_page1_review,5.9,409,20,0.0
content_0628102f4044,client_434c9b5ae5,78.7,refresh_priority_1,declining_page1_review,7.7,1538,89,0.2
content_844ff24f99a0,client_d029fa3a95,78.7,refresh_priority_1,declining_page1_review,6.3,97,20,0.0
content_cbffee46b629,client_f369cb89fc,78.7,refresh_review,declining_review,42.2,3043,106,0.03
content_ee139093527c,client_4e07408562,78.7,refresh_review,declining_review,12.2,3037,14,0.03
content_cea61c7cf099,client_d029fa3a95,78.6,refresh_review,declining_review,12.5,355,20,0.0
content_bf658584d14d,client_f369cb89fc,78.6,refresh_priority_1,declining_page1_review,6.7,31511,20,0.09
content_1b4a22e4abc0,client_f369cb89fc,78.6,refresh_review,declining_review,10.5,1993,20,0.15
content_93edea54a28f,client_4e07408562,78.6,refresh_priority_1,declining_page1_review,8.2,1194,7,0.0
content_735bc8c3b2dc,client_d029fa3a95,78.6,refresh_priority_1,declining_page1_review,7.4,441,20,0.23
content_f55fd2d8ed04,client_4e07408562,78.6,refresh_priority_1,declining_page1_review,1.3,2237,104,0.09
content_5b73b120dcf8,client_d029fa3a95,78.6,refresh_review,declining_review,12.1,331,20,0.0
content_730c0b690c12,client_f369cb89fc,78.5,refresh_priority_1,declining_page1_review,3.2,535,8,0.0
content_70e80d66f0b0,client_f369cb89fc,78.5,refresh_priority_1,declining_page1_review,5.2,637,8,0.0
content_483bc40c6dde,client_d029fa3a95,78.5,refresh_priority_1,declining_page1_review,8.3,134,20,0.0
content_6d6fd94f1cac,client_4e07408562,78.5,refresh_priority_1,declining_page1_review,8.9,13814,25,0.07
content_b1f52d762c14,client_8b940be7fb,78.5,refresh_priority_1,declining_page1_review,2.4,1711,20,0.7
content_7d03a05295b2,client_4e07408562,78.5,refresh_review,declining_review,12.8,3051,13,0.03
content_b2bf50ecada6,client_4e07408562,78.5,refresh_priority_1,declining_page1_review,6.4,2386,7,0.0
content_5ff5d0ca70ee,client_d029fa3a95,78.5,refresh_priority_1,declining_page1_review,6.5,183,20,0.0
content_2e9a77d03f78,client_4e07408562,78.4,refresh_priority_1,declining_page1_review,3.7,349,104,0.0
content_5820260936ca,client_4e07408562,78.4,refresh_review,declining_review,11.2,6004,14,0.03
content_9bbf99b4dc21,client_434c9b5ae5,78.4,refresh_priority_1,declining_page1_review,6.7,1397,8,0.14
content_9b3d7bfa7e2f,client_4e07408562,78.4,refresh_priority_1,declining_page1_review,5.7,1406,7,0.0
content_197a5b1ed096,client_8527a891e2,78.4,refresh_review,declining_review,14.4,605,102,0.0
content_fe96bb972057,client_d029fa3a95,78.3,refresh_review,declining_review,13.0,459,8,0.0
content_65d2cecfb022,client_f369cb89fc,78.3,refresh_priority_1,declining_page1_review,8.8,1194,20,0.08
content_e6aeb6995d0c,client_8527a891e2,78.3,refresh_priority_1,declining_page1_review,6.6,120,104,0.0
content_d2d0ac92a518,client_d029fa3a95,78.3,refresh_priority_1,declining_page1_review,6.8,129,20,0.0
content_8d3971bfd976,client_f369cb89fc,78.3,refresh_review,declining_review,21.8,98924,20,0.03
content_e2989112662f,client_f369cb89fc,78.3,refresh_priority_1,declining_page1_review,3.8,977,20,0.1
content_0d469af9a59a,client_f369cb89fc,78.3,refresh_priority_1,declining_page1_review,8.0,390,20,0.26
content_effca28a4e4f,client_8b940be7fb,78.3,refresh_priority_1,declining_page1_review,8.9,3305,20,0.39
content_1cafff54ead7,client_f369cb89fc,78.2,refresh_priority_1,declining_page1_review,2.8,1726,20,0.12
content_ca6011795338,client_4e07408562,78.2,refresh_review,declining_review,11.7,2021,14,0.05
content_429bd25ef9f9,client_d029fa3a95,78.2,refresh_review,declining_review,20.1,1082,8,0.0
content_32d2d92c1890,client_d029fa3a95,78.2,refresh_priority_1,declining_page1_review,7.5,114,20,0.0
content_8ebd59b1bdd6,client_f369cb89fc,78.2,refresh_priority_1,declining_page1_review,7.2,9495,8,0.05
content_d447a286b0ed,client_4e07408562,78.2,refresh_review,declining_review,14.4,705,104,0.0
content_cdf12b9d21e0,client_4e07408562,78.2,refresh_review,declining_review,13.3,2729,13,0.04
content_6383ca5adafb,client_4e07408562,78.2,refresh_review,declining_review,27.9,1938,14,0.0
content_076ad4de4257,client_d029fa3a95,78.2,refresh_priority_1,declining_page1_review,8.1,178,20,0.0
content_35cc533f1bcb,client_f369cb89fc,78.2,refresh_priority_1,declining_page1_review,2.9,1285,8,0.16
content_e2a8dcfda805,client_f369cb89fc,78.2,refresh_review,declining_review,29.0,21877,20,0.02
content_e99bfecfd83d,client_8527a891e2,78.2,refresh_review,declining_review,19.2,2133,104,0.0
content_34c0c51255aa,client_434c9b5ae5,78.2,refresh_review,declining_review,15.8,1534,89,0.0
content_b9a3ac610c64,client_8527a891e2,78.1,refresh_priority_1,declining_page1_review,8.2,4350,104,0.18
content_c348dab76641,client_d029fa3a95,78.1,refresh_priority_1,declining_page1_review,7.9,155,20,0.0
content_ad6aeae9e0a0,client_4e07408562,78.1,refresh_review,declining_review,10.2,912,104,0.11
content_f697fc3a64e3,client_8527a891e2,78.1,refresh_review,declining_review,11.7,1328,102,0.15
content_d825202568b8,client_d029fa3a95,78.1,refresh_priority_1,declining_page1_review,8.6,137,20,0.0
content_77254cb8bf3f,client_8527a891e2,78.1,refresh_review,declining_review,15.9,1398,20,0.07
content_207fe9e3ad65,client_f369cb89fc,78.1,refresh_priority_1,declining_page1_review,6.4,402,20,0.0
content_29e340486da3,client_d029fa3a95,78.1,refresh_priority_1,declining_page1_review,8.0,173,20,0.0
content_8adaf1d6eb04,client_d029fa3a95,78.1,refresh_priority_1,declining_page1_review,6.9,179,20,0.0
content_45436a43f8e5,client_d029fa3a95,78.1,refresh_review,declining_review,24.6,436,20,0.23
content_75ec7a7c147c,client_d029fa3a95,78.1,refresh_priority_1,declining_page1_review,7.7,150,20,0.0
content_7c0142ac3194,client_f369cb89fc,78.0,refresh_priority_1,declining_page1_review,5.6,387,20,0.0
content_1265114912b4,client_d029fa3a95,78.0,refresh_priority_1,declining_page1_review,9.8,860,20,0.0
content_438be6c5d53e,client_f369cb89fc,78.0,refresh_priority_1,declining_page1_review,6.8,670,8,0.15
content_236f7953ced7,client_f369cb89fc,78.0,refresh_review,declining_review,12.2,818,20,0.12
content_53285c7434ac,client_f369cb89fc,78.0,refresh_priority_1,declining_page1_review,2.4,331,8,0.0
content_178b0367d8f4,client_434c9b5ae5,78.0,refresh_priority_1,declining_page1_review,8.1,510,89,0.0
content_32a36b37175a,client_f369cb89fc,78.0,refresh_priority_1,declining_page1_review,4.0,460,20,0.22
content_2d08ccac3f63,client_f369cb89fc,78.0,refresh_priority_1,declining_page1_review,2.2,19035,20,0.07
content_b0257e31e0c5,client_f369cb89fc,78.0,refresh_priority_1,declining_page1_review,7.6,10261,20,0.11
content_8eb7e7713256,client_4e07408562,77.9,refresh_priority_1,declining_page1_review,5.6,5275,104,0.06
content_204b729683f6,client_f369cb89fc,77.9,refresh_priority_1,declining_page1_review,7.3,245,20,0.0
content_1c58b8669a5d,client_f369cb89fc,77.9,refresh_review,declining_review,11.0,854,20,0.23
content_17d98bb9cd03,client_d029fa3a95,77.9,refresh_priority_1,declining_page1_review,9.4,204,20,0.0
content_d4c48465c0af,client_f369cb89fc,77.9,refresh_priority_1,declining_page1_review,6.8,443,20,0.23
content_fc0403c1d5f4,client_d029fa3a95,77.9,refresh_priority_1,declining_page1_review,6.0,253,20,0.0
content_271c0a5fb99b,client_d029fa3a95,77.9,refresh_priority_1,declining_page1_review,9.7,123,20,0.0
content_d837d28950fe,client_8527a891e2,77.9,refresh_review,declining_review,10.5,953,104,0.1
content_f831e08634d5,client_f369cb89fc,77.9,refresh_priority_1,declining_page1_review,6.2,3193,20,0.06
content_075566e9de1d,client_d029fa3a95,77.9,refresh_priority_1,declining_page1_review,7.7,183,20,0.0
content_04fd376dbfa3,client_f369cb89fc,77.9,refresh_review,declining_review,14.8,462,20,0.22
content_e6190315e1ba,client_d029fa3a95,77.9,refresh_priority_1,declining_page1_review,6.2,136,8,0.0
content_eb15f204972d,client_d029fa3a95,77.9,refresh_priority_1,declining_page1_review,5.7,163,20,0.0
content_6cb53d8fe521,client_4e07408562,77.8,refresh_review,declining_review,15.6,1471,7,0.0
content_1c8f583295cb,client_d029fa3a95,77.8,refresh_review,declining_review,11.2,233,20,0.0
content_b054abd6b94e,client_4e07408562,77.8,refresh_priority_1,declining_page1_review,4.6,499,104,0.0
content_f74385cef4cf,client_4e07408562,77.8,refresh_review,declining_review,17.9,1774,7,0.0
content_83350f683e73,client_d029fa3a95,77.7,refresh_priority_1,declining_page1_review,7.5,414,20,0.0
content_0e52d032d7f7,client_4e07408562,77.7,refresh_priority_1,declining_page1_review,6.5,1172,104,0.17
content_5d63eab66793,client_d029fa3a95,77.7,refresh_review,declining_review,22.4,675,20,0.15
content_4117f561767d,client_f369cb89fc,77.7,refresh_priority_1,declining_page1_review,4.5,366,8,0.0
content_8b733532c5d2,client_d029fa3a95,77.7,refresh_priority_1,declining_page1_review,7.4,98,20,0.0
content_fc8c21563057,client_4e07408562,77.7,refresh_review,declining_review,11.1,650,13,0.0
content_d028d97a0f72,client_f369cb89fc,77.7,refresh_priority_1,declining_page1_review,6.1,389,20,0.0
content_3310c0c6812d,client_d029fa3a95,77.7,refresh_priority_1,declining_page1_review,6.7,97,8,0.0
content_e512b05d6184,client_d029fa3a95,77.7,refresh_priority_1,declining_page1_review,7.7,241,8,0.41
content_c4e5f95e129e,client_f369cb89fc,77.6,refresh_priority_1,declining_page1_review,9.0,748,20,0.13
content_378e77671f51,client_4e07408562,77.6,refresh_priority_1,declining_page1_review,5.7,9238,14,0.19
content_9e4a65fb4867,client_4e07408562,77.6,refresh_priority_1,declining_page1_review,5.5,478,104,0.0
content_180fabd3a3e0,client_d029fa3a95,77.6,refresh_priority_1,declining_page1_review,6.0,120,183,0.83
content_771b7219c0db,client_d029fa3a95,77.6,refresh_priority_1,declining_page1_review,7.2,266,20,0.38
content_b589cc886739,client_f369cb89fc,77.6,refresh_priority_1,declining_page1_review,8.5,32193,8,0.04
content_711c23a1d649,client_f369cb89fc,77.6,refresh_review,declining_review,11.9,1538,20,0.26
content_e3661ab45857,client_434c9b5ae5,77.6,refresh_priority_1,declining_page1_review,6.8,723,8,0.0
content_cce547e0d95f,client_d029fa3a95,77.6,refresh_priority_1,declining_page1_review,8.0,148,20,0.0
content_1d3f05ee1ded,client_f369cb89fc,77.5,refresh_priority_1,declining_page1_review,6.0,956,20,0.1
content_c1e33a7ec8b3,client_d029fa3a95,77.5,refresh_priority_1,declining_page1_review,7.8,98,20,0.0
content_8c50c8b76450,client_8527a891e2,77.5,refresh_priority_1,declining_page1_review,8.8,1772,104,0.17
content_02cb3529a5af,client_d029fa3a95,77.5,refresh_priority_1,declining_page1_review,5.4,173,20,0.0
content_093761113c66,client_8527a891e2,77.5,refresh_review,declining_review,12.6,1299,104,0.08
content_caf33594a986,client_d029fa3a95,77.5,refresh_review,declining_review,10.6,111,20,0.0
content_bc009cb0995a,client_4e07408562,77.5,refresh_priority_1,declining_page1_review,8.3,3603,20,0.28
content_e09b5602ba42,client_8527a891e2,77.4,refresh_review,declining_review,74.3,9681,92,0.0
content_bd4f55aa933f,client_f369cb89fc,77.4,refresh_priority_1,declining_page1_review,5.2,586,20,0.34
content_06c9e43d1287,client_4e07408562,77.4,refresh_review,declining_review,19.0,1376,5,0.0
content_fefb4fa311f8,client_4e07408562,77.4,refresh_review,declining_review,22.2,4311,25,0.07
content_68742c70d0fa,client_f369cb89fc,77.4,refresh_priority_1,declining_page1_review,7.4,660,20,0.0
content_5a16ee863854,client_d029fa3a95,77.3,refresh_priority_1,declining_page1_review,4.9,107,20,0.0
content_8899b467cd41,client_f369cb89fc,77.3,refresh_priority_1,declining_page1_review,6.4,281,20,0.0
content_8a1c4eac8445,client_f369cb89fc,77.3,refresh_priority_1,declining_page1_review,7.6,5044,20,0.1
content_3023680512a5,client_f369cb89fc,77.3,refresh_priority_1,declining_page1_review,4.8,1280,20,0.08
content_f85e732d9328,client_d029fa3a95,77.3,refresh_review,declining_review,27.3,406,8,0.0
content_8cd5e69964ce,client_8b940be7fb,77.3,refresh_priority_1,declining_page1_review,4.6,9863,7,0.76
content_1032d47e0a15,client_d029fa3a95,77.3,refresh_review,declining_review,10.5,203,20,0.0
content_54aaf33f64b4,client_f369cb89fc,77.3,refresh_priority_1,declining_page1_review,3.8,503,20,0.4
content_1a47f735791e,client_f369cb89fc,77.3,refresh_priority_1,declining_page1_review,5.2,7950,8,0.24
content_4cace18c1bfd,client_4e07408562,77.3,refresh_priority_1,declining_page1_review,8.5,2192,14,0.14
content_de616f6d4729,client_d029fa3a95,77.3,refresh_review,declining_review,12.4,222,20,0.0
content_b8ee53b39bb1,client_434c9b5ae5,77.2,refresh_priority_1,declining_page1_review,6.4,212,20,0.0
content_f24e819d0999,client_4e07408562,77.2,refresh_review,declining_review,10.3,965,13,0.1
content_98c954aa0d49,client_f369cb89fc,77.2,refresh_priority_1,declining_page1_review,3.7,124,20,0.0
content_782295e038c2,client_d029fa3a95,77.2,refresh_priority_1,declining_page1_review,8.6,142,20,0.0
content_dffc120c63ef,client_f369cb89fc,77.2,refresh_priority_1,declining_page1_review,7.4,796,8,0.0
content_a90748a17a27,client_d029fa3a95,77.2,refresh_review,declining_review,18.3,497,20,0.2
content_fd2075ea5f6a,client_d029fa3a95,77.2,refresh_review,declining_review,22.4,1884,20,0.11
content_212a1a8a419b,client_f369cb89fc,77.1,refresh_review,declining_review,16.6,504,20,0.0
content_ddf7d7516f0f,client_434c9b5ae5,77.1,refresh_priority_1,declining_page1_review,7.8,99,89,0.0
content_bb1edbf0ba6c,client_4e07408562,77.1,refresh_review,declining_review,12.4,1290,104,0.0
content_a855319ec652,client_d029fa3a95,77.1,refresh_priority_1,declining_page1_review,4.6,70,8,0.0
content_3572e9b5d0ea,client_d029fa3a95,77.1,refresh_priority_1,declining_page1_review,6.5,123,20,0.0
content_1197bd892637,client_d029fa3a95,77.1,refresh_priority_1,declining_page1_review,4.8,139,20,0.0
content_3f70f3b5b744,client_f369cb89fc,77.0,refresh_priority_1,declining_page1_review,6.0,176,20,0.0
content_6e5e30de527c,client_d029fa3a95,77.0,refresh_priority_1,declining_page1_review,6.8,45,8,0.0
content_bcc1e8e2646d,client_8527a891e2,77.0,refresh_priority_1,declining_page1_review,7.7,103,104,0.0
content_c3fd919ef4af,client_d029fa3a95,77.0,refresh_priority_1,declining_page1_review,6.7,88,20,0.0
content_102d1a1e54a6,client_f369cb89fc,77.0,refresh_priority_1,declining_page1_review,2.7,1183,8,0.08
content_dda7602cfc80,client_d029fa3a95,77.0,refresh_review,declining_review,20.8,811,8,0.12
content_59d76e9760a3,client_d029fa3a95,77.0,refresh_priority_1,declining_page1_review,5.8,92,20,0.0
content_370f162b9110,client_8527a891e2,77.0,refresh_priority_1,declining_page1_review,6.3,112,92,0.0
content_3b6c23dcf568,client_4e07408562,76.9,refresh_priority_1,declining_page1_review,10.0,2016,13,0.05
content_ee1c78e1890d,client_d029fa3a95,76.9,refresh_priority_1,declining_page1_review,7.5,212,20,0.0
content_c06a5a7fe2bc,client_d029fa3a95,76.9,refresh_priority_1,declining_page1_review,5.5,95,20,0.0
content_fd12e5168b90,client_f369cb89fc,76.9,refresh_priority_1,declining_page1_review,3.7,105,20,0.0
content_fb71a8b97cb9,client_d029fa3a95,76.8,refresh_priority_1,declining_page1_review,5.6,103,20,0.0
content_33d256c03be1,client_f369cb89fc,76.8,refresh_priority_1,declining_page1_review,4.0,270,20,0.0
content_98aa0aecb1d9,client_8527a891e2,76.8,refresh_priority_1,declining_page1_review,5.1,5190,104,0.06
content_fb6cf7be0248,client_d029fa3a95,76.8,refresh_priority_1,declining_page1_review,8.3,192,8,0.0
content_a69a7896a1cb,client_4e07408562,76.8,refresh_priority_1,declining_page1_review,7.3,1739,7,0.12
content_7dfafed821a2,client_f369cb89fc,76.8,refresh_review,declining_review,14.2,3322,20,0.18
content_ca8f273a3e0a,client_4e07408562,76.8,refresh_priority_1,declining_page1_review,5.1,268,104,0.0
content_5ce1a9d3e4d7,client_8527a891e2,76.8,refresh_priority_1,declining_page1_review,8.1,8076,102,0.07
content_06b02c9b01a1,client_f369cb89fc,76.8,refresh_priority_1,declining_page1_review,5.3,328,20,0.0
content_7b0eaefc832f,client_d029fa3a95,76.7,refresh_priority_1,declining_page1_review,5.7,169,20,0.59
content_aeb5e26a7f7e,client_d029fa3a95,76.7,refresh_priority_1,declining_page1_review,6.6,245,8,0.0
content_fb79d33c4d8a,client_f369cb89fc,76.7,refresh_review,declining_review,23.9,978,20,0.0
content_253e7769f591,client_d029fa3a95,76.7,refresh_review,declining_review,25.3,853,20,0.0
content_c7c93b0f5df0,client_8527a891e2,76.7,refresh_priority_1,declining_page1_review,7.2,5782,104,0.16
content_ea737005fa43,client_d029fa3a95,76.7,refresh_priority_1,declining_page1_review,6.4,151,20,0.0
content_d8de98b4e1b9,client_4e07408562,76.7,refresh_review,declining_review,15.2,1152,13,0.09
content_8107a77b97f7,client_4e07408562,76.7,refresh_priority_1,declining_page1_review,6.4,2863,7,0.03
content_f13a486a08f2,client_8527a891e2,76.6,refresh_review,declining_review,13.5,1271,104,0.16
content_ced89f55ca12,client_f369cb89fc,76.6,refresh_review,declining_review,20.3,731,20,0.0
content_a9d5434b5663,client_d029fa3a95,76.6,refresh_priority_1,declining_page1_review,7.5,305,20,0.0
content_11da248ff221,client_d029fa3a95,76.6,refresh_review,declining_review,11.4,52,183,0.0
content_5b7267c26cc2,client_4e07408562,76.6,refresh_priority_1,declining_page1_review,7.3,1286,7,0.08
content_5b1a71c1e749,client_4e07408562,76.6,refresh_review,declining_review,12.8,904,7,0.0
content_8b1bb60cf9a5,client_4e07408562,76.6,refresh_priority_1,declining_page1_review,7.4,7796,25,0.12
content_4a9b9ed29b10,client_f369cb89fc,76.5,refresh_priority_1,declining_page1_review,7.8,2326,8,0.13
content_769249f1a7e6,client_f369cb89fc,76.5,refresh_priority_1,declining_page1_review,0.6,186,20,0.54
content_32b4e5a2f630,client_8527a891e2,76.5,refresh_priority_1,declining_page1_review,6.5,2663,102,0.08
content_e0f8002cd9c8,client_4e07408562,76.5,refresh_review,declining_review,15.2,677,7,0.0
content_685de0e3b7cb,client_f369cb89fc,76.5,refresh_priority_1,declining_page1_review,7.2,2639,8,0.11
content_7f0efbee72d5,client_d029fa3a95,76.5,refresh_priority_1,declining_page1_review,6.3,137,20,0.0
content_4a8b3ceff582,client_4e07408562,76.5,refresh_priority_1,declining_page1_review,9.7,857,13,0.0
content_a88ef49d6af9,client_d029fa3a95,76.5,refresh_priority_1,declining_page1_review,6.7,296,20,0.0
content_6037ea304533,client_d029fa3a95,76.5,refresh_priority_1,declining_page1_review,8.7,152,20,0.0
content_80c75b9d8e8d,client_f369cb89fc,76.5,refresh_priority_1,declining_page1_review,8.2,2546,20,0.04
content_783121d01890,client_f369cb89fc,76.5,refresh_priority_1,declining_page1_review,5.1,419,20,0.0
content_53178dd98a49,client_d029fa3a95,76.5,refresh_priority_1,declining_page1_review,7.6,370,8,0.54
content_18d783bd4f09,client_d029fa3a95,76.5,refresh_review,declining_review,16.0,624,20,0.0
content_7766ffacdcfa,client_8527a891e2,76.4,refresh_priority_1,declining_page1_review,9.3,657,104,0.0
content_f43f7e2d9039,client_f369cb89fc,76.4,refresh_priority_1,declining_page1_review,4.4,458,20,0.22
content_58cc82052f11,client_4e07408562,76.4,refresh_review,declining_review,10.4,1641,7,0.06
content_30eb41dff556,client_d029fa3a95,76.4,refresh_priority_1,declining_page1_review,6.2,84,183,0.0
content_9c128be31943,client_d029fa3a95,76.4,refresh_review,declining_review,23.8,1296,20,0.15
content_ede4d2a70581,client_4e07408562,76.4,refresh_priority_1,declining_page1_review,7.5,811,104,0.0
content_6ab05b9d2cd8,client_f369cb89fc,76.4,refresh_priority_1,declining_page1_review,8.4,880,20,0.23
content_1396cb97f4d0,client_d029fa3a95,76.4,refresh_priority_1,declining_page1_review,6.4,63,20,0.0
content_827f958d2bdd,client_d029fa3a95,76.4,refresh_review,declining_review,13.6,270,20,0.0
content_f3d5781e6d92,client_d029fa3a95,76.4,refresh_priority_1,declining_page1_review,7.7,548,20,0.0
content_92c6a58824ed,client_f369cb89fc,76.4,refresh_review,declining_review,10.8,1787,20,0.11
content_ec521b760d7c,client_8527a891e2,76.4,refresh_priority_1,declining_page1_review,6.8,15287,104,0.12
content_43cee7a2e67e,client_f369cb89fc,76.3,refresh_priority_1,declining_page1_review,5.3,295,20,0.0
content_3e6ad72596c7,client_f369cb89fc,76.3,refresh_review,declining_review,21.1,3355,8,0.06
content_fad84659065c,client_f369cb89fc,76.3,refresh_review,declining_review,11.3,3081,20,0.1
content_5cbcdc58b3d4,client_4e07408562,76.3,refresh_review,declining_review,14.9,569,7,0.0
content_ef98eb44616e,client_f369cb89fc,76.3,refresh_priority_1,declining_page1_review,7.6,455,20,0.0
content_719aa935645e,client_d029fa3a95,76.3,refresh_priority_1,declining_page1_review,8.2,66,20,0.0
content_cb2d43abb7f6,client_f369cb89fc,76.3,refresh_priority_1,declining_page1_review,2.4,2931,20,0.24
content_e8743787bbef,client_4e07408562,76.3,refresh_priority_1,declining_page1_review,7.5,5281,7,0.02
content_f38b1995eb3a,client_8527a891e2,76.3,refresh_priority_1,declining_page1_review,8.6,2302,104,0.17
content_6fca6be56ca9,client_d029fa3a95,76.3,refresh_priority_1,declining_page1_review,6.4,135,20,0.0
content_dfe5a1b2f34f,client_d029fa3a95,76.2,refresh_review,declining_review,11.4,121,20,0.0
content_f658e746131f,client_4e07408562,76.2,refresh_priority_1,declining_page1_review,3.5,1485,7,0.0
content_2e2a634851a0,client_d029fa3a95,76.2,refresh_review,declining_review,10.6,81,183,0.0
content_c93e52c434f8,client_d029fa3a95,76.2,refresh_priority_1,declining_page1_review,9.1,92,8,0.0
content_d0cadc3e2773,client_434c9b5ae5,76.2,refresh_priority_1,declining_page1_review,6.7,46437,89,0.06
content_6e169e224b2e,client_f369cb89fc,76.2,refresh_priority_1,declining_page1_review,2.7,165,20,0.0
content_55139d0defae,client_4e07408562,76.2,refresh_priority_1,declining_page1_review,4.9,270,104,0.0
content_7f92ba2acbf7,client_f369cb89fc,76.2,refresh_priority_1,declining_page1_review,6.2,917,20,0.11
content_66a9e17988f9,client_f369cb89fc,76.2,refresh_priority_1,declining_page1_review,3.9,621,20,0.16
content_094b4030e36a,client_d029fa3a95,76.1,refresh_priority_1,declining_page1_review,6.0,162,20,0.0
content_5365884ee430,client_d029fa3a95,76.1,refresh_priority_1,declining_page1_review,7.8,186,20,0.54
content_2332fa52beae,client_4e07408562,76.1,refresh_priority_1,declining_page1_review,8.6,2645,7,0.08
content_557fe9494c53,client_4e07408562,76.1,refresh_priority_1,declining_page1_review,6.5,6957,7,0.03
content_f29f81753a54,client_d029fa3a95,76.0,refresh_priority_1,declining_page1_review,8.4,128,8,0.0
content_875d4f424b50,client_d029fa3a95,76.0,refresh_review,declining_review,19.6,370,8,0.0
content_3d68cd06523d,client_d029fa3a95,76.0,refresh_priority_1,declining_page1_review,10.0,670,8,0.0
content_de79be03fa06,client_8527a891e2,76.0,refresh_review,declining_review,13.3,2968,104,0.1
content_e6be4a754962,client_434c9b5ae5,76.0,refresh_priority_1,declining_page1_review,6.8,332,8,0.0
content_fff7db043cce,client_d029fa3a95,76.0,refresh_priority_1,declining_page1_review,9.6,154,20,0.0
content_a7371a4c1b1e,client_f369cb89fc,75.9,refresh_review,declining_review,12.0,914,20,0.11
content_1a6cb171bbc4,client_4e07408562,75.9,refresh_review,declining_review,10.9,9858,25,0.05
content_7f418e12d343,client_d029fa3a95,75.9,refresh_priority_1,declining_page1_review,6.6,190,20,0.0
content_f0d98be4b42c,client_4e07408562,75.9,refresh_priority_1,declining_page1_review,5.1,5818,104,0.15
content_287e98553898,client_d029fa3a95,75.9,refresh_review,declining_review,31.3,318,8,0.0
content_8598c37f3792,client_f369cb89fc,75.9,refresh_priority_1,declining_page1_review,8.4,379,20,0.0
content_3232717abca2,client_d029fa3a95,75.9,refresh_priority_1,declining_page1_review,7.1,137,20,0.0
content_1158aa50a684,client_d029fa3a95,75.9,refresh_priority_1,declining_page1_review,7.2,102,20,0.0
content_386b5a3bc06f,client_d029fa3a95,75.8,refresh_priority_1,declining_page1_review,8.0,353,20,0.0
content_a5781b52aaea,client_d029fa3a95,75.8,refresh_priority_1,declining_page1_review,6.7,111,20,0.0
content_5cb2549bfa88,client_d029fa3a95,75.8,refresh_review,declining_review,21.0,231,20,0.0
content_6e348eb06763,client_4e07408562,75.8,refresh_review,declining_review,17.8,822,7,0.0
content_7638b4f1674a,client_4e07408562,75.8,refresh_priority_1,declining_page1_review,6.0,4122,104,0.12
content_ffaa01d849f7,client_4e07408562,75.8,refresh_review,declining_review,14.0,1580,14,0.06
content_9d77bda04182,client_f369cb89fc,75.8,refresh_priority_1,declining_page1_review,9.2,238,20,0.0
content_c4432c324dc6,client_f369cb89fc,75.8,refresh_priority_1,declining_page1_review,2.7,1152,20,0.35
content_98b26cdb77a5,client_d029fa3a95,75.8,refresh_priority_1,declining_page1_review,8.4,10175,20,0.04
content_937844f485a6,client_d029fa3a95,75.8,refresh_priority_1,declining_page1_review,8.5,112,20,0.0
content_ebbc1db5698c,client_d029fa3a95,75.8,refresh_priority_1,declining_page1_review,4.6,109,20,0.0
content_1ba13a48ba44,client_4e07408562,75.8,refresh_priority_1,declining_page1_review,7.6,3038,7,0.1
content_b39885a157fd,client_4e07408562,75.8,refresh_review,declining_review,14.9,877,13,0.0
content_9dfd7c62ed5c,client_4e07408562,75.7,refresh_priority_1,declining_page1_review,7.0,1906,13,0.16
content_b925c292d21b,client_bdd2d3af3a,75.7,refresh_priority_1,declining_page1_review,7.1,122,89,0.0
content_f26254fad8aa,client_434c9b5ae5,75.7,refresh_review,declining_review,11.6,631,89,0.0
content_5b2b722628c2,client_4e07408562,75.7,refresh_review,declining_review,20.8,1326,13,0.0
content_cbd542e4e064,client_4e07408562,75.7,refresh_priority_1,declining_page1_review,9.0,4721,104,0.02
content_fed0cd0b5d2b,client_d029fa3a95,75.6,refresh_priority_1,declining_page1_review,8.2,201,20,0.0
content_6eb16d7a88ae,client_e629fa6598,75.6,refresh_priority_1,declining_page1_review,4.9,1236,22,0.0
content_a8864e189b2e,client_d029fa3a95,75.6,refresh_priority_1,declining_page1_review,6.4,163,8,0.0
content_ec2de6e5b2c9,client_4e07408562,75.6,refresh_review,declining_review,25.6,3368,13,0.03
content_d84b94d40afd,client_d029fa3a95,75.6,refresh_priority_1,declining_page1_review,8.3,103,20,0.0
content_f563c3e6ea5d,client_f369cb89fc,75.6,refresh_review,declining_review,21.3,1375,20,0.0
content_d8d13d7c6b84,client_d029fa3a95,75.6,refresh_priority_1,declining_page1_review,6.6,452,8,0.22
content_895ea7bfb9e6,client_4e07408562,75.6,refresh_review,declining_review,21.0,817,13,0.0
content_b0bbe3291c4c,client_f369cb89fc,75.5,refresh_priority_1,declining_page1_review,7.3,106,20,0.0
content_939cc377166b,client_f369cb89fc,75.5,refresh_priority_1,declining_page1_review,5.3,156,20,0.0
content_d52d695d3120,client_d029fa3a95,75.5,refresh_priority_1,declining_page1_review,9.0,88,20,0.0
content_dd31a0de2a60,client_d029fa3a95,75.5,refresh_priority_1,declining_page1_review,6.9,99,8,0.0
content_478f26883850,client_d029fa3a95,75.5,refresh_priority_1,declining_page1_review,7.2,118,20,0.0
content_6d93bc61c73d,client_4e07408562,75.5,refresh_review,declining_review,11.5,870,7,0.0
content_a4b66fdf978a,client_d029fa3a95,75.5,refresh_priority_1,declining_page1_review,9.3,623,20,0.16
content_9bb66cc3e9d6,client_f369cb89fc,75.5,refresh_priority_1,declining_page1_review,6.3,6594,20,0.21
content_f69e3936c5ca,client_f369cb89fc,75.5,refresh_review,declining_review,19.9,2348,8,0.04
content_b95e23d40b5d,client_4e07408562,75.5,refresh_priority_1,declining_page1_review,10.0,3846,20,0.21
content_c0b4c660ccdb,client_8527a891e2,75.4,refresh_review,declining_review,14.8,2383,104,0.08
content_f902a3fb5173,client_d029fa3a95,75.4,refresh_priority_1,declining_page1_review,4.6,190,8,0.0
content_5389b95ffd26,client_d029fa3a95,75.4,refresh_priority_1,declining_page1_review,5.8,115,20,0.0
content_a5dbb404bdc2,client_f369cb89fc,75.4,refresh_priority_1,declining_page1_review,8.7,79035,106,0.07
content_60f00e06cf6b,client_d029fa3a95,75.4,refresh_priority_1,declining_page1_review,6.5,207,20,0.48
content_5ed1aa17875a,client_f369cb89fc,75.4,refresh_review,declining_review,12.2,557,20,0.36
content_97ac3ef99651,client_4e07408562,75.4,refresh_review,declining_review,15.2,1263,13,0.0
content_21b4100458d2,client_d029fa3a95,75.4,refresh_priority_1,declining_page1_review,8.9,103,20,0.0
content_da33a53074bd,client_4e07408562,75.4,refresh_priority_1,declining_page1_review,5.7,2678,104,0.04
content_b50209ec3c8f,client_4e07408562,75.3,refresh_review,declining_review,25.8,3273,13,0.06
content_15e922d2d8a0,client_4e07408562,75.3,refresh_review,declining_review,28.2,2927,13,0.0
content_a35048d91312,client_d029fa3a95,75.3,refresh_priority_1,declining_page1_review,7.8,90,20,0.0
content_182836721d18,client_8b940be7fb,75.3,refresh_priority_1,declining_page1_review,5.1,8348,20,0.72
content_e6d770fc39cd,client_d029fa3a95,75.3,refresh_priority_1,declining_page1_review,5.6,141,20,0.71
content_becd60f34423,client_d029fa3a95,75.3,refresh_priority_1,declining_page1_review,9.5,78,20,0.0
content_51985aaaf937,client_4e07408562,75.3,refresh_priority_1,declining_page1_review,3.9,475,104,0.0
content_3def2ad70050,client_f369cb89fc,75.3,refresh_priority_1,declining_page1_review,7.8,563,20,0.0
content_cb93b1c3c673,client_d029fa3a95,75.3,refresh_priority_1,declining_page1_review,8.2,130,20,0.0
content_0a429dd0c126,client_f369cb89fc,75.3,refresh_priority_1,declining_page1_review,6.2,1425,20,0.28
content_66a116641435,client_8b940be7fb,75.2,refresh_review,declining_review,21.0,874,20,0.57
content_ae3ec597b70f,client_d029fa3a95,75.2,refresh_review,declining_review,27.2,285,20,0.0
content_a7a65d30b371,client_4e07408562,75.2,refresh_priority_1,declining_page1_review,8.2,2654,13,0.15
content_fbbacf50108d,client_8527a891e2,75.2,refresh_priority_1,declining_page1_review,10.0,1130,92,0.09
content_78d46bee6efa,client_bdd2d3af3a,75.2,refresh_priority_1,declining_page1_review,8.9,316,20,0.0
content_91c02d2830b8,client_f369cb89fc,75.2,refresh_review,declining_review,19.4,720,20,0.0
content_3171371a75e6,client_4e07408562,75.2,refresh_review,declining_review,16.7,1181,7,0.0
content_500bd3907331,client_4e07408562,75.2,refresh_priority_1,declining_page1_review,5.5,4037,104,0.1
content_99e377add3ab,client_f369cb89fc,75.1,refresh_review,declining_review,16.0,1718,20,0.17
content_402ad93001ce,client_4e07408562,75.1,refresh_review,declining_review,15.1,1881,7,0.0
content_0af51f20a3da,client_d029fa3a95,75.1,refresh_priority_1,declining_page1_review,8.4,48,183,0.0
content_846bb4dd8b44,client_8527a891e2,75.1,refresh_review,declining_review,17.6,870,104,0.11
content_60fc8f959d20,client_f369cb89fc,75.1,refresh_review,declining_review,27.1,14064,20,0.06
content_7947d714b3b3,client_434c9b5ae5,75.1,refresh_review,declining_review,14.9,1007,89,0.0
content_e5cbbc8ed6b2,client_4e07408562,75.1,refresh_review,declining_review,12.3,7843,25,0.08
content_60bd44a91d5c,client_4e07408562,75.1,refresh_review,declining_review,14.8,1860,104,0.11
content_2e3f9c79caa5,client_d029fa3a95,75.1,refresh_priority_1,declining_page1_review,6.4,618,8,0.65
content_ccf99cdad6d1,client_8527a891e2,75.1,refresh_priority_1,declining_page1_review,8.9,1337,104,0.07
content_5b4f09067b32,client_f369cb89fc,75.1,refresh_priority_1,declining_page1_review,6.8,84,20,0.0
content_9e67fb86d1a0,client_f369cb89fc,75.0,refresh_priority_1,declining_page1_review,5.1,732,20,0.14
content_42580536fe7d,client_d029fa3a95,75.0,refresh_priority_1,declining_page1_review,1.6,582,20,0.34
content_b48ddf3e07e1,client_d029fa3a95,75.0,refresh_priority_1,declining_page1_review,8.2,82,20,0.0
content_6fa433d35a7b,client_d029fa3a95,75.0,refresh_priority_1,declining_page1_review,6.3,64,8,0.0
content_ecef382bc4ff,client_f369cb89fc,75.0,refresh_review,declining_review,19.9,461,106,0.0
content_800619815f32,client_8527a891e2,75.0,refresh_priority_1,declining_page1_review,8.4,658,104,0.15
content_854e2273836f,client_d029fa3a95,75.0,refresh_priority_1,declining_page1_review,7.8,211,8,0.47
content_6107c6f4cb28,client_d029fa3a95,75.0,refresh_priority_1,declining_page1_review,7.5,165,20,0.0
content_7c8916bd0e47,client_4e07408562,75.0,refresh_priority_1,declining_page1_review,9.3,2864,7,0.0
content_585bbd651cc4,client_d029fa3a95,75.0,refresh_review,declining_review,12.5,254,20,0.0
content_514a8f69a70e,client_f369cb89fc,75.0,refresh_priority_1,declining_page1_review,8.8,356,20,0.28
content_9ee495414eb6,client_d029fa3a95,75.0,refresh_priority_1,declining_page1_review,6.6,65,20,0.0
content_1a021e549b5d,client_4e07408562,75.0,refresh_review,declining_review,17.8,1797,13,0.11
content_52aac7617054,client_f369cb89fc,75.0,refresh_priority_1,declining_page1_review,3.4,152,20,0.66
content_537f0ba225a5,client_f369cb89fc,75.0,refresh_priority_1,declining_page1_review,4.6,1913,20,0.31
content_1e0605b35117,client_d029fa3a95,74.9,refresh_priority_1,declining_page1_review,8.8,258,20,0.0
content_f4e4a8ee9d37,client_8b940be7fb,74.9,refresh_priority_1,declining_page1_review,5.7,6157,20,0.78
content_db9707562907,client_434c9b5ae5,74.9,refresh_priority_1,declining_page1_review,7.1,66,89,0.0
content_69e07bfa6f0a,client_4e07408562,74.9,refresh_priority_1,declining_page1_review,8.7,4618,104,0.04
content_ec8b30d0dbdc,client_d029fa3a95,74.8,refresh_review,declining_review,11.6,145,20,0.0
content_8fb61b53cd3c,client_d029fa3a95,74.8,refresh_review,declining_review,12.8,246,20,0.41
content_13c0e1002a01,client_d029fa3a95,74.8,refresh_priority_1,declining_page1_review,7.4,196,20,0.51
content_c18c25a0088c,client_d029fa3a95,74.8,refresh_review,declining_review,11.4,366,8,0.0
content_cce5e5d3683e,client_f369cb89fc,74.8,refresh_priority_1,declining_page1_review,7.0,1813,20,0.22
content_e3ce3f8b5844,client_4e07408562,74.8,refresh_priority_1,declining_page1_review,2.2,858,104,0.12
content_26a67644a305,client_d029fa3a95,74.8,refresh_review,declining_review,10.9,316,20,0.0
content_515f11d36816,client_f369cb89fc,74.8,refresh_review,declining_review,18.2,384,20,0.0
content_53a574b8a7da,client_f369cb89fc,74.8,refresh_review,declining_review,36.0,1288,20,0.0
content_c5960f5ee86b,client_f369cb89fc,74.8,refresh_priority_1,declining_page1_review,4.7,292,20,0.0
content_eb58f272b967,client_f369cb89fc,74.7,refresh_priority_1,declining_page1_review,7.8,263,20,0.0
content_2230586bb0c4,client_4e07408562,74.7,refresh_priority_1,declining_page1_review,5.0,1135,104,0.09
content_35740b28d1ce,client_d029fa3a95,74.7,refresh_priority_1,declining_page1_review,8.1,62,8,0.0
content_663485f2517d,client_f369cb89fc,74.7,refresh_priority_1,declining_page1_review,7.5,1631,20,0.18
content_580d98a707e0,client_4e07408562,74.7,refresh_review,declining_review,41.7,8385,20,0.0
content_85cdc8c3c2f6,client_f369cb89fc,74.7,refresh_priority_1,declining_page1_review,5.4,340,20,0.29
content_2ba626fea4d6,client_8527a891e2,74.7,refresh_priority_1,declining_page1_review,7.2,360,104,0.0
content_9e6c26757e7b,client_4e07408562,74.7,refresh_priority_1,declining_page1_review,2.9,1135,104,0.0
content_23ecaf05bdf0,client_f369cb89fc,74.7,refresh_priority_1,declining_page1_review,8.0,200,20,0.0
content_75b14a17d0b0,client_f369cb89fc,74.7,refresh_review,declining_review,14.5,1348,20,0.22
content_34ad541ab004,client_f369cb89fc,74.7,refresh_review,declining_review,15.7,983,20,0.31
content_0eaa698e7b74,client_d029fa3a95,74.7,refresh_review,declining_review,11.2,233,20,0.0
content_42e227d89e1e,client_d029fa3a95,74.7,refresh_priority_1,declining_page1_review,7.9,155,8,0.0
content_05eb6ae85e0e,client_4e07408562,74.6,refresh_priority_1,declining_page1_review,4.2,416,104,0.24
content_8ede62882d0b,client_f369cb89fc,74.6,refresh_review,declining_review,14.3,556,20,0.0
content_654af3390d0d,client_d029fa3a95,74.6,refresh_priority_1,declining_page1_review,5.9,82,8,0.0
content_d5eab5842a02,client_f369cb89fc,74.6,refresh_priority_1,declining_page1_review,7.3,344,20,0.0
content_e5fd30b6e33b,client_f369cb89fc,74.6,refresh_priority_1,declining_page1_review,4.8,687,20,0.29
content_61ea7c0b8f47,client_d029fa3a95,74.6,refresh_priority_1,declining_page1_review,3.7,177,20,0.0
content_c94a53e3bfb8,client_f369cb89fc,74.6,refresh_priority_1,declining_page1_review,8.1,2164,20,0.23
content_6862d38c9b58,client_4e07408562,74.6,refresh_review,declining_review,17.0,452,104,0.0
content_bc09827ad055,client_f369cb89fc,74.6,refresh_priority_1,declining_page1_review,4.6,607,8,0.16
content_128e7339aeb8,client_4e07408562,74.6,refresh_priority_1,declining_page1_review,8.3,4844,7,0.02
content_de7b6e9dc165,client_8527a891e2,74.6,refresh_priority_1,declining_page1_review,5.3,1482,104,0.13
content_45b9a93821c5,client_d029fa3a95,74.6,refresh_review,declining_review,13.0,124,20,0.0
content_ad77c88d8536,client_d029fa3a95,74.6,refresh_review,declining_review,12.1,164,8,0.0
content_69a53434038e,client_d029fa3a95,74.6,refresh_priority_1,declining_page1_review,5.4,114,20,0.0
content_8a1fbaf0f871,client_4e07408562,74.6,refresh_priority_1,declining_page1_review,8.6,4963,7,0.0
content_e5b7ee456c43,client_434c9b5ae5,74.6,refresh_priority_1,declining_page1_review,6.9,2811,89,0.14
content_c7feeae9ce9b,client_4e07408562,74.6,refresh_review,declining_review,30.7,882,104,0.0
content_bf93018520e1,client_d029fa3a95,74.6,refresh_priority_1,declining_page1_review,5.6,491,20,0.2
content_2fa6a97a3c70,client_4e07408562,74.5,refresh_priority_1,declining_page1_review,4.7,459,104,0.0
content_685d3fea9361,client_8527a891e2,74.5,refresh_priority_1,declining_page1_review,9.3,134,104,0.0
content_64716cd1e961,client_4e07408562,74.5,refresh_review,declining_review,21.8,690,7,0.0
content_b8d27ed62eb3,client_d029fa3a95,74.5,refresh_priority_1,declining_page1_review,6.8,73,20,0.0
content_f394c41c3f85,client_d029fa3a95,74.5,refresh_priority_1,declining_page1_review,4.6,105,20,0.0
content_07f7cbf34eef,client_f369cb89fc,74.5,refresh_priority_1,declining_page1_review,3.4,4779,20,0.15
content_f4c08de09860,client_f369cb89fc,74.5,refresh_review,declining_review,11.1,1244,20,0.08
content_4045ddbabca1,client_4e07408562,74.4,refresh_review,declining_review,13.3,3429,14,0.03
content_da4897b98a89,client_d029fa3a95,74.4,refresh_priority_1,declining_page1_review,7.7,122,20,0.0
content_72f65ab80b1d,client_bdd2d3af3a,74.4,refresh_review,declining_review,10.4,197,8,0.0
content_05faa240bcc1,client_4e07408562,74.4,refresh_review,declining_review,25.0,1834,14,0.11
content_ee02ff1e2cfd,client_d029fa3a95,74.4,refresh_priority_1,declining_page1_review,5.5,236,8,0.42
content_4658b533f2a2,client_d029fa3a95,74.4,refresh_priority_1,declining_page1_review,7.4,84,20,0.0
content_3e6b543d97eb,client_d029fa3a95,74.4,refresh_priority_1,declining_page1_review,6.3,91,20,0.0
content_f24ad3e1c775,client_8527a891e2,74.4,refresh_review,declining_review,12.6,564,104,0.18
content_c18c914ed20c,client_4e07408562,74.4,refresh_review,declining_review,12.4,10822,25,0.03
content_9ce953f39431,client_d029fa3a95,74.4,refresh_priority_1,declining_page1_review,6.7,59,8,0.0
content_ec88e3074ed0,client_d029fa3a95,74.4,refresh_priority_1,declining_page1_review,5.6,141,20,0.0
content_02e42982f154,client_f369cb89fc,74.4,refresh_priority_1,declining_page1_review,9.8,258,20,0.0
content_9edc3c235345,client_8527a891e2,74.4,refresh_review,declining_review,15.4,848,104,0.12
content_4611bb5c7228,client_8527a891e2,74.4,refresh_priority_1,declining_page1_review,6.1,11198,104,0.07
content_15cb6f57162b,client_4e07408562,74.4,refresh_priority_1,declining_page1_review,8.3,1205,13,0.08
content_ab58ad627e6b,client_4e07408562,74.3,refresh_review,declining_review,29.7,3634,20,0.0
content_21ad4d626f29,client_d029fa3a95,74.3,refresh_priority_1,declining_page1_review,3.0,1308,20,0.15
content_7169c6e1701b,client_d029fa3a95,74.3,refresh_review,declining_review,18.6,775,20,0.13
content_b51992d6cbc2,client_f369cb89fc,74.3,refresh_priority_1,declining_page1_review,4.9,1578,20,0.32
content_d116df9a2fe0,client_f369cb89fc,74.3,refresh_review,declining_review,19.3,4872,20,0.12
content_386cf5b9f30d,client_d029fa3a95,74.3,refresh_review,declining_review,12.5,149,20,0.0
content_cb042a37f7d8,client_d029fa3a95,74.3,refresh_priority_1,declining_page1_review,7.2,65,20,0.0
content_b57917487e5a,client_d029fa3a95,74.2,refresh_priority_1,declining_page1_review,7.6,40,183,0.0
content_57cbd255c670,client_f369cb89fc,74.2,refresh_priority_1,declining_page1_review,6.1,322,20,0.0
content_4c40e33aa12d,client_f369cb89fc,74.2,refresh_review,declining_review,11.4,1098,20,0.09
content_27a9abf3684f,client_f369cb89fc,74.2,refresh_review,declining_review,17.8,2416,8,0.04
content_a988a5fb75c0,client_f369cb89fc,74.2,refresh_priority_1,declining_page1_review,3.2,791,20,0.51
content_1710d05573d1,client_d029fa3a95,74.1,refresh_priority_1,declining_page1_review,8.7,50,20,0.0
content_bdeb3f3d22b5,client_f369cb89fc,74.1,refresh_priority_1,declining_page1_review,6.5,1367,20,0.51
content_ce7cb7d2a1ff,client_d029fa3a95,74.1,refresh_priority_1,declining_page1_review,6.8,292,20,0.0
content_c5cdd229c348,client_4e07408562,74.1,refresh_review,declining_review,22.0,1531,14,0.0
content_db74537c5636,client_8527a891e2,74.1,refresh_review,declining_review,13.7,171,102,0.0
content_ff102de380d8,client_f369cb89fc,74.1,refresh_priority_1,declining_page1_review,4.3,149,20,0.0
content_07d062db2b51,client_f369cb89fc,74.1,refresh_priority_1,declining_page1_review,8.1,873,8,0.23
content_6ab7fd4c71af,client_4e07408562,74.1,refresh_review,declining_review,24.7,450,104,0.0
content_8d7c1d704b43,client_f369cb89fc,74.1,refresh_priority_1,declining_page1_review,3.1,153,20,0.0
content_20333b30ef06,client_4e07408562,74.1,refresh_priority_1,declining_page1_review,7.4,2356,13,0.13
content_0dbd6911ba04,client_d029fa3a95,74.1,refresh_priority_1,declining_page1_review,8.1,124,20,0.0
content_02e093500039,client_4e07408562,74.0,refresh_priority_1,declining_page1_review,3.4,423,104,0.0
content_760b931d5f22,client_f369cb89fc,74.0,refresh_review,declining_review,12.0,7982,8,0.2
content_8f6b2d2420ed,client_4e07408562,74.0,refresh_review,declining_review,12.9,495,13,0.0
content_05b68f8f80d4,client_4e07408562,74.0,refresh_priority_1,declining_page1_review,8.1,51351,25,0.07
content_f39de6940a20,client_d029fa3a95,74.0,refresh_priority_1,declining_page1_review,6.9,109,8,0.0
content_82532f1da01d,client_d029fa3a95,74.0,refresh_review,declining_review,27.1,422,20,0.24
content_fb5828d5d62f,client_f369cb89fc,74.0,refresh_priority_1,declining_page1_review,6.0,308,20,0.32
content_2387677713c3,client_f369cb89fc,74.0,refresh_priority_1,declining_page1_review,7.8,214,20,0.0
content_1cac2e47c58f,client_4e07408562,74.0,refresh_review,declining_review,21.4,945,13,0.0
content_baffc5401eda,client_4e07408562,73.9,refresh_review,declining_review,11.8,5382,25,0.04
content_529f37482797,client_4e07408562,73.9,refresh_priority_1,declining_page1_review,8.3,2160,7,0.14
content_82546ff63ded,client_4e07408562,73.9,refresh_review,declining_review,12.5,9061,25,0.06
content_bdf2f44cc22f,client_d029fa3a95,73.9,refresh_review,declining_review,20.0,283,20,0.0
content_9b7a283bd1c9,client_d029fa3a95,73.9,refresh_priority_1,declining_page1_review,6.6,44,183,0.0
content_6975e4ac086e,client_f369cb89fc,73.9,refresh_review,declining_review,19.9,696,20,0.14
content_ed65b2e130c6,client_f369cb89fc,73.9,refresh_priority_1,declining_page1_review,2.4,268,20,0.0
content_c8a3b125787c,client_d029fa3a95,73.9,refresh_review,declining_review,17.3,124,20,0.0
content_d7bef9e8f038,client_d029fa3a95,73.9,refresh_priority_1,declining_page1_review,7.3,96,20,0.0
content_b881321e4006,client_d029fa3a95,73.9,refresh_priority_1,declining_page1_review,7.7,68,20,0.0
content_64a57328c261,client_d029fa3a95,73.9,refresh_priority_1,declining_page1_review,9.0,91,20,0.0
content_72c8ef833176,client_d029fa3a95,73.9,refresh_priority_1,declining_page1_review,6.6,143,20,0.0
content_4b7a721bc15c,client_f369cb89fc,73.9,refresh_priority_1,declining_page1_review,6.8,258,20,0.0
content_a78a64d5caf8,client_4e07408562,73.8,refresh_priority_1,declining_page1_review,8.5,1527,7,0.2
content_56c2990d5abe,client_d029fa3a95,73.8,refresh_priority_1,declining_page1_review,7.0,92,20,0.0
content_179cf283f9f5,client_4e07408562,73.8,refresh_priority_1,declining_page1_review,7.6,370,104,0.0
content_0cd6f838fb56,client_d029fa3a95,73.8,refresh_priority_1,declining_page1_review,6.4,51,20,0.0
content_b07d3da0eadc,client_d029fa3a95,73.8,refresh_priority_1,declining_page1_review,9.3,139,20,0.0
content_4b68e598a53c,client_d029fa3a95,73.8,refresh_priority_1,declining_page1_review,5.5,132,20,0.0
content_cf85dc1bdaff,client_d029fa3a95,73.8,refresh_priority_1,declining_page1_review,7.8,118,20,0.0
content_9467ff7ac54c,client_4e07408562,73.8,refresh_priority_1,declining_page1_review,4.8,1279,7,0.08
content_459756cca996,client_f369cb89fc,73.8,refresh_priority_1,declining_page1_review,6.2,256,20,0.0
content_df32c8c5c2ce,client_f369cb89fc,73.8,refresh_review,declining_review,11.5,1549,8,0.13
content_e6b24e3d2e0c,client_f369cb89fc,73.8,refresh_review,declining_review,10.8,1339,20,0.3
content_ee8cfc1038a3,client_d029fa3a95,73.8,refresh_review,declining_review,11.0,97,20,0.0
content_0afe3d55f4dc,client_4e07408562,73.8,refresh_review,declining_review,12.2,2051,14,0.0
content_79d3fd3d584c,client_d029fa3a95,73.8,refresh_priority_1,declining_page1_review,4.9,61,20,0.0
content_9cc3144b2591,client_f369cb89fc,73.8,refresh_priority_1,declining_page1_review,6.2,23025,20,0.21
content_aeac86cce60d,client_f369cb89fc,73.7,refresh_review,declining_review,17.1,5001,8,0.08
content_f24f13fe26e1,client_d029fa3a95,73.7,refresh_priority_1,declining_page1_review,9.9,87,20,0.0
content_d2fa45539bb9,client_d029fa3a95,73.7,refresh_priority_1,declining_page1_review,10.0,128,20,0.0
content_7785035cca99,client_f369cb89fc,73.7,refresh_priority_1,declining_page1_review,4.7,222,20,0.0
content_57807d56e39d,client_f369cb89fc,73.7,refresh_review,declining_review,18.0,1119,20,0.27
content_dc57c1fc055e,client_4e07408562,73.7,refresh_review,declining_review,12.7,3481,13,0.06
content_cf296f912fb7,client_8527a891e2,73.7,refresh_review,declining_review,19.5,482,104,0.0
content_cde9fc17927f,client_4e07408562,73.7,refresh_review,declining_review,14.5,999,7,0.0
content_ae4793dcb1c5,client_d029fa3a95,73.7,refresh_priority_1,declining_page1_review,6.0,333,8,0.3
content_56d7248c0b43,client_d029fa3a95,73.7,refresh_review,declining_review,12.8,48,183,0.0
content_e073b1683880,client_f369cb89fc,73.7,refresh_priority_1,declining_page1_review,4.1,3100,20,0.16
content_ada4223c6942,client_d029fa3a95,73.7,refresh_review,declining_review,17.0,147,8,0.0
content_7b8b590e5aee,client_d029fa3a95,73.7,refresh_review,declining_review,14.0,144,20,0.0
content_f14d1dd58226,client_8527a891e2,73.7,refresh_review,declining_review,29.2,581,104,0.0
content_26d72e99775e,client_4e07408562,73.7,refresh_review,declining_review,15.6,1439,104,0.0
content_f2a9e5e1840d,client_4e07408562,73.7,refresh_priority_1,declining_page1_review,7.8,8402,20,0.14
content_df014c059b19,client_f369cb89fc,73.7,refresh_priority_1,declining_page1_review,3.6,743,20,0.27
content_b5e9e6453511,client_f369cb89fc,73.6,refresh_priority_1,declining_page1_review,6.1,157,20,0.0
content_86cac4ba4699,client_d029fa3a95,73.6,refresh_priority_1,declining_page1_review,8.9,104,20,0.0
content_e420ff479117,client_4e07408562,73.6,refresh_priority_1,declining_page1_review,5.5,21024,104,0.05
content_45b46c8ba551,client_d029fa3a95,73.6,refresh_priority_1,declining_page1_review,8.0,140,20,0.0
content_ef1f45c34441,client_4e07408562,73.6,refresh_priority_1,declining_page1_review,6.7,3371,13,0.21
content_d93380a7ba75,client_4e07408562,73.6,refresh_priority_1,declining_page1_review,7.1,1645,7,0.12
content_951b4e420191,client_f369cb89fc,73.6,refresh_priority_1,declining_page1_review,5.5,941,20,0.21
content_27d5a984e469,client_f369cb89fc,73.6,refresh_priority_1,declining_page1_review,1.0,65,20,0.0
content_d661e9eee4b6,client_d029fa3a95,73.6,refresh_review,declining_review,10.5,56,183,0.0
content_449bd374c824,client_4e07408562,73.6,refresh_priority_1,declining_page1_review,8.0,1837,7,0.11
content_ed35db35ef40,client_d029fa3a95,73.6,refresh_review,declining_review,17.4,203,20,0.0
content_509798594bbf,client_f369cb89fc,73.6,refresh_review,declining_review,10.9,241,20,0.0
content_7d81d9f7d639,client_4e07408562,73.6,refresh_review,declining_review,22.1,1030,13,0.0
content_074ba6ead17b,client_d029fa3a95,73.6,refresh_review,declining_review,48.0,533,183,0.0
content_80c661c29540,client_f369cb89fc,73.6,refresh_review,declining_review,13.9,896,8,0.11
content_bba155c5f227,client_4e07408562,73.5,refresh_priority_1,declining_page1_review,3.1,1613,104,0.06
content_ee65303146e4,client_d029fa3a95,73.5,refresh_priority_1,declining_page1_review,5.1,40,20,0.0
content_9ac61c04930e,client_8527a891e2,73.5,refresh_priority_1,declining_page1_review,5.6,1828,104,0.22
content_82bd3b63e2f8,client_4e07408562,73.5,refresh_review,declining_review,15.4,2045,13,0.0
content_3348fef1a464,client_8527a891e2,73.5,refresh_priority_1,declining_page1_review,6.4,480,104,0.21
content_9ed5f2efa247,client_d029fa3a95,73.5,refresh_priority_1,declining_page1_review,7.6,80,20,0.0
content_50644c465743,client_f369cb89fc,73.5,refresh_review,declining_review,24.0,805,20,0.0
content_800b1211cce9,client_d029fa3a95,73.5,refresh_priority_1,declining_page1_review,9.9,56,20,0.0
content_e05eae1d648a,client_f369cb89fc,73.5,refresh_review,declining_review,21.6,4122,20,0.12
content_cf01d88fa7e3,client_8527a891e2,73.4,refresh_priority_1,declining_page1_review,6.4,197,104,0.0
content_e57e3938bd35,client_d029fa3a95,73.4,refresh_priority_1,declining_page1_review,7.5,202,20,0.5
content_363341185eb0,client_4e07408562,73.4,refresh_review,declining_review,16.2,5848,20,0.02
content_24aafbba8fd5,client_f369cb89fc,73.4,refresh_review,declining_review,17.6,638,20,0.0
content_7e0ddb54d1d2,client_d029fa3a95,73.4,refresh_priority_1,declining_page1_review,8.5,267,20,0.37
content_1ac5bfdf2cda,client_f369cb89fc,73.4,refresh_priority_1,declining_page1_review,9.1,466,20,0.0
content_069575fac043,client_d029fa3a95,73.4,refresh_priority_1,declining_page1_review,9.0,88,8,0.0
content_e6c5d6fa7791,client_8527a891e2,73.4,refresh_review,declining_review,18.6,155,104,0.0
content_3fbab2102eb5,client_f369cb89fc,73.4,refresh_review,declining_review,11.3,718,20,0.28
content_0816b4288e05,client_4e07408562,73.4,refresh_priority_1,declining_page1_review,7.0,5429,7,0.07
content_5508a10bb608,client_f369cb89fc,73.4,refresh_priority_1,declining_page1_review,4.8,207,20,0.48
content_268910e38131,client_8527a891e2,73.4,refresh_priority_1,declining_page1_review,9.3,371,104,0.27
content_0eb3dcfb4fce,client_f369cb89fc,73.4,refresh_priority_1,declining_page1_review,5.3,429,20,0.23
content_d96b7987b7c0,client_f369cb89fc,73.4,refresh_priority_1,declining_page1_review,9.5,181,8,0.0
content_182d82aeca03,client_f369cb89fc,73.3,refresh_priority_1,declining_page1_review,5.7,1658,20,0.24
content_5a310d0bb418,client_f369cb89fc,73.3,refresh_review,declining_review,19.6,871,8,0.11
content_d13841c305d7,client_f369cb89fc,73.3,refresh_review,declining_review,53.4,2718,20,0.0
content_82a7786b2ffb,client_d029fa3a95,73.3,refresh_review,declining_review,26.5,208,20,0.0
content_47a93213b130,client_f369cb89fc,73.3,refresh_review,declining_review,21.1,190,8,0.0
content_5983f14e4266,client_4e07408562,73.3,refresh_review,declining_review,19.0,977,104,0.1
content_b430766c20c5,client_bdd2d3af3a,73.3,refresh_priority_1,declining_page1_review,6.5,183,8,0.0
content_77cef913977c,client_4e07408562,73.3,refresh_priority_1,declining_page1_review,5.5,9969,104,0.17
content_bd4243bfed1d,client_f369cb89fc,73.3,refresh_review,declining_review,10.2,446,20,0.22
content_ffac07ce1b68,client_d029fa3a95,73.3,refresh_priority_1,declining_page1_review,6.4,53,20,0.0
content_7abdb20a1cbe,client_d029fa3a95,73.3,refresh_review,declining_review,16.3,198,20,0.0
content_71efc27b02b3,client_4e07408562,73.2,refresh_priority_1,declining_page1_review,3.7,1521,104,0.39
content_ef660c33264c,client_d029fa3a95,73.2,refresh_priority_1,declining_page1_review,5.7,56,20,0.0
content_225dfb507f6c,client_f369cb89fc,73.2,refresh_priority_1,declining_page1_review,6.8,72,8,0.0
content_c256b122ab35,client_f369cb89fc,73.2,refresh_priority_1,declining_page1_review,7.5,221,20,0.45
content_d983fb4ec74f,client_8527a891e2,73.2,refresh_priority_1,declining_page1_review,0.5,98,104,0.0
content_9f3be5690b53,client_f369cb89fc,73.2,refresh_review,declining_review,12.6,2393,20,0.17
content_0919dd345d80,client_4e07408562,73.2,refresh_priority_1,declining_page1_review,7.0,119217,7,0.02
content_651f3931aac1,client_4e07408562,73.2,refresh_priority_1,declining_page1_review,4.1,7395,7,0.05
content_a5ee91129637,client_8527a891e2,73.2,refresh_review,declining_review,28.8,460,104,0.22
content_c1236dadfa71,client_4e07408562,73.2,refresh_priority_1,declining_page1_review,7.8,1786,7,0.22
content_3f330598d1a6,client_f369cb89fc,73.2,refresh_priority_1,declining_page1_review,5.1,320,20,0.31
content_392e98bd3720,client_4e07408562,73.2,refresh_priority_1,declining_page1_review,2.8,3254,7,0.09
content_0b5de68b61a2,client_f369cb89fc,73.2,refresh_priority_1,declining_page1_review,5.8,33187,20,0.1
content_8d3d36fb50bb,client_f369cb89fc,73.2,refresh_review,declining_review,31.0,2548,20,0.04
content_2f26cc677aad,client_8527a891e2,73.1,refresh_review,declining_review,29.2,527,92,0.0
content_2d02324d2b0c,client_f369cb89fc,73.1,refresh_priority_1,declining_page1_review,1.5,93,20,0.0
content_d81d8c631f61,client_f369cb89fc,73.1,refresh_priority_1,declining_page1_review,5.2,152,20,0.0
content_0e6dbc08d6ae,client_8527a891e2,73.1,refresh_review,declining_review,14.5,598,104,0.0
content_2eecc520da26,client_f369cb89fc,73.1,refresh_priority_1,declining_page1_review,4.3,120,20,0.0
content_b9b230d52cfa,client_4e07408562,73.1,refresh_review,declining_review,31.6,1078,104,0.0
content_80fe704ce57e,client_d029fa3a95,73.1,refresh_review,declining_review,25.1,985,20,0.0
content_80f3efc9498b,client_f369cb89fc,73.1,refresh_priority_1,declining_page1_review,7.9,644,20,0.31
content_4a57b073f66c,client_4e07408562,73.1,refresh_priority_1,declining_page1_review,2.9,7071,13,0.27
content_8c45c0cbe25e,client_f369cb89fc,73.1,refresh_priority_1,declining_page1_review,5.4,2771,20,0.14
content_c67c53614023,client_d029fa3a95,73.0,refresh_review,declining_review,14.4,93,20,0.0
content_8a4bb4df122a,client_d029fa3a95,73.0,refresh_priority_1,declining_page1_review,4.4,42,20,0.0
content_fb4884e34467,client_4e07408562,73.0,refresh_priority_1,declining_page1_review,1.5,580,104,0.0
content_774b7bb6f049,client_f369cb89fc,73.0,refresh_review,declining_review,35.4,1007,20,0.0
content_dbf1825d064f,client_d029fa3a95,73.0,refresh_review,declining_review,28.5,312,8,0.0
content_a4dc39c5f8f9,client_434c9b5ae5,73.0,refresh_priority_1,declining_page1_review,6.3,2901,20,0.03
content_7f02ea9e3edd,client_4e07408562,73.0,refresh_review,declining_review,17.1,1110,13,0.0
content_4b3eed2b845e,client_f369cb89fc,73.0,refresh_priority_1,declining_page1_review,4.8,364,20,0.27
content_042bc3077f90,client_d029fa3a95,73.0,refresh_priority_1,declining_page1_review,4.5,297,20,0.67
content_a1f14c675f81,client_4e07408562,73.0,refresh_review,declining_review,10.6,1790,13,0.0
content_41538bdb1b1e,client_bdd2d3af3a,73.0,refresh_priority_1,declining_page1_review,7.3,205,8,0.0
content_8fa784e567ac,client_f369cb89fc,73.0,refresh_review,declining_review,12.4,9921,8,0.14
content_21b12c78b5da,client_d029fa3a95,73.0,refresh_review,declining_review,10.6,69,8,0.0
content_cdd4562de67a,client_f369cb89fc,73.0,refresh_priority_1,declining_page1_review,4.5,11850,20,0.19
content_5e8d953f9c30,client_d029fa3a95,73.0,refresh_priority_1,declining_page1_review,7.3,518,20,0.19
content_4c545c8cd9aa,client_f369cb89fc,73.0,refresh_priority_1,declining_page1_review,5.1,135,20,0.0
content_95d32ff9e7ae,client_4e07408562,73.0,refresh_priority_1,declining_page1_review,6.8,836,104,0.24
content_c6c89218b516,client_4e07408562,73.0,refresh_priority_1,declining_page1_review,9.2,1276,13,0.08
content_1d5ec705cae6,client_434c9b5ae5,72.9,refresh_priority_1,declining_page1_review,6.0,1277,8,0.23
content_2e0a4b9890db,client_d029fa3a95,72.9,refresh_priority_1,declining_page1_review,7.7,69,20,0.0
content_af2e437c960f,client_d029fa3a95,72.9,refresh_priority_1,declining_page1_review,8.3,119,20,0.0
content_bcecc1a1c83c,client_f369cb89fc,72.9,refresh_priority_1,declining_page1_review,7.3,11914,20,0.23
content_b770da13569d,client_4e07408562,72.9,refresh_review,declining_review,13.0,1541,7,0.19
content_a7c7232f428c,client_f369cb89fc,72.9,refresh_priority_1,declining_page1_review,8.0,245,20,0.0
content_bb82ff64c917,client_8527a891e2,72.9,refresh_review,declining_review,25.3,594,104,0.0
content_aea979e1b10c,client_f369cb89fc,72.9,refresh_review,declining_review,21.9,1677,20,0.06
content_51c811e2afe9,client_d029fa3a95,72.9,refresh_priority_1,declining_page1_review,8.8,85,20,0.0
content_1dfe14d9ce3e,client_d029fa3a95,72.9,refresh_priority_1,declining_page1_review,7.3,511,20,0.39
content_e781d4b27fe0,client_f369cb89fc,72.8,refresh_priority_1,declining_page1_review,9.8,6518,8,0.21
content_8881aba1e852,client_f369cb89fc,72.8,refresh_priority_1,declining_page1_review,7.1,586,20,0.34
content_aca17a7cc165,client_f369cb89fc,72.8,refresh_priority_1,declining_page1_review,7.6,457,20,0.22
content_42329a1ee0c7,client_f369cb89fc,72.8,refresh_priority_1,declining_page1_review,5.2,260,20,0.0
content_25f7bcf2a206,client_f369cb89fc,72.8,refresh_review,declining_review,34.4,21890,20,0.1
content_0921985d4f41,client_f369cb89fc,72.8,refresh_priority_1,declining_page1_review,2.1,108,20,0.0
content_7d58c3076247,client_d029fa3a95,72.8,refresh_priority_1,declining_page1_review,7.8,21,183,0.0
content_a68032fd9bf5,client_f369cb89fc,72.8,refresh_priority_1,declining_page1_review,5.9,403,8,0.25
content_32906302c1ed,client_d029fa3a95,72.8,refresh_review,declining_review,13.1,1222,4,0.16
content_6fb7e84bfcbb,client_f369cb89fc,72.8,refresh_priority_1,declining_page1_review,5.3,64,8,0.0
content_2de2912ce657,client_f369cb89fc,72.8,refresh_review,declining_review,17.5,17885,20,0.07
content_2cb6de901e4b,client_d029fa3a95,72.8,refresh_priority_1,declining_page1_review,6.6,75,20,0.0
content_e1c02e161be4,client_f369cb89fc,72.8,refresh_review,declining_review,11.3,486,20,0.0
content_6a06cceeb86d,client_8527a891e2,72.8,refresh_review,declining_review,24.9,266,104,0.38
content_172a70b37b72,client_4e07408562,72.8,refresh_priority_1,declining_page1_review,9.7,696,13,0.0
content_ffc437abf31c,client_f369cb89fc,72.7,refresh_priority_1,declining_page1_review,5.9,2490,20,0.2
content_4af460eac501,client_8527a891e2,72.7,refresh_review,declining_review,13.8,509,20,0.0
content_8b6986ed5411,client_f369cb89fc,72.7,refresh_priority_1,declining_page1_review,5.3,8979,20,0.17
content_3bf35d43198c,client_d029fa3a95,72.7,refresh_priority_1,declining_page1_review,7.5,42,20,0.0
content_9da46b4fea6e,client_4e07408562,72.7,refresh_review,declining_review,14.6,1091,13,0.0
content_a6ca34ee4c5e,client_4e07408562,72.7,refresh_priority_1,declining_page1_review,8.3,224,104,0.0
content_fb872a887c75,client_4e07408562,72.7,refresh_priority_1,declining_page1_review,9.5,1505,13,0.13
content_32b5cefc57a7,client_f369cb89fc,72.7,refresh_priority_1,declining_page1_review,4.8,196,20,0.0
content_432ae13ba65c,client_d029fa3a95,72.7,refresh_priority_1,declining_page1_review,5.9,69,20,0.0
content_725525d8378b,client_f369cb89fc,72.7,refresh_priority_1,declining_page1_review,6.9,9757,20,0.19
content_4a01d23dba2d,client_4e07408562,72.7,refresh_review,declining_review,15.9,2348,14,0.0
content_f430b0144820,client_f369cb89fc,72.7,refresh_priority_1,declining_page1_review,5.0,240,20,0.0
content_b683aad86df3,client_bdd2d3af3a,72.7,refresh_priority_1,declining_page1_review,6.4,1466,8,0.27
content_a786b53fda3f,client_f369cb89fc,72.7,refresh_priority_1,declining_page1_review,1.6,83,20,0.0
content_3548657b4b4e,client_4e07408562,72.7,refresh_priority_1,declining_page1_review,8.8,8341,25,0.12
content_756881a4736b,client_4e07408562,72.6,refresh_priority_1,declining_page1_review,8.9,1122,104,0.0
content_585479f94fe1,client_f369cb89fc,72.6,refresh_review,declining_review,11.9,918,20,0.0
content_ac264a12ff18,client_d029fa3a95,72.6,refresh_review,declining_review,10.5,117,8,0.0
content_407e10a1874f,client_d029fa3a95,72.6,refresh_review,declining_review,29.3,332,20,0.3
content_cebd12c46707,client_f369cb89fc,72.6,refresh_priority_1,declining_page1_review,9.3,116,20,0.0
content_845548b95290,client_4e07408562,72.6,refresh_priority_1,declining_page1_review,5.4,3862,104,0.05
content_c60b0a4ba18f,client_f369cb89fc,72.6,refresh_priority_1,declining_page1_review,8.2,854,20,0.35
content_98c2d37fbc35,client_f369cb89fc,72.6,refresh_priority_1,declining_page1_review,8.3,7073,20,0.14
content_5ebe639dafce,client_f369cb89fc,72.6,refresh_review,declining_review,19.6,8979,20,0.17
content_c213697430c0,client_4e07408562,72.6,refresh_review,declining_review,11.7,1474,13,0.14
content_a01036de2874,client_d029fa3a95,72.6,refresh_review,declining_review,10.6,102,20,0.0
content_55eb8d467b55,client_d029fa3a95,72.6,refresh_priority_1,declining_page1_review,7.7,83,20,0.0
content_4894083c07f3,client_d029fa3a95,72.6,refresh_priority_1,declining_page1_review,9.6,106,20,0.0
content_7f865daeb446,client_d029fa3a95,72.5,refresh_priority_1,declining_page1_review,7.0,92,20,0.0
content_529a78e263c8,client_f369cb89fc,72.5,refresh_priority_1,declining_page1_review,8.4,641,20,0.16
content_2edb6f44e5d4,client_4e07408562,72.5,refresh_review,declining_review,20.2,957,13,0.0
content_2cf2b6554ad0,client_f369cb89fc,72.5,refresh_priority_1,declining_page1_review,7.8,184,20,0.0
content_48cc6894c726,client_f369cb89fc,72.5,refresh_review,declining_review,19.5,468,20,0.0
content_20ab9bcd058f,client_4e07408562,72.5,refresh_priority_1,declining_page1_review,9.5,2029,14,0.1
content_64af609a6bd6,client_f369cb89fc,72.5,refresh_priority_1,declining_page1_review,7.3,819,20,0.37
content_ddb55d79736a,client_f369cb89fc,72.5,refresh_priority_1,declining_page1_review,7.8,804,20,0.25
content_5f6999309bb5,client_f369cb89fc,72.5,refresh_priority_1,declining_page1_review,4.3,96,20,0.0
content_a1ca617f6847,client_d029fa3a95,72.5,refresh_review,declining_review,20.9,238,20,0.42
content_02cf55130e47,client_d029fa3a95,72.5,refresh_priority_1,declining_page1_review,6.9,90,8,0.0
content_da27e8e0c580,client_d029fa3a95,72.5,refresh_review,declining_review,11.8,103,20,0.0
content_cbb90faac06c,client_f369cb89fc,72.5,refresh_review,declining_review,14.0,6209,20,0.31
content_e7e5c7bd85a3,client_d029fa3a95,72.5,refresh_priority_1,declining_page1_review,7.3,79,20,0.0
content_722d8cd002d3,client_f369cb89fc,72.5,refresh_review,declining_review,13.9,1220,20,0.41
content_aec39ca4baa1,client_f369cb89fc,72.4,refresh_priority_1,declining_page1_review,5.0,125,20,0.0
content_15a9ca3ffd3e,client_f369cb89fc,72.4,refresh_priority_1,declining_page1_review,4.7,153,20,0.0
content_85bf6763d5c5,client_4e07408562,72.4,refresh_priority_1,declining_page1_review,10.0,573,104,0.0
content_554675403de2,client_434c9b5ae5,72.4,refresh_priority_1,declining_page1_review,6.8,370,89,0.54
content_16f5d5f1bb9b,client_d029fa3a95,72.4,refresh_priority_1,declining_page1_review,5.9,471,20,0.64
content_33b66ae561a7,client_4e07408562,72.4,refresh_priority_1,declining_page1_review,6.8,4428,7,0.05
content_724688762165,client_d029fa3a95,72.4,refresh_priority_1,declining_page1_review,7.7,230,20,0.0
content_3be0b85530cc,client_d029fa3a95,72.4,refresh_review,declining_review,10.4,111,20,0.0
content_9b723fbd3669,client_4e07408562,72.4,refresh_review,declining_review,11.4,1649,7,0.12
content_9ec4229181f6,client_4e07408562,72.4,refresh_priority_1,declining_page1_review,6.7,4315,13,0.14
content_8528e47028ed,client_4e07408562,72.4,refresh_review,declining_review,11.3,1986,14,0.1
content_9234f5075e7a,client_f369cb89fc,72.4,refresh_priority_1,declining_page1_review,5.7,1305,20,0.38
content_33b25855b6d9,client_4e07408562,72.3,refresh_review,declining_review,20.9,722,7,0.0
content_72d42cc22e2c,client_4e07408562,72.3,refresh_priority_1,declining_page1_review,4.4,3687,104,0.22
content_d64e126651f9,client_d029fa3a95,72.3,refresh_priority_1,declining_page1_review,7.6,380,20,0.26
content_d272557fb582,client_f369cb89fc,72.3,refresh_priority_1,declining_page1_review,6.1,169,20,0.0
content_bbb71bc9d167,client_f369cb89fc,72.3,refresh_priority_1,declining_page1_review,6.9,142,20,0.0
content_f5d25888aff9,client_8527a891e2,72.3,refresh_priority_1,declining_page1_review,8.4,1650,104,0.06
content_d10b8ea1be67,client_f369cb89fc,72.3,refresh_priority_1,declining_page1_review,5.2,247,20,0.0
content_f8b502de2f79,client_4e07408562,72.3,refresh_priority_1,declining_page1_review,8.6,2759,20,0.18
content_e489a56b1b9f,client_f369cb89fc,72.3,refresh_priority_1,declining_page1_review,7.0,682,20,0.29
content_baa90b7891b6,client_d029fa3a95,72.3,refresh_priority_1,declining_page1_review,10.0,80,20,0.0
content_5b8756caaf86,client_f369cb89fc,72.3,refresh_priority_1,declining_page1_review,4.1,6586,20,0.3
content_4dd9edd532eb,client_d029fa3a95,72.3,refresh_review,declining_review,12.1,308,20,0.32
content_a08589de571d,client_8527a891e2,72.2,refresh_review,declining_review,20.3,1927,104,0.16
content_3025cbd08dc0,client_d029fa3a95,72.2,refresh_priority_1,declining_page1_review,9.1,187,8,0.0
content_e8202f39fad7,client_4e07408562,72.2,refresh_review,declining_review,20.3,768,7,0.0
content_afa45e360781,client_f369cb89fc,72.2,refresh_priority_1,declining_page1_review,6.6,118,20,0.85
content_6d1c35c27ae1,client_8527a891e2,72.2,refresh_priority_1,declining_page1_review,7.2,153,104,0.0
content_2b902ae8c3a1,client_f369cb89fc,72.2,refresh_review,declining_review,20.9,268,8,0.0
content_96edab39e5fb,client_f369cb89fc,72.2,refresh_priority_1,declining_page1_review,8.0,179,20,0.0
content_35cfc6ab36a0,client_4e07408562,72.2,refresh_review,declining_review,26.7,1490,14,0.07
content_e4a89738d1b1,client_d029fa3a95,72.2,refresh_review,declining_review,10.7,60,20,0.0
content_311f7c91e190,client_8527a891e2,72.2,refresh_priority_1,declining_page1_review,7.4,418,104,0.0
content_db6b1352e51c,client_4e07408562,72.2,refresh_review,declining_review,14.6,1963,7,0.15
content_3a66c4cb0b7c,client_f369cb89fc,72.2,refresh_priority_1,declining_page1_review,6.9,34278,20,0.12
content_76f2da3eff85,client_4e07408562,72.2,refresh_review,declining_review,12.8,6089,25,0.1
content_3ac4ee4605dc,client_f369cb89fc,72.1,refresh_review,declining_review,11.7,292,20,0.34
content_b9f24b9a4aba,client_4e07408562,72.1,refresh_priority_1,declining_page1_review,9.6,5200,25,0.08
content_6455e78f389f,client_f369cb89fc,72.1,refresh_priority_1,declining_page1_review,3.7,31,20,0.0
content_306914716904,client_f369cb89fc,72.1,refresh_review,declining_review,15.5,10792,8,0.12
content_e567de46b47d,client_f369cb89fc,72.1,refresh_priority_1,declining_page1_review,9.9,151,20,0.0
content_9739b677eaa5,client_4e07408562,72.1,refresh_priority_1,declining_page1_review,5.3,1003,104,0.1
content_bf69fff510ad,client_f369cb89fc,72.1,refresh_priority_1,declining_page1_review,7.2,1038,8,0.19
content_f223bccd09b2,client_4e07408562,72.1,refresh_review,declining_review,10.1,2396,7,0.29
content_a58930bfa3d3,client_f369cb89fc,72.1,refresh_priority_1,declining_page1_review,7.7,2960,20,0.2
content_50a911ca4a35,client_f369cb89fc,72.1,refresh_priority_1,declining_page1_review,4.8,260,20,0.38
content_ce619d00628d,client_f369cb89fc,72.1,refresh_review,declining_review,13.4,4439,8,0.16
content_c745b79afd66,client_4e07408562,72.1,refresh_review,declining_review,12.0,4290,14,0.09
content_ead17e13e806,client_4e07408562,72.1,refresh_priority_1,declining_page1_review,8.3,485,13,0.0
content_71c43128de8e,client_4e07408562,72.1,refresh_review,declining_review,10.2,1892,7,0.16
content_97edd9d31897,client_4e07408562,72.0,refresh_priority_1,declining_page1_review,6.4,1458,7,0.07
content_50cd61b8e18d,client_4e07408562,72.0,refresh_review,declining_review,19.1,3799,14,0.05
content_9ff0419d067b,client_4e07408562,72.0,refresh_review,declining_review,15.2,2114,13,0.05
content_61503690505f,client_4e07408562,72.0,refresh_priority_1,declining_page1_review,7.3,20076,25,0.1
content_e7ad40523cbc,client_4e07408562,72.0,refresh_review,declining_review,16.5,718,7,0.0
content_1089c7c8b99b,client_4e07408562,72.0,refresh_review,declining_review,25.1,2691,13,0.0
content_ef634bab0226,client_f369cb89fc,72.0,refresh_priority_1,declining_page1_review,9.8,362,20,0.0
content_53419bfdba55,client_d029fa3a95,72.0,refresh_review,declining_review,12.4,509,20,0.2
content_3523f5fdc859,client_8527a891e2,72.0,refresh_priority_1,declining_page1_review,7.1,2436,104,0.08
content_b918aa98486b,client_4e07408562,72.0,refresh_priority_1,declining_page1_review,9.1,2330,7,0.13
content_9fd92f6c6a54,client_d029fa3a95,72.0,refresh_priority_1,declining_page1_review,7.4,137,8,0.0
content_6607847e4454,client_8527a891e2,72.0,refresh_priority_1,declining_page1_review,9.3,786,104,0.13
content_82800baa94be,client_bdd2d3af3a,72.0,refresh_review,declining_review,10.9,129,20,0.0
content_527d09d905c6,client_4e07408562,71.9,refresh_review,declining_review,10.6,4262,25,0.14
content_9f191320f383,client_f369cb89fc,71.9,refresh_priority_1,declining_page1_review,3.6,241,20,0.41
content_1aaca9eace27,client_d029fa3a95,71.9,refresh_review,declining_review,15.4,116,20,0.0
content_1c0f43cd9f52,client_d029fa3a95,71.9,refresh_priority_1,declining_page1_review,7.9,563,20,0.18
content_c60d521c8227,client_4e07408562,71.9,refresh_priority_1,declining_page1_review,3.6,4700,7,0.06
content_ba6b0284b1e0,client_4e07408562,71.9,refresh_priority_1,declining_page1_review,9.6,376,13,0.0
content_63eca8253329,client_4e07408562,71.9,refresh_review,declining_review,12.8,334,13,0.0
content_40b523f19b66,client_d029fa3a95,71.9,refresh_priority_1,declining_page1_review,8.0,64,8,0.0
content_127a10fafeb9,client_f369cb89fc,71.9,refresh_priority_1,declining_page1_review,6.8,277,20,0.0
content_65b155afed44,client_f369cb89fc,71.9,refresh_priority_1,declining_page1_review,4.8,53,20,0.0
content_e70c53facf62,client_8527a891e2,71.9,refresh_priority_1,declining_page1_review,8.2,7102,104,0.08
content_8b9d9d013337,client_4e07408562,71.9,refresh_review,declining_review,10.4,4235,7,0.02
content_cdd4dfeea367,client_f369cb89fc,71.9,refresh_priority_1,declining_page1_review,9.1,3110,20,0.13
content_6c2d24ecfd5d,client_d029fa3a95,71.9,refresh_priority_1,declining_page1_review,8.2,50,20,0.0
content_049c21f25031,client_8527a891e2,71.9,refresh_priority_1,declining_page1_review,6.4,57,104,0.0
content_b5971e071e05,client_d029fa3a95,71.9,refresh_priority_1,declining_page1_review,7.7,60,8,0.0
content_907688f36763,client_f369cb89fc,71.9,refresh_priority_1,declining_page1_review,4.8,11442,20,0.24
content_99fb3a5b96a6,client_4e07408562,71.8,refresh_review,declining_review,32.4,1763,7,0.06
content_714d862c87a1,client_f369cb89fc,71.8,refresh_priority_1,declining_page1_review,7.5,18795,20,0.15
content_3c770ef0121a,client_d029fa3a95,71.8,refresh_priority_1,declining_page1_review,6.9,268,183,0.75
content_18220f9d81da,client_d029fa3a95,71.8,refresh_review,declining_review,10.5,102,8,0.0
content_a755d2ee76e5,client_f369cb89fc,71.8,refresh_priority_1,declining_page1_review,7.8,187,20,0.0
content_c59a181ee3c0,client_4e07408562,71.8,refresh_priority_1,declining_page1_review,8.3,669,13,0.0
content_c85b669330ec,client_d029fa3a95,71.8,refresh_review,declining_review,12.3,235,20,0.43
content_864a936a3532,client_4e07408562,71.8,refresh_priority_1,declining_page1_review,8.5,637,7,0.0
content_e083498f34af,client_d029fa3a95,71.8,refresh_review,declining_review,10.4,78,20,0.0
content_cd9f33427d4e,client_d029fa3a95,71.8,refresh_priority_1,declining_page1_review,7.0,73,20,0.0
content_51818b6f2a4c,client_f369cb89fc,71.8,refresh_priority_1,declining_page1_review,5.4,168,20,0.0
content_054dada48c93,client_f369cb89fc,71.8,refresh_review,declining_review,20.4,13510,8,0.07
content_dd2be2fff168,client_f369cb89fc,71.8,refresh_review,declining_review,12.1,1490,20,0.6
content_81f853902b31,client_f369cb89fc,71.8,refresh_priority_1,declining_page1_review,3.9,334,20,0.3
content_ff0639dd4a83,client_d029fa3a95,71.8,refresh_priority_1,declining_page1_review,9.2,73,8,0.0
content_95b31d3b51a5,client_d029fa3a95,71.7,refresh_priority_1,declining_page1_review,9.2,140,20,0.0
content_875615513a2c,client_f369cb89fc,71.7,refresh_priority_1,declining_page1_review,3.8,644,20,0.16
content_4dd569ee33c9,client_8527a891e2,71.7,refresh_review,declining_review,14.8,361,20,0.0
content_08680a075d9f,client_8527a891e2,71.7,refresh_priority_1,declining_page1_review,9.6,40,92,0.0
content_2e591753e018,client_d029fa3a95,71.7,refresh_review,declining_review,25.1,394,20,0.25
content_82eb2468b701,client_d029fa3a95,71.7,refresh_priority_1,declining_page1_review,7.2,73,20,0.0
content_cd085ddf2ca0,client_d029fa3a95,71.7,refresh_priority_1,declining_page1_review,9.5,73,8,0.0
content_7c92e86bf407,client_4e07408562,71.7,refresh_review,declining_review,22.3,1139,13,0.0
content_09227e80fef5,client_8527a891e2,71.7,refresh_priority_1,declining_page1_review,8.1,51,92,0.0
content_ad92ece81563,client_4e07408562,71.7,refresh_priority_1,declining_page1_review,2.0,2219,7,0.14
content_20effcf8d892,client_d029fa3a95,71.7,refresh_priority_1,declining_page1_review,8.0,108,20,0.0
content_cadd7c74dff0,client_8527a891e2,71.7,refresh_review,declining_review,13.8,1177,104,0.08
content_99d0844356a5,client_8527a891e2,71.7,refresh_priority_1,declining_page1_review,7.7,187,20,0.0
content_358b2b10f5b6,client_4e07408562,71.7,refresh_priority_1,declining_page1_review,5.3,13083,20,0.21
content_9a2747af2adb,client_f369cb89fc,71.6,refresh_priority_1,declining_page1_review,3.9,123,8,0.0
content_0bcdcaf990cd,client_f369cb89fc,71.6,refresh_review,declining_review,34.2,598,20,0.0
content_c42c3746eeff,client_d029fa3a95,71.6,refresh_priority_1,declining_page1_review,7.4,88,20,1.14
content_e3258a34514b,client_4e07408562,71.6,refresh_review,declining_review,13.9,3267,13,0.09
content_31bd7e88b345,client_f369cb89fc,71.6,refresh_review,declining_review,25.8,645,20,0.16
content_27a228f76e45,client_f369cb89fc,71.6,refresh_priority_1,declining_page1_review,4.4,682,20,0.44
content_f1fa2456380b,client_f369cb89fc,71.6,refresh_priority_1,declining_page1_review,2.6,158,20,0.0
content_1ec9f9f698a6,client_f369cb89fc,71.6,refresh_priority_1,declining_page1_review,4.9,408,20,0.25
content_e6708d168e20,client_f369cb89fc,71.6,refresh_priority_1,declining_page1_review,4.2,170,8,0.59
content_dc2fd2c8b270,client_d029fa3a95,71.6,refresh_priority_1,declining_page1_review,5.7,8945,20,0.21
content_e978bc7251c0,client_d029fa3a95,71.6,refresh_priority_1,declining_page1_review,5.6,42,20,0.0
content_a9036825456f,client_d029fa3a95,71.6,refresh_priority_1,declining_page1_review,5.5,165,20,0.61
content_e1f31500af98,client_d029fa3a95,71.6,refresh_review,declining_review,10.6,125,20,0.0
content_607b68ae4a6f,client_f369cb89fc,71.5,refresh_priority_1,declining_page1_review,6.4,128,20,0.78
content_c9b9c9e939d1,client_f369cb89fc,71.5,refresh_priority_1,declining_page1_review,7.5,331,20,0.3
content_0cb19576d8f4,client_d029fa3a95,71.5,refresh_review,declining_review,11.6,81,20,0.0
content_c1fef945a63f,client_4e07408562,71.5,refresh_review,declining_review,13.4,3807,14,0.03
content_0a631257482b,client_f369cb89fc,71.5,refresh_priority_1,declining_page1_review,2.1,57,20,1.75
content_c2dfd56f7149,client_4e07408562,71.5,refresh_review,declining_review,22.4,976,104,0.0
content_378c5bf72157,client_d029fa3a95,71.5,refresh_review,declining_review,13.3,67,20,0.0
content_2eab8676deaf,client_4e07408562,71.5,refresh_review,declining_review,26.4,21288,25,0.01
content_7995b28bf42b,client_4e07408562,71.5,refresh_review,declining_review,17.6,5160,20,0.04
content_06954b8a7f8d,client_4e07408562,71.5,refresh_priority_1,declining_page1_review,7.7,958,7,0.31
content_a3ac8d6f1b59,client_d029fa3a95,71.4,refresh_priority_1,declining_page1_review,7.3,66,20,0.0
content_6bada6a81afb,client_f369cb89fc,71.4,refresh_review,declining_review,10.4,1431,8,0.28
content_461415b14c83,client_f369cb89fc,71.4,refresh_priority_1,declining_page1_review,4.2,125,8,0.0
content_d8052cfaf8a4,client_d029fa3a95,71.4,refresh_priority_1,declining_page1_review,7.8,480,20,0.0
content_9935b649795f,client_8527a891e2,71.4,refresh_priority_1,declining_page1_review,6.3,36,92,0.0
content_10cc6a7e6155,client_d029fa3a95,71.4,refresh_priority_1,declining_page1_review,5.0,32,8,0.0
content_38e6ba2b2d9a,client_4e07408562,71.4,refresh_review,declining_review,11.8,1806,7,0.11
content_69bc7f1d3570,client_f369cb89fc,71.4,refresh_priority_1,declining_page1_review,7.2,1120,20,0.18
content_982cccc7ce1d,client_4e07408562,71.4,refresh_review,declining_review,21.6,510,13,0.0
content_9ee9dadbd5d7,client_4e07408562,71.4,refresh_review,declining_review,11.3,4871,25,0.12
content_8875a1095ffb,client_d029fa3a95,71.3,refresh_review,declining_review,16.4,138,20,0.0
content_a68fc2b845ec,client_d029fa3a95,71.3,refresh_priority_1,declining_page1_review,9.0,48,8,0.0
content_d266e425a2f3,client_4e07408562,71.3,refresh_priority_1,declining_page1_review,5.8,6365,14,0.14
content_d5fd572a925f,client_f369cb89fc,71.3,refresh_priority_1,declining_page1_review,4.1,331,20,0.6
content_9d46a6de5e42,client_4e07408562,71.3,refresh_priority_1,declining_page1_review,2.3,511,104,0.2
content_78bc7e4b8a14,client_8527a891e2,71.3,refresh_priority_1,declining_page1_review,8.0,57,8,0.0
content_1da5699a918e,client_8b940be7fb,71.3,refresh_priority_1,declining_page1_review,5.3,8195,20,0.46
content_1938955b34c4,client_f369cb89fc,71.3,refresh_priority_1,declining_page1_review,2.9,184,20,0.0
content_2df8cc366c40,client_d029fa3a95,71.3,refresh_priority_1,declining_page1_review,8.9,35,20,0.0
content_bb1e1c86169b,client_d029fa3a95,71.3,refresh_priority_1,declining_page1_review,6.3,124,20,0.0
content_698fe3b450ac,client_8527a891e2,71.2,refresh_priority_1,declining_page1_review,7.6,273,104,0.37
content_8b08ec7fc725,client_8527a891e2,71.2,refresh_priority_1,declining_page1_review,7.3,61,103,0.0
content_bcc95460460e,client_4e07408562,71.2,refresh_priority_1,declining_page1_review,2.5,6315,104,0.35
content_a9179e974712,client_f369cb89fc,71.2,refresh_review,declining_review,18.0,384,20,0.0
content_57e4f4fdb677,client_f369cb89fc,71.2,refresh_review,declining_review,14.9,214,20,0.0
content_5589a28d0374,client_f369cb89fc,71.2,refresh_priority_1,declining_page1_review,3.3,61,20,0.0
content_f297a8c6b841,client_f369cb89fc,71.2,refresh_priority_1,declining_page1_review,5.6,116,20,0.86
content_d8513b981f2c,client_d029fa3a95,71.2,refresh_priority_1,declining_page1_review,5.4,53,20,0.0
content_6b91347ea965,client_4e07408562,71.2,refresh_review,declining_review,30.3,1194,13,0.0
content_2b074219d79d,client_bdd2d3af3a,71.2,refresh_priority_1,declining_page1_review,7.7,293,20,0.34
content_c09a11d9c224,client_4e07408562,71.2,refresh_review,declining_review,18.7,1840,13,0.11
content_c73e8fbd1cc5,client_d029fa3a95,71.2,refresh_priority_1,declining_page1_review,10.0,88,20,0.0
content_9beddb3e7ac7,client_d029fa3a95,71.2,refresh_priority_1,declining_page1_review,7.2,242,8,0.41
content_b2b48d24f7d0,client_4e07408562,71.2,refresh_review,declining_review,23.6,1009,7,0.0
content_33a9399fb0ae,client_f369cb89fc,71.2,refresh_priority_1,declining_page1_review,7.7,305,20,0.0
content_9090bbd63680,client_4e07408562,71.2,refresh_review,declining_review,33.4,767,104,0.0
content_f0fe0faf8d39,client_f369cb89fc,71.2,refresh_priority_1,declining_page1_review,7.2,816,20,0.12
content_fbf920bdfd52,client_4e07408562,71.2,refresh_review,declining_review,17.0,303,13,0.0
content_497be869d0cc,client_d029fa3a95,71.1,refresh_priority_1,declining_page1_review,6.9,110,20,0.0
content_834c9e3403ae,client_d029fa3a95,71.1,refresh_priority_1,declining_page1_review,7.5,55,20,0.0
content_6bbf794d735f,client_d029fa3a95,71.1,refresh_priority_1,declining_page1_review,5.8,63,20,0.0
content_0a34781126c5,client_d029fa3a95,71.1,refresh_priority_1,declining_page1_review,5.5,52,8,0.0
content_3395aba722a2,client_8527a891e2,71.1,refresh_review,declining_review,11.1,3320,102,0.09
content_8bd4d2afaee3,client_4e07408562,71.1,refresh_review,declining_review,14.4,308,13,0.0
content_c79bfcc07824,client_4e07408562,71.1,refresh_priority_1,declining_page1_review,9.4,1321,14,0.23
content_c5f79bf532f3,client_8527a891e2,71.1,refresh_priority_1,declining_page1_review,6.8,30,92,0.0
content_ce5fb58068f4,client_f369cb89fc,71.1,refresh_priority_1,declining_page1_review,3.5,103,20,0.0
content_8bccdf8eab1a,client_f369cb89fc,71.1,refresh_priority_1,declining_page1_review,6.3,392,20,0.26
content_b65fe2792b44,client_d029fa3a95,71.1,refresh_review,declining_review,16.7,371,183,0.54
content_a1fb4e703a9e,client_4e07408562,71.1,refresh_review,declining_review,20.3,15320,25,0.05
content_1086d8774344,client_d029fa3a95,71.0,refresh_priority_1,declining_page1_review,7.8,57,20,0.0
content_9241707d7e42,client_d029fa3a95,71.0,refresh_review,declining_review,49.3,317,20,0.32
content_d3746a58bb1d,client_d029fa3a95,71.0,refresh_review,declining_review,12.5,25,183,0.0
content_d5a7049e8dcd,client_4e07408562,71.0,refresh_review,declining_review,25.5,624,13,0.0
content_7182ce1ff27a,client_f369cb89fc,71.0,refresh_priority_1,declining_page1_review,4.9,163,20,0.61
content_cc1426618cb6,client_4e07408562,71.0,refresh_review,declining_review,12.1,1484,7,0.13
content_ce1f9e5f2424,client_4e07408562,71.0,refresh_priority_1,declining_page1_review,5.2,1115,7,0.0
content_75d0436e9f47,client_4e07408562,71.0,refresh_review,declining_review,19.2,1108,7,0.0
content_3c6474c3432f,client_d029fa3a95,71.0,refresh_priority_1,declining_page1_review,6.5,79,20,0.0
content_71d486ca9116,client_d029fa3a95,71.0,refresh_priority_1,declining_page1_review,5.7,60,20,0.0
content_7cd9b5db3ea1,client_f369cb89fc,71.0,refresh_priority_1,declining_page1_review,5.4,831,20,0.48
content_718fb4783096,client_d029fa3a95,70.9,refresh_priority_1,declining_page1_review,7.9,82,20,0.0
content_55f4fb4808c6,client_8527a891e2,70.9,refresh_priority_1,declining_page1_review,7.3,2618,104,0.23
content_440a8174f928,client_4e07408562,70.9,refresh_priority_1,declining_page1_review,6.9,349,13,0.29
content_8f523a52fa57,client_8527a891e2,70.9,refresh_review,declining_review,18.6,284,54,0.35
content_1e14ade1f5c3,client_f369cb89fc,70.9,refresh_priority_1,declining_page1_review,5.5,2568,20,0.23
content_967b5a07bd14,client_d029fa3a95,70.9,refresh_review,declining_review,10.1,78,20,0.0
content_1354d42382ec,client_d029fa3a95,70.9,refresh_priority_1,declining_page1_review,9.1,56,20,0.0
content_7ca01a22d3f9,client_4e07408562,70.9,refresh_priority_1,declining_page1_review,5.5,2902,7,0.07
content_6c1f062a1de8,client_f369cb89fc,70.9,refresh_priority_1,declining_page1_review,2.5,329,20,0.61
content_50b705edfd99,client_4e07408562,70.9,refresh_review,declining_review,30.2,677,104,0.0
content_225d4d660659,client_4e07408562,70.9,refresh_priority_1,declining_page1_review,8.7,1159,104,0.26
content_b7553fdf4ef1,client_8527a891e2,70.9,refresh_priority_1,declining_page1_review,7.0,46,98,0.0
content_2344ff1c73ab,client_d029fa3a95,70.9,refresh_priority_1,declining_page1_review,5.8,292,8,0.68
content_f91f3b36edee,client_f369cb89fc,70.9,refresh_priority_1,declining_page1_review,5.5,104,8,0.0
content_9a5b8476eb7b,client_f369cb89fc,70.9,refresh_priority_1,declining_page1_review,9.4,1805,106,0.33
content_fb9c5a3a9427,client_f369cb89fc,70.9,refresh_priority_1,declining_page1_review,5.4,148,8,0.68
content_58ff81fdb177,client_4e07408562,70.9,refresh_priority_1,declining_page1_review,8.7,1646,7,0.06
content_6e1632efb058,client_f369cb89fc,70.9,refresh_priority_1,declining_page1_review,4.9,253,20,0.0
content_e9ad1e9dfbb3,client_bdd2d3af3a,70.9,refresh_priority_1,declining_page1_review,6.7,670,20,0.45
content_8202c37e994f,client_4e07408562,70.9,refresh_review,declining_review,25.0,1208,13,0.0
content_b92a65abeeab,client_4e07408562,70.8,refresh_review,declining_review,42.1,18837,20,0.01
content_bb2159ee87a3,client_f369cb89fc,70.8,refresh_priority_1,declining_page1_review,5.2,95,20,0.0
content_8c16f25e81ce,client_f369cb89fc,70.8,refresh_review,declining_review,14.7,397,20,0.25
content_33a6f60938ab,client_8527a891e2,70.8,refresh_priority_1,declining_page1_review,6.7,1093,104,0.37
content_2dff72da8702,client_4e07408562,70.8,refresh_priority_1,declining_page1_review,5.2,2280,104,0.35
content_d6aed460eac6,client_f369cb89fc,70.8,refresh_priority_1,declining_page1_review,6.7,476,20,0.42
content_cc52287cb9c2,client_4e07408562,70.8,refresh_priority_1,declining_page1_review,6.8,10390,14,0.19
content_c64f5a5fee7d,client_d029fa3a95,70.8,refresh_review,declining_review,13.5,155,20,0.0
content_44dfdebda1e7,client_d029fa3a95,70.8,refresh_review,declining_review,20.0,144,20,0.0
content_8bf9c4807ad7,client_8527a891e2,70.8,refresh_review,declining_review,11.7,637,104,0.16
content_d03e59748526,client_4e07408562,70.8,refresh_review,declining_review,10.6,1118,13,0.09
content_b8a7d1626856,client_4e07408562,70.8,refresh_review,declining_review,22.7,1631,13,0.0
content_268547787415,client_f369cb89fc,70.8,refresh_priority_1,declining_page1_review,6.6,116,20,0.0
content_6f46e07fe3d9,client_4e07408562,70.8,refresh_priority_1,declining_page1_review,9.3,534,13,0.19
content_30577c46e262,client_4e07408562,70.8,refresh_review,declining_review,21.7,902,13,0.0
content_2869acd96e48,client_4e07408562,70.7,refresh_review,declining_review,12.3,354,104,0.0
content_38a1fdd6b0f6,client_4e07408562,70.7,refresh_priority_1,declining_page1_review,9.3,2615,13,0.04
content_2725d2bcfac1,client_4e07408562,70.7,refresh_priority_1,declining_page1_review,9.1,27348,104,0.02
content_e9225d7f8f18,client_4e07408562,70.7,refresh_priority_1,declining_page1_review,3.2,6233,14,0.21
content_c97ce8d47eef,client_f369cb89fc,70.7,refresh_priority_1,declining_page1_review,8.3,29836,20,0.07
content_9179ef0f9ba0,client_f369cb89fc,70.7,refresh_priority_1,declining_page1_review,8.2,298,20,0.0
content_e54f6d06e493,client_f369cb89fc,70.7,refresh_priority_1,declining_page1_review,8.0,515,20,0.19
content_5418abc60930,client_f369cb89fc,70.7,refresh_review,declining_review,10.1,795,20,0.13
content_8e22f0307847,client_d029fa3a95,70.7,refresh_review,declining_review,29.0,170,8,0.0
content_2a228ce7aa1b,client_8527a891e2,70.7,refresh_priority_1,declining_page1_review,7.5,155,92,0.0
content_fd93c477fff0,client_f369cb89fc,70.7,refresh_priority_1,declining_page1_review,6.6,1205,106,0.17
content_164eee6bf9c1,client_d029fa3a95,70.7,refresh_priority_1,declining_page1_review,5.8,20,183,0.0
content_4efd8774bea3,client_d029fa3a95,70.7,refresh_review,declining_review,10.2,69,20,0.0
content_6f9a9c5aa19f,client_4e07408562,70.7,refresh_priority_1,declining_page1_review,8.5,3218,14,0.19
content_f74702d8986f,client_f369cb89fc,70.7,refresh_priority_1,declining_page1_review,6.5,277,20,0.72
content_0cf9e335a07c,client_4e07408562,70.7,refresh_review,declining_review,23.5,1441,7,0.0
content_22ba8c872ab2,client_d029fa3a95,70.7,refresh_priority_1,declining_page1_review,9.1,24,183,0.0
content_292059c0400f,client_f369cb89fc,70.6,refresh_review,declining_review,11.6,271,20,0.0
content_fde6575ae7ec,client_d029fa3a95,70.6,refresh_review,declining_review,13.4,83,20,0.0
content_d55b83aff7c7,client_f369cb89fc,70.6,refresh_priority_1,declining_page1_review,6.8,54704,8,0.06
content_4f50102e1dcb,client_d029fa3a95,70.6,refresh_review,declining_review,15.7,130,20,0.0
content_d86c3f66d8be,client_d029fa3a95,70.6,refresh_priority_1,declining_page1_review,6.1,149,20,0.0
content_02141810795a,client_4e07408562,70.6,refresh_review,declining_review,16.3,1912,13,0.05
content_895e41f607af,client_f369cb89fc,70.6,refresh_priority_1,declining_page1_review,8.4,354,20,0.28
content_0935eb70bb37,client_d029fa3a95,70.6,refresh_priority_1,declining_page1_review,7.1,48,20,0.0
content_e15068147154,client_f369cb89fc,70.6,refresh_review,declining_review,15.2,1994,20,0.1
content_1b920d0039ba,client_f369cb89fc,70.6,refresh_priority_1,declining_page1_review,5.9,273,20,0.73
content_0e3323cce5c4,client_f369cb89fc,70.6,refresh_review,declining_review,16.9,433,20,0.23
content_6a5367976d99,client_f369cb89fc,70.6,refresh_priority_1,declining_page1_review,7.1,309,20,0.32
content_22133c6dfb5c,client_d029fa3a95,70.6,refresh_priority_1,declining_page1_review,7.4,198,20,0.0
content_b8479e32c3c1,client_d029fa3a95,70.5,refresh_priority_1,declining_page1_review,8.8,70,20,0.0
content_fd285d01fcef,client_f369cb89fc,70.5,refresh_priority_1,declining_page1_review,6.1,512,20,0.39
content_10a54e15750b,client_434c9b5ae5,70.5,refresh_priority_1,declining_page1_review,7.1,467,8,0.21
content_1607b5b7c909,client_bdd2d3af3a,70.5,refresh_priority_1,declining_page1_review,7.0,382,20,0.26
content_20ba5f5c60f7,client_f369cb89fc,70.5,refresh_priority_1,declining_page1_review,9.6,82,8,0.0
content_35548a435e63,client_4e07408562,70.5,refresh_review,declining_review,19.5,279,13,0.0
content_0c38972c44d6,client_4e07408562,70.5,refresh_priority_1,declining_page1_review,9.3,2103,13,0.1
content_0bdbd4bdafd6,client_f369cb89fc,70.5,refresh_priority_1,declining_page1_review,4.4,8628,20,0.17
content_ab7a3d0acf37,client_4e07408562,70.5,refresh_review,declining_review,11.8,1264,13,0.0
content_80958d1858a4,client_d029fa3a95,70.5,refresh_priority_1,declining_page1_review,7.5,329,8,0.0
content_c8300a2e0cfa,client_8527a891e2,70.5,refresh_priority_1,declining_page1_review,6.8,47,104,0.0
content_8c6ecdbc57d8,client_4e07408562,70.5,refresh_priority_1,declining_page1_review,9.1,945,13,0.21
content_7763d04703d0,client_434c9b5ae5,70.5,refresh_priority_1,declining_page1_review,6.0,246,8,0.81
content_af327fd6f760,client_8527a891e2,70.5,refresh_review,declining_review,14.4,226,104,0.0
content_78b6f55b4f70,client_4e07408562,70.5,refresh_priority_1,declining_page1_review,3.8,329,104,0.0
content_7207683d060b,client_4e07408562,70.5,refresh_review,declining_review,10.3,2566,13,0.08
content_3135ae17abcf,client_f369cb89fc,70.5,refresh_priority_1,declining_page1_review,7.5,577,20,0.35
content_481069f86108,client_8527a891e2,70.5,refresh_priority_1,declining_page1_review,8.1,3869,104,0.16
content_cd050ee10f95,client_434c9b5ae5,70.5,refresh_review,declining_review,14.8,713,8,0.0
content_36dd471dc460,client_8527a891e2,70.4,refresh_review,declining_review,13.0,91,104,0.0
content_ed680797b687,client_f369cb89fc,70.4,refresh_priority_1,declining_page1_review,9.5,565,20,0.18
content_cd0666cdd7ce,client_4e07408562,70.4,refresh_review,declining_review,16.7,742,13,0.0
content_983bb4d02103,client_f369cb89fc,70.4,refresh_priority_1,declining_page1_review,7.5,939,8,0.43
content_c4fc2f43eaa0,client_4e07408562,70.4,refresh_review,declining_review,16.6,794,13,0.13
content_fd15559290a1,client_f369cb89fc,70.4,refresh_priority_1,declining_page1_review,8.2,1154,20,0.35
content_ef6e7d7cfe15,client_8527a891e2,70.4,refresh_review,declining_review,22.2,264,104,0.0
content_092df0c6afc7,client_4e07408562,70.4,refresh_review,declining_review,11.4,4070,25,0.22
content_4a1694ef8899,client_4e07408562,70.4,refresh_priority_1,declining_page1_review,7.3,3874,7,0.18
content_5a8842185314,client_f369cb89fc,70.4,refresh_review,declining_review,12.1,197,20,0.0
content_e8be66dc64da,client_f369cb89fc,70.4,refresh_priority_1,declining_page1_review,4.6,138,20,0.0
content_1484a35d13ef,client_d029fa3a95,70.3,refresh_review,declining_review,28.9,215,20,0.0
content_5a6e508b7597,client_4e07408562,70.3,refresh_priority_1,declining_page1_review,3.8,9535,20,0.1
content_78ecdde1a864,client_f369cb89fc,70.3,refresh_priority_1,declining_page1_review,5.2,82,20,0.0
content_a7297348bbf7,client_d029fa3a95,70.3,refresh_review,declining_review,18.5,187,20,0.0
content_77c5ac2ae4c2,client_d029fa3a95,70.3,refresh_priority_1,declining_page1_review,6.7,148,8,0.0
content_914a6de7d899,client_4e07408562,70.3,refresh_priority_1,declining_page1_review,8.2,1658,13,0.12
content_ada6dc9b65c6,client_f369cb89fc,70.3,refresh_priority_1,declining_page1_review,9.1,839,20,0.48
content_a5f41d4af8c3,client_4e07408562,70.3,refresh_review,declining_review,10.8,624,13,0.0
content_696f7cd298e3,client_434c9b5ae5,70.3,refresh_priority_1,declining_page1_review,7.5,1375,89,0.29
content_138fb94b1faa,client_d029fa3a95,70.3,refresh_priority_1,declining_page1_review,4.6,39,8,0.0
content_3a380f6fba97,client_d029fa3a95,70.3,refresh_review,declining_review,15.9,93,20,0.0
content_edd947dc0774,client_4e07408562,70.3,refresh_review,declining_review,20.8,641,104,0.0
content_6202c6261f49,client_f369cb89fc,70.3,refresh_priority_1,declining_page1_review,2.3,12609,20,0.19
content_89b746cd8933,client_f369cb89fc,70.3,refresh_priority_1,declining_page1_review,3.8,544,8,0.74
content_1a47a3396608,client_8527a891e2,70.3,refresh_priority_1,declining_page1_review,6.8,3316,104,0.12
content_aa8d328ec62f,client_d029fa3a95,70.3,refresh_review,declining_review,13.0,155,8,0.0
content_2701f767cd38,client_d029fa3a95,70.3,refresh_priority_1,declining_page1_review,6.6,165,20,0.61
content_1f7ef289aa97,client_f369cb89fc,70.3,refresh_review,declining_review,16.0,11441,8,0.21
content_29f12ac3ad53,client_4e07408562,70.3,refresh_priority_1,declining_page1_review,9.6,1753,14,0.11
content_56c3ee623158,client_8527a891e2,70.3,refresh_review,declining_review,38.0,2146,104,0.09
content_ff9d27a58b7b,client_4e07408562,70.3,refresh_review,declining_review,11.5,505,104,0.0
content_79aa5aa9e4a7,client_4e07408562,70.3,refresh_priority_1,declining_page1_review,7.3,3244,13,0.22
content_1b8802e11084,client_d029fa3a95,70.3,refresh_review,declining_review,18.7,98,20,0.0
content_25d914894523,client_8527a891e2,70.3,refresh_review,declining_review,23.7,1203,104,0.17
content_5d4f1744b4ea,client_f369cb89fc,70.2,refresh_priority_1,declining_page1_review,7.0,6431,8,0.17
content_6d69230ca905,client_8b940be7fb,70.2,refresh_priority_1,declining_page1_review,4.3,19252,20,0.71
content_0ce4ee2846e7,client_4e07408562,70.2,refresh_review,declining_review,10.5,311,13,0.0
content_a52671f20358,client_f369cb89fc,70.2,refresh_review,declining_review,11.2,760,20,0.39
content_e3b3dbaf595b,client_f369cb89fc,70.2,refresh_priority_1,declining_page1_review,6.5,49,20,0.0
content_b4b29fc44835,client_d029fa3a95,70.2,refresh_review,declining_review,16.1,80,20,0.0
content_3a7f4f1c58ba,client_f369cb89fc,70.2,refresh_priority_1,declining_page1_review,9.1,365,20,0.27
content_b8c492350d06,client_f369cb89fc,70.2,refresh_priority_1,declining_page1_review,3.9,305,20,0.66
content_bdc3bb0fa949,client_d029fa3a95,70.2,refresh_priority_1,declining_page1_review,9.9,97,20,0.0
content_51c40ca43b1b,client_f369cb89fc,70.2,refresh_review,declining_review,13.2,379,20,0.0
content_76a83cc7b31b,client_8527a891e2,70.2,refresh_priority_1,declining_page1_review,7.8,162,104,0.0
content_c87291853cab,client_d029fa3a95,70.2,refresh_priority_1,declining_page1_review,8.2,112,20,0.0
content_103082600d8b,client_d029fa3a95,70.2,refresh_priority_1,declining_page1_review,7.2,180,20,0.56
content_909187e02d37,client_d029fa3a95,70.2,refresh_review,declining_review,18.1,131,20,0.0
content_6eabb52ac06e,client_d029fa3a95,70.2,refresh_priority_1,declining_page1_review,8.4,82,8,0.0
content_3e460b87cff0,client_4e07408562,70.1,refresh_review,declining_review,11.2,1543,14,0.13
content_9aad50bc4523,client_4e07408562,70.1,refresh_review,declining_review,27.2,2935,13,0.1
content_6557f2b648e8,client_d029fa3a95,70.1,refresh_priority_1,declining_page1_review,9.2,18,183,0.0
content_f064f51b3057,client_d029fa3a95,70.1,refresh_priority_1,declining_page1_review,5.6,35,20,0.0
content_c6cffac60462,client_8527a891e2,70.1,refresh_priority_1,declining_page1_review,4.6,39,104,0.0
content_793666136464,client_4e07408562,70.1,refresh_review,declining_review,11.0,1164,7,0.09
content_0a9276b27b32,client_f369cb89fc,70.1,refresh_priority_1,declining_page1_review,8.9,2669,20,0.3
content_d34c89fad803,client_d029fa3a95,70.1,refresh_review,declining_review,20.1,80,183,0.0
content_01a60328c48b,client_f369cb89fc,70.1,refresh_priority_1,declining_page1_review,7.2,12744,20,0.1
content_3d04c77b9c1b,client_d029fa3a95,70.1,refresh_priority_1,declining_page1_review,9.8,79,20,0.0
content_5996be77a50e,client_f369cb89fc,70.0,refresh_priority_1,declining_page1_review,2.2,135,8,0.0
content_36684976be1f,client_4e07408562,70.0,refresh_review,declining_review,44.3,9844,14,0.01
content_dd2e06be1af4,client_d029fa3a95,70.0,refresh_priority_1,declining_page1_review,7.6,32,183,0.0
content_4a59e1100e70,client_d029fa3a95,70.0,refresh_review,declining_review,27.0,279,20,0.0
content_864e30ed8784,client_4e07408562,70.0,refresh_priority_1,declining_page1_review,2.9,1206,7,0.08
content_805132378465,client_d029fa3a95,70.0,refresh_priority_1,declining_page1_review,6.7,65,20,0.0
content_0d092e19b2ef,client_d029fa3a95,70.0,refresh_priority_1,declining_page1_review,9.6,186,20,0.54
content_243715096698,client_f369cb89fc,70.0,refresh_priority_1,declining_page1_review,1.8,143,20,0.0
content_039787762f67,client_f369cb89fc,70.0,refresh_review,declining_review,10.9,172,20,0.0
content_46f8a1f6ee3b,client_d029fa3a95,70.0,refresh_priority_1,declining_page1_review,5.2,48,20,0.0
content_0f3d85f67d55,client_f369cb89fc,70.0,refresh_priority_1,declining_page1_review,5.5,61,20,0.0
content_6c4e879d335d,client_f369cb89fc,70.0,refresh_priority_1,declining_page1_review,3.7,113,20,0.0
content_7771506e04f5,client_d029fa3a95,70.0,refresh_priority_1,declining_page1_review,4.6,99,20,1.01
content_dac6074ec8c1,client_e629fa6598,70.0,refresh_review,declining_review,12.6,700,104,0.14
content_595dcb4d74d3,client_4e07408562,70.0,refresh_review,declining_review,10.1,6582,25,0.09
content_5af98c4db3f6,client_bdd2d3af3a,69.9,refresh_priority_1,declining_page1_review,6.7,706,20,1.13
content_b3a34837d536,client_e629fa6598,69.9,refresh_review,declining_review,20.5,492,20,0.0
content_b2402d83386a,client_8527a891e2,69.9,refresh_priority_1,declining_page1_review,8.3,174,20,0.0
content_215936bfb274,client_d029fa3a95,69.9,refresh_priority_1,declining_page1_review,5.9,39,20,0.0
content_9dbd12523260,client_f369cb89fc,69.9,refresh_priority_1,declining_page1_review,6.3,62,20,0.0
content_d19a64d89b4e,client_d029fa3a95,69.9,refresh_review,declining_review,12.4,135,8,0.0
content_94d39841847a,client_8527a891e2,69.9,refresh_priority_1,declining_page1_review,8.0,211,104,0.0
content_3437133c7ccf,client_4e07408562,69.9,refresh_priority_1,declining_page1_review,7.0,49256,7,0.09
content_1664ee5ccac8,client_f369cb89fc,69.9,refresh_priority_1,declining_page1_review,6.1,1010,20,0.3
content_1892fc1b06f2,client_f369cb89fc,69.9,refresh_priority_1,declining_page1_review,9.6,101,20,0.0
content_3408f65286e4,client_8527a891e2,69.8,refresh_priority_1,declining_page1_review,7.5,66,92,0.0
content_7eebdc3f5265,client_d029fa3a95,69.8,refresh_priority_1,declining_page1_review,9.3,94,20,0.0
content_1d9bd3bc0aa4,client_d029fa3a95,69.8,refresh_priority_1,declining_page1_review,8.3,65,8,0.0
content_0c00f16b658a,client_d029fa3a95,69.8,refresh_review,declining_review,13.4,3324,20,0.15
content_630136406522,client_4e07408562,69.8,refresh_priority_1,declining_page1_review,10.0,2168,13,0.23
content_3321074befbf,client_d029fa3a95,69.8,refresh_review,declining_review,30.6,503,20,0.2
content_2ce3c50db023,client_f369cb89fc,69.8,refresh_review,declining_review,35.7,411,8,0.0
content_f68bcc71c8f5,client_8527a891e2,69.8,refresh_review,declining_review,48.8,311,98,0.0
content_f5b35bbb42fc,client_4e07408562,69.8,refresh_review,declining_review,31.8,3171,13,0.03
content_eee936f70d76,client_4e07408562,69.8,refresh_review,declining_review,10.8,1963,7,0.1
content_1a8b085d3f40,client_f369cb89fc,69.8,refresh_priority_1,declining_page1_review,6.3,151,20,0.0
content_f1fdcd6732e2,client_f369cb89fc,69.8,refresh_priority_1,declining_page1_review,5.9,139,20,0.0
content_d5929e30149c,client_d029fa3a95,69.8,refresh_priority_1,declining_page1_review,9.6,66,20,0.0
content_e4ef2cbd84c9,client_4e07408562,69.8,refresh_review,declining_review,37.9,4554,13,0.02
content_6d0b62b434bb,client_4e07408562,69.8,refresh_priority_1,declining_page1_review,5.5,2286,7,0.13
content_b303d8f83f33,client_4e07408562,69.8,refresh_review,declining_review,12.1,1404,7,0.21
content_f562786a3f25,client_434c9b5ae5,69.8,refresh_priority_1,declining_page1_review,7.6,384,89,0.26
content_b8ba5925257a,client_4e07408562,69.8,refresh_priority_1,declining_page1_review,2.5,3885,7,0.1
content_2093c759ecad,client_d029fa3a95,69.8,refresh_priority_1,declining_page1_review,6.5,64,20,1.56
content_76b37fe07cc3,client_f369cb89fc,69.7,refresh_priority_1,declining_page1_review,1.9,74,20,0.0
content_97ecde118135,client_f369cb89fc,69.7,refresh_priority_1,declining_page1_review,0.4,23,20,0.0
content_e92d8f17e0bb,client_8527a891e2,69.7,refresh_review,declining_review,29.5,402,104,0.0
content_e49e368bdeb2,client_d029fa3a95,69.7,refresh_priority_1,declining_page1_review,7.0,118,20,0.0
content_7e1f78c66a44,client_8527a891e2,69.7,refresh_review,declining_review,47.3,1645,92,0.06
content_efbf824eed7c,client_d029fa3a95,69.7,refresh_priority_1,declining_page1_review,9.0,90,8,0.0
content_d7c940220907,client_d029fa3a95,69.7,refresh_review,declining_review,10.6,58,8,0.0
content_1c2a062b2721,client_f369cb89fc,69.7,refresh_review,declining_review,12.8,913,20,0.33
content_b567892082d8,client_d029fa3a95,69.7,refresh_priority_1,declining_page1_review,5.4,210,20,0.48
content_982916749e6d,client_f369cb89fc,69.7,refresh_priority_1,declining_page1_review,3.3,116,20,0.0
content_19b5cdbb6bad,client_d029fa3a95,69.7,refresh_priority_1,declining_page1_review,6.6,77,8,0.0
content_735fb136742e,client_4e07408562,69.7,refresh_review,declining_review,13.7,1359,7,0.15
content_377ac4e989ab,client_4e07408562,69.7,refresh_review,declining_review,33.6,2643,7,0.04
content_5fceaeaa11bf,client_8527a891e2,69.7,refresh_priority_1,declining_page1_review,10.0,880,104,0.11
content_85cef3cd023b,client_f369cb89fc,69.7,refresh_review,declining_review,41.3,888,20,0.0
content_403c76bb83b4,client_4e07408562,69.7,refresh_review,declining_review,12.7,1101,7,0.18
content_1520bae94c77,client_f369cb89fc,69.6,refresh_priority_1,declining_page1_review,2.4,109,20,0.0
content_01f41d718fd7,client_4e07408562,69.6,refresh_review,declining_review,14.0,1377,5,0.07
content_202424f97d35,client_f369cb89fc,69.6,refresh_priority_1,declining_page1_review,3.8,74,20,0.0
content_5161a9559cb2,client_434c9b5ae5,69.6,refresh_review,declining_review,19.3,313,20,0.0
content_ee2d5b08d99c,client_f369cb89fc,69.6,refresh_review,declining_review,11.2,86,20,0.0
content_d56f7f74c15c,client_f369cb89fc,69.6,refresh_priority_1,declining_page1_review,3.6,267,20,0.0
content_9c17ba2e07fb,client_d029fa3a95,69.6,refresh_priority_1,declining_page1_review,8.5,103,20,0.97
content_f64da6f9371a,client_4e07408562,69.6,refresh_review,declining_review,11.8,1233,7,0.08
content_6e072d6d506b,client_d029fa3a95,69.6,refresh_priority_1,declining_page1_review,9.2,198,20,0.51
content_8bacb003a1aa,client_f369cb89fc,69.6,refresh_priority_1,declining_page1_review,7.5,155,20,0.0
content_3ecbb0944cbf,client_d029fa3a95,69.6,refresh_review,declining_review,12.2,40,183,0.0
content_b75954d5fad0,client_d029fa3a95,69.6,refresh_priority_1,declining_page1_review,8.1,138,20,0.0
content_7fb66cd17356,client_8527a891e2,69.6,refresh_review,declining_review,14.0,870,104,0.11
content_63f1773376ce,client_d029fa3a95,69.6,refresh_review,declining_review,15.0,98,20,0.0
content_e960cb635370,client_f369cb89fc,69.6,refresh_priority_1,declining_page1_review,2.1,6591,20,0.36
content_b901bc19e171,client_d029fa3a95,69.5,refresh_priority_1,declining_page1_review,7.5,83,20,0.0
content_76eb3ea62ddb,client_d029fa3a95,69.5,refresh_review,declining_review,10.3,67,20,0.0
content_e3eb32991e4a,client_d029fa3a95,69.5,refresh_priority_1,declining_page1_review,7.0,219,20,0.46
content_baf492bc46f7,client_f369cb89fc,69.5,refresh_priority_1,declining_page1_review,8.2,93,20,0.0
content_ed698cff1b49,client_4e07408562,69.5,refresh_review,declining_review,13.9,390,13,0.0
content_3e6b7a62d22e,client_8b940be7fb,69.5,refresh_priority_1,declining_page1_review,4.1,4095,20,0.98
content_926cb9635b98,client_d029fa3a95,69.5,refresh_priority_1,declining_page1_review,6.7,44,20,0.0
content_0f86630d0269,client_d029fa3a95,69.5,refresh_priority_1,declining_page1_review,8.9,61,20,0.0
content_28dc7ce0cfbb,client_f369cb89fc,69.5,refresh_priority_1,declining_page1_review,4.6,1355,20,0.52
content_3767a02c47e7,client_d029fa3a95,69.5,refresh_priority_1,declining_page1_review,9.4,162,20,0.62
content_0d59691515de,client_4e07408562,69.4,refresh_review,declining_review,22.6,1761,7,0.0
content_6b296ae2c02f,client_4e07408562,69.4,refresh_review,declining_review,10.8,3792,13,0.13
content_85a2499ab9d7,client_d029fa3a95,69.4,refresh_review,declining_review,11.8,110,20,0.0
content_80e6b1b7b08e,client_d029fa3a95,69.4,refresh_priority_1,declining_page1_review,8.1,41,20,0.0
content_f73c677f90e7,client_d029fa3a95,69.4,refresh_priority_1,declining_page1_review,8.4,37,8,0.0
content_76c727fa77d3,client_4e07408562,69.4,refresh_priority_1,declining_page1_review,9.9,5295,25,0.11
content_97804a37420a,client_f369cb89fc,69.4,refresh_priority_1,declining_page1_review,2.5,125,20,0.0
content_e02294474a4c,client_f369cb89fc,69.4,refresh_priority_1,declining_page1_review,6.3,1040,20,0.19
content_054b2d512690,client_f369cb89fc,69.4,refresh_review,declining_review,13.2,599,20,0.0
content_77154073d2ff,client_f369cb89fc,69.4,refresh_priority_1,declining_page1_review,3.5,67,20,0.0
content_b80b0230d0a9,client_4e07408562,69.4,refresh_review,declining_review,10.1,9947,25,0.1
content_ab5e9e3a0a8f,client_f369cb89fc,69.4,refresh_review,declining_review,20.5,2720,20,0.29
content_60f028266daa,client_f369cb89fc,69.4,refresh_priority_1,declining_page1_review,7.3,42,88,0.0
content_56549ff59b51,client_f369cb89fc,69.4,refresh_priority_1,declining_page1_review,4.2,4862,20,0.29
content_256a6c212300,client_4e07408562,69.4,refresh_review,declining_review,18.3,1584,7,0.0
content_0c9e88b28d11,client_4e07408562,69.4,refresh_priority_1,declining_page1_review,9.5,849,104,0.0
content_f6c21596a9d7,client_f369cb89fc,69.4,refresh_priority_1,declining_page1_review,6.7,47,20,0.0
content_96dba8ca02c1,client_f369cb89fc,69.4,refresh_review,declining_review,14.6,138,8,0.0
content_df6bfdcee746,client_e629fa6598,69.4,refresh_priority_1,declining_page1_review,8.8,5041,22,0.04
content_f0afe92eb862,client_d029fa3a95,69.4,refresh_priority_1,declining_page1_review,7.4,64,20,0.0
content_b7ea439ef534,client_8b940be7fb,69.3,refresh_priority_1,declining_page1_review,5.4,7060,20,0.61
content_460b11dcac6a,client_d029fa3a95,69.3,refresh_priority_1,declining_page1_review,8.0,81,183,0.0
content_df307009311e,client_f369cb89fc,69.3,refresh_review,declining_review,13.1,2416,20,0.08
content_85a09b3e3147,client_8527a891e2,69.3,refresh_priority_1,declining_page1_review,6.4,116,92,0.0
content_f45c1431686e,client_f369cb89fc,69.3,refresh_review,declining_review,11.7,1598,20,0.25
content_a27d2d6f27c3,client_d029fa3a95,69.3,refresh_review,declining_review,15.4,136,20,0.0
content_572cf2566ada,client_8527a891e2,69.3,refresh_review,declining_review,11.5,56,104,0.0
content_5dffb6753f7d,client_4e07408562,69.3,refresh_review,declining_review,15.8,590,7,0.0
content_5774fce6a470,client_d029fa3a95,69.3,refresh_review,declining_review,10.2,68,8,0.0
content_abe60b93d50e,client_4e07408562,69.3,refresh_review,declining_review,16.8,773,13,0.0
content_e3f1b3d4d99a,client_f369cb89fc,69.3,refresh_review,declining_review,14.8,641,20,0.16
content_1763888c1a5b,client_4e07408562,69.3,refresh_priority_1,declining_page1_review,8.5,2074,13,0.05
content_079f12e2077e,client_f369cb89fc,69.3,refresh_priority_1,declining_page1_review,7.9,184,20,0.0
content_b02bb8123605,client_f369cb89fc,69.2,refresh_priority_1,declining_page1_review,5.9,299,20,0.33
content_bdedfb3df168,client_bdd2d3af3a,69.2,refresh_priority_1,declining_page1_review,6.3,243,20,0.82
content_378c51ef5313,client_f369cb89fc,69.2,refresh_priority_1,declining_page1_review,2.5,46,20,0.0
content_e498dc17dc04,client_8527a891e2,69.2,refresh_review,declining_review,13.2,1429,104,0.21
content_ead3bbc07ddd,client_d029fa3a95,69.2,refresh_priority_1,declining_page1_review,8.5,53,20,0.0
content_5a2c8f6bafa5,client_8527a891e2,69.2,refresh_priority_1,declining_page1_review,6.4,26,98,0.0
content_85eb9557d576,client_d029fa3a95,69.2,refresh_priority_1,declining_page1_review,7.6,150,20,0.0
content_4cac0f79a42b,client_d029fa3a95,69.2,refresh_priority_1,declining_page1_review,8.4,91,20,1.1
content_ced8288da781,client_bdd2d3af3a,69.2,refresh_priority_1,declining_page1_review,6.5,1589,20,0.31
content_ea1569d6257e,client_f369cb89fc,69.2,refresh_priority_1,declining_page1_review,4.0,282,20,0.71
content_864a2769ac81,client_f369cb89fc,69.2,refresh_priority_1,declining_page1_review,8.3,1500,20,0.67
content_f6e0aa532239,client_4e07408562,69.2,refresh_review,declining_review,18.5,1666,14,0.0
content_8f14317ab383,client_8527a891e2,69.2,refresh_review,declining_review,73.1,2781,92,0.0
content_413c72b76f79,client_f369cb89fc,69.2,refresh_priority_1,declining_page1_review,5.8,3662,20,0.3
content_1b7188b37ffc,client_8527a891e2,69.2,refresh_priority_1,declining_page1_review,9.4,28,92,0.0
content_f55c4e2464ad,client_f369cb89fc,69.2,refresh_review,declining_review,13.5,869,20,0.35
content_03452bf379ce,client_8527a891e2,69.2,refresh_priority_1,declining_page1_review,7.6,79,104,0.0
content_18637c3b0c98,client_d029fa3a95,69.1,refresh_review,declining_review,42.4,408,20,0.0
content_c8a7958c9068,client_d029fa3a95,69.1,refresh_priority_1,declining_page1_review,7.8,40,20,0.0
content_9efd1fabf7d5,client_4e07408562,69.1,refresh_review,declining_review,10.9,1200,13,0.08
content_023735e65055,client_4e07408562,69.1,refresh_review,declining_review,19.3,831,13,0.0
content_1cc2d0c15fc6,client_f369cb89fc,69.1,refresh_priority_1,declining_page1_review,8.1,108,20,0.0
content_424e10290449,client_d029fa3a95,69.1,refresh_review,declining_review,11.9,166,20,0.0
content_5c2233c2a820,client_d029fa3a95,69.1,refresh_review,declining_review,15.8,143,20,0.0
content_2ad1d9248424,client_4e07408562,69.1,refresh_review,declining_review,17.6,584,7,0.0
content_eb7015b56be9,client_4e07408562,69.1,refresh_priority_1,declining_page1_review,9.1,992,13,0.0
content_a928cb66d230,client_f369cb89fc,69.1,refresh_priority_1,declining_page1_review,4.2,128,20,0.0
content_7e3be2e230f5,client_4e07408562,69.1,refresh_review,declining_review,33.4,909,104,0.11
content_fefddc2e8a2d,client_d029fa3a95,69.1,refresh_review,declining_review,14.6,199,20,0.5
content_461917ed0e2b,client_f369cb89fc,69.1,refresh_priority_1,declining_page1_review,0.9,76,20,0.0
content_6b3e1ca20af7,client_f369cb89fc,69.1,refresh_priority_1,declining_page1_review,4.2,120,20,0.0
content_1a55846b84b3,client_d029fa3a95,69.0,refresh_review,declining_review,15.5,235,20,0.43
content_22ce386dda2c,client_4e07408562,69.0,refresh_priority_1,declining_page1_review,6.8,427,104,0.0
content_f3eea9f91fcd,client_f369cb89fc,69.0,refresh_review,declining_review,13.3,6599,20,0.2
content_dfc45d59cf17,client_d029fa3a95,69.0,refresh_review,declining_review,23.5,131,20,0.0
content_aa441e6a4172,client_d029fa3a95,69.0,refresh_review,declining_review,13.7,913,20,0.33
content_6af4169afba3,client_d029fa3a95,69.0,refresh_priority_1,declining_page1_review,6.1,63,20,0.0
content_4092ad6d1f71,client_4e07408562,69.0,refresh_priority_1,declining_page1_review,3.8,46786,7,0.07
content_580c8f4bdc55,client_f369cb89fc,69.0,refresh_priority_1,declining_page1_review,8.9,32659,20,0.17
content_d2436405f394,client_4e07408562,69.0,refresh_priority_1,declining_page1_review,7.0,1117,7,0.18
content_6e890a4cc9f9,client_f369cb89fc,69.0,refresh_review,declining_review,12.7,6633,8,0.11
content_8958ba0e63fc,client_f369cb89fc,69.0,refresh_review,declining_review,10.9,6281,20,0.1
content_8a8b6089b6da,client_4e07408562,69.0,refresh_priority_1,declining_page1_review,6.0,49356,14,0.1
content_fdf0cc8f39c7,client_d029fa3a95,69.0,refresh_priority_1,declining_page1_review,6.5,57,20,0.0
content_241d51cd233c,client_f369cb89fc,69.0,refresh_priority_1,declining_page1_review,5.8,43,20,0.0
content_28701661b544,client_d029fa3a95,69.0,refresh_priority_1,declining_page1_review,7.0,104,8,0.0
content_0ebdb5a3edeb,client_d029fa3a95,69.0,refresh_priority_1,declining_page1_review,8.7,67,20,0.0
content_73ee00dad7f8,client_f369cb89fc,68.9,refresh_review,declining_review,16.8,341,20,0.0
content_6aa2cc93f258,client_d029fa3a95,68.9,refresh_priority_1,declining_page1_review,6.6,85,8,0.0
content_6596b1355bab,client_4e07408562,68.9,refresh_review,declining_review,30.9,2833,104,0.21
content_d5fe8e70ce86,client_d029fa3a95,68.9,refresh_review,declining_review,21.5,41,183,0.0
content_e3055c8ca910,client_4e07408562,68.9,refresh_review,declining_review,23.8,1960,7,0.05
content_dd3e4df749a3,client_f369cb89fc,68.9,refresh_priority_1,declining_page1_review,2.1,34,20,0.0
content_59c260251c82,client_4e07408562,68.9,refresh_review,declining_review,34.9,8795,20,0.02
content_8d8538e7cbbf,client_4e07408562,68.9,refresh_priority_1,declining_page1_review,7.2,598,7,0.17
content_f783272376bf,client_4e07408562,68.9,refresh_review,declining_review,11.8,2549,7,0.12
content_9ce4d5efdd4b,client_d029fa3a95,68.9,refresh_review,declining_review,24.6,107,20,0.0
content_d1f3eb45593b,client_4e07408562,68.9,refresh_review,declining_review,34.1,5894,104,0.02
content_ca8eb8fdc6fa,client_f369cb89fc,68.9,refresh_priority_1,declining_page1_review,6.7,64,8,0.0
content_0cb3ff1535cc,client_f369cb89fc,68.9,refresh_review,declining_review,21.2,1239,20,0.16
content_8ef5d43bb725,client_f369cb89fc,68.9,refresh_priority_1,declining_page1_review,5.4,182,20,0.55
content_429bcfe171c3,client_f369cb89fc,68.9,refresh_priority_1,declining_page1_review,4.0,80,20,0.0
content_3cd58a4a2731,client_8527a891e2,68.9,refresh_review,declining_review,39.1,2004,104,0.0
content_8573511e9f28,client_4e07408562,68.8,refresh_review,declining_review,38.7,2358,104,0.04
content_4e8fa9dda799,client_4e07408562,68.8,refresh_review,declining_review,33.8,650,104,0.0
content_ada7dbd198ce,client_f369cb89fc,68.8,refresh_priority_1,declining_page1_review,7.8,416,20,0.48
content_d2401f998575,client_4e07408562,68.8,refresh_priority_1,declining_page1_review,5.1,7339,13,0.27
content_a537d99944b8,client_8527a891e2,68.8,refresh_review,declining_review,22.2,224,104,0.0
content_42fbeef4da29,client_f369cb89fc,68.8,refresh_review,declining_review,14.8,149,20,0.0
content_238cdd85cbc9,client_f369cb89fc,68.8,refresh_priority_1,declining_page1_review,5.9,126,20,0.0
content_bcdc38cb4fc0,client_f369cb89fc,68.8,refresh_priority_1,declining_page1_review,7.0,79,20,0.0
content_4221cd0e0176,client_4e07408562,68.8,refresh_review,declining_review,10.2,488,13,0.2
content_b1bc831deff1,client_4e07408562,68.8,refresh_review,declining_review,12.1,11744,25,0.03
content_8a4d7cdd054e,client_d029fa3a95,68.8,refresh_priority_1,declining_page1_review,7.6,134,20,0.75
content_ea1fdec27b19,client_f369cb89fc,68.7,refresh_priority_1,declining_page1_review,4.5,546,20,0.73
content_34d828937b47,client_8527a891e2,68.7,refresh_priority_1,declining_page1_review,7.8,44,104,0.0
content_7fcc5d4ca571,client_f369cb89fc,68.7,refresh_priority_1,declining_page1_review,4.3,415,20,0.48
content_5cb45407a375,client_f369cb89fc,68.7,refresh_priority_1,declining_page1_review,8.2,804,20,0.62
content_eb299374f25e,client_e629fa6598,68.7,refresh_review,declining_review,13.6,307,104,0.0
content_a2d42ee7ea97,client_4e07408562,68.7,refresh_review,declining_review,13.5,1045,7,0.1
content_b53fc679e367,client_4e07408562,68.7,refresh_priority_1,declining_page1_review,6.9,2696,104,0.22
content_d2f02c272585,client_4e07408562,68.6,refresh_review,declining_review,10.4,1548,13,0.13
content_093db3119b96,client_8527a891e2,68.6,refresh_priority_1,declining_page1_review,8.7,32,92,0.0
content_cd27391ecd03,client_d029fa3a95,68.6,refresh_priority_1,declining_page1_review,7.1,30,183,0.0
content_aeb3c0da92cc,client_8527a891e2,68.6,refresh_review,declining_review,11.2,329,104,0.3
content_86b83f6c2463,client_d029fa3a95,68.6,refresh_review,declining_review,14.1,2089,20,0.14
content_660e169743eb,client_d029fa3a95,68.6,refresh_priority_1,declining_page1_review,8.2,42,20,0.0
content_c89fa662f881,client_f369cb89fc,68.6,refresh_priority_1,declining_page1_review,5.8,290,20,0.34
content_68c60a712a93,client_f369cb89fc,68.6,refresh_priority_1,declining_page1_review,5.7,7125,20,0.29
content_55f5054a6267,client_4e07408562,68.6,refresh_review,declining_review,23.3,492,13,0.0
content_cb99c825e293,client_4e07408562,68.6,refresh_priority_1,declining_page1_review,8.1,2360,14,0.21
content_dbaec841d4cf,client_4e07408562,68.6,refresh_priority_1,declining_page1_review,8.2,1719,13,0.35
content_9acc17100873,client_d029fa3a95,68.5,refresh_review,declining_review,10.2,64,20,0.0
content_d4d39a028c6b,client_d029fa3a95,68.5,refresh_review,declining_review,16.3,886,20,0.23
content_5d935a36c301,client_4e07408562,68.5,refresh_review,declining_review,13.5,7461,25,0.09
content_d190176a9a74,client_f369cb89fc,68.5,refresh_priority_1,declining_page1_review,6.6,74,20,0.0
content_d7827558d408,client_4e07408562,68.5,refresh_review,declining_review,16.6,656,104,0.0
content_10f40939e637,client_4e07408562,68.5,refresh_review,declining_review,13.8,708,13,0.14
content_ea03fc0ede4f,client_4e07408562,68.5,refresh_review,declining_review,11.6,2397,14,0.08
content_d80db987509f,client_4e07408562,68.5,refresh_review,declining_review,16.4,283,13,0.0
content_ec4f8dfc4583,client_d029fa3a95,68.5,refresh_priority_1,declining_page1_review,5.6,200,20,1.0
content_e1e94a14bf22,client_f369cb89fc,68.5,refresh_review,declining_review,22.7,598,20,0.17
content_46981ba87f01,client_d029fa3a95,68.5,refresh_priority_1,declining_page1_review,8.4,97,20,0.0
content_3787d07e1b9a,client_f369cb89fc,68.5,refresh_priority_1,declining_page1_review,4.4,86,20,0.0
content_6aa31bd1dc5e,client_f369cb89fc,68.4,refresh_priority_1,declining_page1_review,5.4,1044,20,0.57
content_81f55b12ea51,client_f369cb89fc,68.4,refresh_review,declining_review,20.5,786,20,0.38
content_41eb625c4aca,client_434c9b5ae5,68.4,refresh_review,declining_review,13.2,468,89,0.21
content_ab5c80e503da,client_4e07408562,68.4,refresh_priority_1,declining_page1_review,5.8,447,104,0.22
content_a14519f42a3e,client_f369cb89fc,68.4,refresh_priority_1,declining_page1_review,5.6,58,20,0.0
content_594333a314f6,client_4e07408562,68.4,refresh_priority_1,declining_page1_review,1.6,1900,7,0.16
content_a6ebdcfbd723,client_d029fa3a95,68.4,refresh_review,declining_review,16.4,56,20,0.0
content_ecbaa580fb86,client_434c9b5ae5,68.4,refresh_review,declining_review,11.3,413,8,0.24
content_d81093249cd6,client_f369cb89fc,68.4,refresh_review,declining_review,26.9,824,20,0.0
content_39e637a9cd2b,client_f369cb89fc,68.4,refresh_priority_1,declining_page1_review,9.6,48,20,0.0
content_af93cd2b52fb,client_f369cb89fc,68.4,refresh_priority_1,declining_page1_review,6.9,185,20,0.54
content_ee6818d43583,client_f369cb89fc,68.4,refresh_review,declining_review,10.5,4538,20,0.18
content_5004abcf4b61,client_f369cb89fc,68.4,refresh_priority_1,declining_page1_review,8.7,113,20,0.0
content_dffa1222ed82,client_d029fa3a95,68.4,refresh_priority_1,declining_page1_review,9.4,57,20,0.0
content_1eae360e0c08,client_d029fa3a95,68.4,refresh_priority_1,declining_page1_review,6.4,1017,20,0.39
content_19b8db713236,client_4e07408562,68.4,refresh_review,declining_review,19.1,1710,7,0.0
content_f45787e64ac2,client_4e07408562,68.4,refresh_priority_1,declining_page1_review,5.2,291,104,0.34
content_34ac718715e7,client_f369cb89fc,68.4,refresh_priority_1,declining_page1_review,7.0,301,20,0.0
content_13f239ae855d,client_f369cb89fc,68.4,refresh_priority_1,declining_page1_review,7.8,74,8,0.0
content_ec9b8e7a0da6,client_4e07408562,68.4,refresh_priority_1,declining_page1_review,4.6,369,104,0.0
content_d73c27ee5e68,client_4e07408562,68.4,refresh_priority_1,declining_page1_review,9.1,5230,14,0.06
content_7448304bec7f,client_8b940be7fb,68.3,refresh_priority_1,declining_page1_review,5.5,30002,7,0.41
content_75f1b23268f3,client_d029fa3a95,68.3,refresh_review,declining_review,41.3,368,8,0.0
content_c148e44db30d,client_8527a891e2,68.3,refresh_review,declining_review,31.3,335,104,0.0
content_0173fb0dc986,client_d029fa3a95,68.3,refresh_review,declining_review,23.0,48,183,0.0
content_1eb51bddfbde,client_8527a891e2,68.3,refresh_review,declining_review,51.7,1559,104,0.0
content_e614e9244364,client_4e07408562,68.3,refresh_priority_1,declining_page1_review,8.1,2659,13,0.19
content_8cdc2f715b3d,client_d029fa3a95,68.2,refresh_priority_1,declining_page1_review,6.2,67,20,1.49
content_d56d7775f18f,client_f369cb89fc,68.2,refresh_priority_1,declining_page1_review,8.7,287,20,0.35
content_d46d85035ad2,client_4e07408562,68.2,refresh_review,declining_review,10.6,2523,7,0.16
content_188060555694,client_f369cb89fc,68.2,refresh_priority_1,declining_page1_review,4.5,89,20,0.0
content_87fa79bb8ec0,client_f369cb89fc,68.2,refresh_priority_1,declining_page1_review,9.0,1597,20,0.75
content_17a540c99ba9,client_f369cb89fc,68.2,refresh_priority_1,declining_page1_review,9.2,214,8,0.0
content_f28770298f6d,client_d029fa3a95,68.2,refresh_priority_1,declining_page1_review,8.9,11,183,0.0
content_31c056ce910d,client_f369cb89fc,68.2,refresh_review,declining_review,17.6,1869,8,0.16
content_c0055c33c130,client_f369cb89fc,68.2,refresh_priority_1,declining_page1_review,4.3,230,20,0.87
content_8179b32b194b,client_4e07408562,68.2,refresh_review,declining_review,37.3,1211,104,0.0
content_8b9d2f4109de,client_4e07408562,68.2,refresh_priority_1,declining_page1_review,5.0,1941,7,0.21
content_a351be29f266,client_8527a891e2,68.2,refresh_review,declining_review,13.9,197,104,0.0
content_dc2d89eb23d3,client_8527a891e2,68.1,refresh_review,declining_review,31.0,483,104,0.0
content_6ee43d307ca9,client_f369cb89fc,68.1,refresh_review,declining_review,27.0,291,20,0.0
content_b864eec9cf0b,client_d029fa3a95,68.1,refresh_priority_1,declining_page1_review,7.2,78,8,0.0
content_fda1eff38425,client_f369cb89fc,68.1,refresh_priority_1,declining_page1_review,7.5,83,20,0.0
content_67cd4cdaeb45,client_d029fa3a95,68.1,refresh_priority_1,declining_page1_review,7.7,107,8,0.0
content_6173e5a6612e,client_d029fa3a95,68.1,refresh_review,declining_review,19.4,160,20,0.63
content_834cd45eb088,client_d029fa3a95,68.1,refresh_review,declining_review,22.6,175,20,0.0
content_d8bd68dc086f,client_f369cb89fc,68.1,refresh_priority_1,declining_page1_review,7.4,2920,20,0.27
content_41fff7a1aa8c,client_f369cb89fc,68.1,refresh_review,declining_review,23.7,7826,8,0.06
content_ea2dcd45a28c,client_f369cb89fc,68.0,refresh_priority_1,declining_page1_review,6.7,415,20,0.72
content_547fe06ec900,client_f369cb89fc,68.0,refresh_review,declining_review,11.7,194,20,0.0
content_e2e98af4c1f4,client_f369cb89fc,68.0,refresh_priority_1,declining_page1_review,6.3,2219,20,0.9
content_7641de70da31,client_d029fa3a95,68.0,refresh_priority_1,declining_page1_review,8.9,45,20,0.0
content_653b3dae2667,client_f369cb89fc,68.0,refresh_priority_1,declining_page1_review,5.1,142,20,0.7
content_0ef518e44e5c,client_f369cb89fc,68.0,refresh_priority_1,declining_page1_review,9.7,164,20,0.61
content_9a814077e7b7,client_f369cb89fc,68.0,refresh_review,declining_review,33.9,460,20,0.0
content_1777590f5506,client_f369cb89fc,68.0,refresh_priority_1,declining_page1_review,0.5,354,20,0.28
content_6674ae339044,client_f369cb89fc,68.0,refresh_priority_1,declining_page1_review,7.1,874,20,0.46
content_c575a1857678,client_d029fa3a95,68.0,refresh_review,declining_review,19.6,71,20,0.0
content_dd3e6a7ce5a6,client_d029fa3a95,68.0,refresh_priority_1,declining_page1_review,5.1,38,20,0.0
content_29f3f30befe7,client_4e07408562,68.0,refresh_priority_1,declining_page1_review,5.7,29922,7,0.07
content_24d8b73697f6,client_4e07408562,68.0,refresh_review,declining_review,40.8,1058,104,0.0
content_29ca977d3a23,client_8527a891e2,68.0,refresh_priority_1,declining_page1_review,6.8,24,92,0.0
content_49077ded3aed,client_f369cb89fc,68.0,refresh_review,declining_review,38.3,4050,8,0.07
content_21ce9e7b97fe,client_d029fa3a95,68.0,refresh_review,declining_review,10.3,28,8,0.0
content_d7e2cf6d586d,client_f369cb89fc,68.0,refresh_priority_1,declining_page1_review,8.4,174,20,0.0
content_c0b25b7dbe03,client_d029fa3a95,68.0,refresh_review,declining_review,17.6,18,183,0.0
content_f40ee3f7157f,client_f369cb89fc,67.9,refresh_review,declining_review,29.1,812,20,0.37
content_cfc68620808e,client_f369cb89fc,67.9,refresh_review,declining_review,10.5,296,20,0.34
content_0c7ff518816e,client_4e07408562,67.9,refresh_review,declining_review,18.5,1401,14,0.07
content_f1332ac40751,client_4e07408562,67.9,refresh_review,declining_review,22.3,1125,7,0.0
content_420f30e62d90,client_8527a891e2,67.9,refresh_priority_1,declining_page1_review,6.5,196,103,1.02
content_824bd8704dd8,client_4e07408562,67.9,refresh_review,declining_review,10.2,3305,13,0.09
content_31b4c8587d18,client_d029fa3a95,67.9,refresh_priority_1,declining_page1_review,9.4,96,20,0.0
content_b902936750d5,client_4e07408562,67.9,refresh_priority_1,declining_page1_review,6.3,381,104,0.0
content_79c56d57697d,client_4e07408562,67.9,refresh_priority_1,declining_page1_review,7.3,4375,7,0.27
content_f3209c4105b5,client_f369cb89fc,67.9,refresh_priority_1,declining_page1_review,6.9,7028,20,0.3
content_312de493d381,client_f369cb89fc,67.9,refresh_priority_1,declining_page1_review,6.7,137,20,0.73
content_61277655ba48,client_d029fa3a95,67.9,refresh_priority_1,declining_page1_review,7.1,37,20,0.0
content_5252d63d75fc,client_434c9b5ae5,67.9,refresh_priority_1,declining_page1_review,9.8,893,8,0.0
content_85888f01be00,client_f369cb89fc,67.9,refresh_priority_1,declining_page1_review,6.4,634,8,0.47
content_3a009b26ca85,client_d029fa3a95,67.9,refresh_review,declining_review,12.1,149,20,0.0
content_b257022a3f04,client_f369cb89fc,67.9,refresh_priority_1,declining_page1_review,7.9,69,20,0.0
content_3b378e999bd4,client_d029fa3a95,67.9,refresh_priority_1,declining_page1_review,8.5,36,20,0.0
content_277eeb6d46cc,client_d029fa3a95,67.9,refresh_priority_1,declining_page1_review,7.9,17,183,0.0
content_e60f0fceb3db,client_f369cb89fc,67.8,refresh_priority_1,declining_page1_review,6.2,90,20,0.0
content_540ff760d0e2,client_d029fa3a95,67.8,refresh_priority_1,declining_page1_review,7.3,97,20,0.0
content_de7e7c07df81,client_8527a891e2,67.8,refresh_review,declining_review,39.5,2006,104,0.15
content_128de35a7595,client_f369cb89fc,67.8,refresh_priority_1,declining_page1_review,7.6,198,20,0.0
content_62010e71e9dc,client_f369cb89fc,67.8,refresh_review,declining_review,16.5,935,20,0.21
content_adaf1c1a54df,client_d029fa3a95,67.8,refresh_priority_1,declining_page1_review,8.4,44,20,0.0
content_4396e615cc00,client_d029fa3a95,67.8,refresh_review,declining_review,14.9,1193,20,0.08
content_7af68c6f2598,client_4e07408562,67.8,refresh_priority_1,declining_page1_review,4.5,620,104,0.16
content_4734618e1abb,client_4e07408562,67.8,refresh_priority_1,declining_page1_review,6.8,744,7,0.27
content_2d92cc08f225,client_4e07408562,67.8,refresh_review,declining_review,16.2,890,13,0.11
content_d147b8a57322,client_d029fa3a95,67.8,refresh_priority_1,declining_page1_review,5.7,93,20,0.0
content_2a422938bbe1,client_4e07408562,67.8,refresh_priority_1,declining_page1_review,8.9,5380,14,0.11
content_26e847e05947,client_d029fa3a95,67.8,refresh_review,declining_review,44.3,223,8,0.0
content_0d1bee747e48,client_4e07408562,67.8,refresh_priority_1,declining_page1_review,9.3,247,13,0.4
content_48732f50ae2e,client_d029fa3a95,67.7,refresh_priority_1,declining_page1_review,8.4,35,20,0.0
content_03d394011f56,client_d029fa3a95,67.7,refresh_priority_1,declining_page1_review,5.8,58,20,0.0
content_8b12d7eb7b40,client_4e07408562,67.7,refresh_review,declining_review,20.1,1370,104,0.07
content_8bca8bc57d12,client_f369cb89fc,67.7,refresh_priority_1,declining_page1_review,5.0,22860,20,0.21
content_12aec0a2145c,client_d029fa3a95,67.7,refresh_review,declining_review,13.4,51,8,0.0
content_7476a5fabd21,client_f369cb89fc,67.7,refresh_priority_1,declining_page1_review,1.8,78,20,0.0
content_ada4f0b8bc65,client_4e07408562,67.7,refresh_priority_1,declining_page1_review,8.7,5502,20,0.15
content_48ba789153a4,client_f369cb89fc,67.7,refresh_priority_1,declining_page1_review,5.0,96,20,0.0
content_fb420d1701ee,client_4e07408562,67.7,refresh_priority_1,declining_page1_review,7.9,2290,13,0.04
content_d2bec770d875,client_f369cb89fc,67.7,refresh_priority_1,declining_page1_review,8.2,113,20,0.0
content_0428be322049,client_d029fa3a95,67.7,refresh_review,declining_review,23.1,133,20,0.0
content_d7bf08e6602a,client_4e07408562,67.7,refresh_review,declining_review,22.8,583,7,0.0
content_f37e09f687bf,client_8527a891e2,67.7,refresh_review,declining_review,10.1,1007,104,0.3
content_a1c230882d7a,client_4e07408562,67.7,refresh_priority_1,declining_page1_review,8.4,7008,25,0.09
content_c54bea44135d,client_4e07408562,67.7,refresh_review,declining_review,15.0,2802,13,0.0
content_b635541c2fff,client_d029fa3a95,67.7,refresh_priority_1,declining_page1_review,9.7,102,20,0.0
content_0ea80678706d,client_f369cb89fc,67.6,refresh_review,declining_review,31.2,122,106,0.0
content_f3f5b1aa5308,client_f369cb89fc,67.6,refresh_priority_1,declining_page1_review,8.3,1756,20,0.23
content_79d569cb12af,client_f369cb89fc,67.6,refresh_priority_1,declining_page1_review,8.6,1928,20,0.41
content_1338cdc6dd34,client_4e07408562,67.6,refresh_priority_1,declining_page1_review,6.7,771,7,0.26
content_8eebaed5093a,client_d029fa3a95,67.6,refresh_priority_1,declining_page1_review,9.6,47,20,0.0
content_36991252f44a,client_4e07408562,67.6,refresh_priority_1,declining_page1_review,7.0,1133,7,0.09
content_c42047cbce20,client_f369cb89fc,67.6,refresh_priority_1,declining_page1_review,5.0,991,20,1.01
content_1a4ae9dc2f72,client_d029fa3a95,67.6,refresh_review,declining_review,18.3,50,183,0.0
content_e540f63bc134,client_4e07408562,67.6,refresh_priority_1,declining_page1_review,4.1,10231,13,0.4
content_438fb51507ea,client_4e07408562,67.6,refresh_priority_1,declining_page1_review,6.0,1527,104,0.26
content_8c564c96c5a3,client_f369cb89fc,67.6,refresh_priority_1,declining_page1_review,9.7,20942,8,0.26
content_9c141384124b,client_4e07408562,67.6,refresh_priority_1,declining_page1_review,9.4,7018,20,0.1
content_6da57e02084e,client_4e07408562,67.6,refresh_priority_1,declining_page1_review,4.8,7947,7,0.08
content_f2047c17e14c,client_4e07408562,67.6,refresh_review,declining_review,11.9,3853,25,0.1
content_1508cdf1624c,client_d029fa3a95,67.5,refresh_review,declining_review,30.1,238,8,0.0
content_352186220c07,client_f369cb89fc,67.5,refresh_priority_1,declining_page1_review,8.1,119,20,0.0
content_df1a21acd69c,client_4e07408562,67.5,refresh_review,declining_review,24.5,817,13,0.12
content_eb1a9f0770b0,client_d029fa3a95,67.5,refresh_review,declining_review,10.3,37,8,0.0
content_5d04feb5b4e3,client_f369cb89fc,67.5,refresh_priority_1,declining_page1_review,6.6,98,20,0.0
content_524beeec873c,client_4e07408562,67.5,refresh_priority_1,declining_page1_review,5.3,2909,7,0.14
content_a4e31d98e83b,client_f369cb89fc,67.5,refresh_priority_1,declining_page1_review,8.7,99,20,0.0
content_92e553828137,client_d029fa3a95,67.5,refresh_priority_1,declining_page1_review,7.8,4010,20,0.37
content_972356a4c7c6,client_4e07408562,67.5,refresh_review,declining_review,22.6,1976,13,0.05
content_6aab4f66d067,client_4e07408562,67.5,refresh_review,declining_review,14.2,6561,25,0.03
content_0f248a3b10e8,client_d029fa3a95,67.5,refresh_review,declining_review,12.5,40,20,0.0
content_90e855751509,client_4e07408562,67.5,refresh_review,declining_review,18.0,1685,13,0.06
content_79c69e2acb33,client_f369cb89fc,67.5,refresh_priority_1,declining_page1_review,1.9,3568,20,0.42
content_46daac72bec3,client_4e07408562,67.5,refresh_priority_1,declining_page1_review,9.2,2707,13,0.07
content_24c504b57001,client_434c9b5ae5,67.5,refresh_priority_1,declining_page1_review,9.4,203,89,0.0
content_60cafa032724,client_4e07408562,67.4,refresh_priority_1,declining_page1_review,6.8,3632,14,0.17
content_c6254a2cbb2d,client_f369cb89fc,67.4,refresh_priority_1,declining_page1_review,6.1,235,20,0.43
content_fb937217a0d0,client_4e07408562,67.4,refresh_review,declining_review,11.1,2921,13,0.24
content_2c3fb52e5e58,client_f369cb89fc,67.4,refresh_priority_1,declining_page1_review,5.3,3974,20,0.43
content_75daa451ded0,client_d029fa3a95,67.4,refresh_priority_1,declining_page1_review,8.7,71,20,0.0
content_d3b495d2eab6,client_f369cb89fc,67.4,refresh_priority_1,declining_page1_review,7.5,61,20,0.0
content_5473f08b2acf,client_f369cb89fc,67.4,refresh_review,declining_review,17.0,7332,20,0.19
content_a34d943a132c,client_d029fa3a95,67.4,refresh_review,declining_review,12.7,35,183,0.0
content_f71a6b4573d3,client_4e07408562,67.4,refresh_priority_1,declining_page1_review,9.1,244,104,0.0
content_2c7d1dcb1a18,client_f369cb89fc,67.4,refresh_priority_1,declining_page1_review,8.7,39,20,0.0
content_65e4c2bf0531,client_f369cb89fc,67.4,refresh_priority_1,declining_page1_review,7.5,831,20,0.24
content_b96eec1b6dfe,client_f369cb89fc,67.3,refresh_priority_1,declining_page1_review,7.8,76,20,0.0
content_fd93be360517,client_f369cb89fc,67.3,refresh_review,declining_review,13.6,12243,20,0.25
content_48cecb04b88e,client_8527a891e2,67.3,refresh_priority_1,declining_page1_review,7.0,38,98,0.0
content_3743c215f207,client_4e07408562,67.3,refresh_priority_1,declining_page1_review,7.1,7651,25,0.22
content_f126b11258e3,client_bdd2d3af3a,67.3,refresh_priority_1,declining_page1_review,6.2,56,20,0.0
content_392a75698fc5,client_8527a891e2,67.3,refresh_review,declining_review,35.1,338,104,0.0
content_0e9c79c059c0,client_f369cb89fc,67.3,refresh_priority_1,declining_page1_review,3.3,58,20,0.0
content_09b9a4d97410,client_4e07408562,67.3,refresh_priority_1,declining_page1_review,4.3,8263,13,0.31
content_15573a52b6e7,client_8527a891e2,67.3,refresh_review,declining_review,10.2,94,20,0.0
content_530cf22df65f,client_4e07408562,67.3,refresh_review,declining_review,18.7,3738,14,0.11
content_70410e39532b,client_f369cb89fc,67.3,refresh_review,declining_review,34.8,1107,20,0.09
content_27cf7d733c61,client_4e07408562,67.3,refresh_priority_1,declining_page1_review,5.3,7625,104,0.28
content_d423fedf21f0,client_4e07408562,67.3,refresh_review,declining_review,11.6,2221,13,0.09
content_eede5e08b108,client_d029fa3a95,67.3,refresh_review,declining_review,10.4,50,20,0.0
content_a652438565aa,client_434c9b5ae5,67.3,refresh_priority_1,declining_page1_review,7.2,494,8,0.0
content_4998a1c76243,client_f369cb89fc,67.2,refresh_priority_1,declining_page1_review,7.1,499,20,0.6
content_a056ba94ff43,client_d029fa3a95,67.2,refresh_priority_1,declining_page1_review,7.4,28386,20,0.12
content_068a4e2224d0,client_d029fa3a95,67.2,refresh_review,declining_review,25.3,422,20,0.24
content_24b028626e04,client_f369cb89fc,67.2,refresh_priority_1,declining_page1_review,5.7,63,8,0.0
content_1e445ab8e155,client_8527a891e2,67.2,refresh_priority_1,declining_page1_review,8.3,21,104,0.0
content_36d8ddaf2e53,client_f369cb89fc,67.2,refresh_priority_1,declining_page1_review,4.3,838,20,0.6
content_f560a011a094,client_f369cb89fc,67.2,refresh_priority_1,declining_page1_review,7.3,86,20,0.0
content_8734ef61fd7b,client_f369cb89fc,67.2,refresh_priority_1,declining_page1_review,9.1,29,20,0.0
content_8c0494cbb9e0,client_f369cb89fc,67.2,refresh_review,declining_review,12.9,137,20,0.0
content_ac2bfa8d86a2,client_d029fa3a95,67.2,refresh_review,declining_review,27.0,113,20,0.0
content_dc765c7fc8e9,client_d029fa3a95,67.2,refresh_priority_1,declining_page1_review,7.8,112,20,0.89
content_f02bbe6f2411,client_d029fa3a95,67.2,refresh_priority_1,declining_page1_review,7.4,86,20,0.0
content_631e03a2972a,client_4e07408562,67.2,refresh_priority_1,declining_page1_review,6.1,2677,7,0.37
content_31c4d526956d,client_434c9b5ae5,67.2,refresh_priority_1,declining_page1_review,7.5,330,89,0.61
content_e0453ee0769a,client_4e07408562,67.2,refresh_review,declining_review,18.9,2453,13,0.08
content_5c7d7a6b3ba0,client_f369cb89fc,67.2,refresh_review,declining_review,52.3,1160,20,0.0
content_c9718c5004f1,client_f369cb89fc,67.1,refresh_priority_1,declining_page1_review,5.3,1428,20,0.35
content_aa1f5a5351ef,client_d029fa3a95,67.1,refresh_review,declining_review,13.1,44,20,0.0
content_bc39d83f620c,client_8527a891e2,67.1,refresh_review,declining_review,33.0,1137,104,0.0
content_96b7d33fb6dc,client_f369cb89fc,67.1,refresh_priority_1,declining_page1_review,5.1,87,20,0.0
content_4e4c3c7d57a1,client_f369cb89fc,67.1,refresh_review,declining_review,15.3,61,20,0.0
content_fc8cb7532683,client_d029fa3a95,67.1,refresh_review,declining_review,14.4,15,183,0.0
content_8c17efeaaaa9,client_d029fa3a95,67.1,refresh_priority_1,declining_page1_review,7.7,55,20,0.0
content_4ef69f179958,client_434c9b5ae5,67.1,refresh_priority_1,declining_page1_review,7.7,496,89,0.4
content_fdde7746e070,client_f369cb89fc,67.1,refresh_review,declining_review,11.7,1073,20,0.56
content_7c2dbf3b0577,client_8527a891e2,67.1,refresh_review,declining_review,25.3,196,104,0.0
content_d9786af0ac7b,client_f369cb89fc,67.1,refresh_review,declining_review,28.7,136,20,0.0
content_04f99090dc2c,client_f369cb89fc,67.1,refresh_review,declining_review,29.8,274,20,0.0
content_ba44142db5a8,client_4e07408562,67.1,refresh_review,declining_review,10.5,1740,7,0.17
content_d0ab3354a660,client_4e07408562,67.1,refresh_review,declining_review,14.6,1247,13,0.0
content_a9631f531f4d,client_f369cb89fc,67.1,refresh_priority_1,declining_page1_review,7.1,229,20,0.44
content_790cc62d4743,client_8527a891e2,67.0,refresh_review,declining_review,31.1,758,104,0.13
content_a4f798c5c724,client_d029fa3a95,67.0,refresh_review,declining_review,17.6,249,20,0.8
content_1054588132f7,client_f369cb89fc,67.0,refresh_priority_1,declining_page1_review,6.8,123,20,0.0
content_52f1e9ee9923,client_4e07408562,67.0,refresh_review,declining_review,26.9,1015,13,0.0
content_18b2ae13e22c,client_d029fa3a95,67.0,refresh_priority_1,declining_page1_review,9.1,42,20,0.0
content_2ecda31791af,client_d029fa3a95,67.0,refresh_review,declining_review,17.9,95,20,0.0
content_0748fbd11749,client_4e07408562,67.0,refresh_review,declining_review,14.1,1043,104,0.19
content_fa58e2744bd4,client_8527a891e2,67.0,refresh_review,declining_review,35.5,1590,104,0.0
content_94ff4ec6b6b5,client_4e07408562,67.0,refresh_review,declining_review,37.5,14658,14,0.01
content_d020c3673ab0,client_d029fa3a95,67.0,refresh_review,declining_review,12.1,53,20,0.0
content_1a0678c7d3e6,client_f369cb89fc,67.0,refresh_priority_1,declining_page1_review,8.7,33,20,0.0
content_24706e54a64c,client_434c9b5ae5,67.0,refresh_priority_1,declining_page1_review,7.2,321,89,0.31
content_b01145d879b7,client_f369cb89fc,67.0,refresh_priority_1,declining_page1_review,7.0,809,20,0.25
content_24b8d8860ad9,client_8527a891e2,67.0,refresh_priority_1,declining_page1_review,7.2,33,98,0.0
content_f6c47059137f,client_f369cb89fc,67.0,refresh_priority_1,declining_page1_review,8.6,2582,20,0.31
content_f89165bffc09,client_4e07408562,67.0,refresh_priority_1,declining_page1_review,2.5,1434,7,0.14
content_e2a573f2180b,client_4e07408562,67.0,refresh_review,declining_review,20.3,2676,13,0.04
content_5405d1646250,client_d029fa3a95,67.0,refresh_priority_1,declining_page1_review,3.6,44,20,0.0
content_b7d72503304f,client_d029fa3a95,67.0,refresh_review,declining_review,15.2,106,20,0.0
content_e0127bfa31e5,client_d029fa3a95,67.0,refresh_priority_1,declining_page1_review,7.4,41,20,0.0
content_a6b8c4fb779b,client_f369cb89fc,67.0,refresh_priority_1,declining_page1_review,6.9,56,88,0.0
content_de0154a19027,client_f369cb89fc,67.0,refresh_priority_1,declining_page1_review,3.6,1368,20,0.22
content_730d9c90c323,client_f369cb89fc,66.9,refresh_priority_1,declining_page1_review,4.1,108,20,0.93
content_a3244ad461ce,client_4e07408562,66.9,refresh_review,declining_review,28.2,2225,7,0.0
content_b5db3c2e6d05,client_f369cb89fc,66.9,refresh_priority_1,declining_page1_review,4.9,83,20,0.0
content_727b68e60442,client_d029fa3a95,66.9,refresh_review,declining_review,12.5,73,20,0.0
content_d867948ff9ab,client_d029fa3a95,66.9,refresh_review,declining_review,12.2,53,20,0.0
content_f670e8a58608,client_4e07408562,66.9,refresh_review,declining_review,15.8,778,7,0.13
content_67321343a556,client_d029fa3a95,66.9,refresh_priority_1,declining_page1_review,4.9,36,8,0.0
content_0a51bf2d7003,client_d029fa3a95,66.9,refresh_priority_1,declining_page1_review,6.7,32,20,0.0
content_07211ca13e10,client_4e07408562,66.9,refresh_review,declining_review,11.0,2548,13,0.24
content_1f97c2c8f517,client_4e07408562,66.9,refresh_review,declining_review,35.7,2156,104,0.0
content_083bac35aa08,client_434c9b5ae5,66.9,refresh_review,declining_review,13.7,1432,89,0.07
content_e80f8635bb00,client_f369cb89fc,66.9,refresh_review,declining_review,11.1,43,20,0.0
content_956c84e51f49,client_4e07408562,66.9,refresh_review,declining_review,36.0,443,104,0.0
content_80d3d61c4846,client_f369cb89fc,66.9,refresh_review,declining_review,12.4,126,20,0.79
content_25ff6043653f,client_8527a891e2,66.8,refresh_review,declining_review,10.1,36,98,0.0
content_f3a4a0cd98cc,client_4e07408562,66.8,refresh_priority_1,declining_page1_review,9.9,211,13,0.0
content_f91c4eb1af58,client_d029fa3a95,66.8,refresh_priority_1,declining_page1_review,6.0,27,20,0.0
content_97ae9323b22f,client_f369cb89fc,66.8,refresh_priority_1,declining_page1_review,1.5,139,20,1.44
content_4f6a7e2f3eec,client_4e07408562,66.8,refresh_review,declining_review,25.7,514,104,0.0
content_6893bcc34e2d,client_d029fa3a95,66.8,refresh_priority_1,declining_page1_review,6.6,71,20,0.0
content_4a147f223b0b,client_4e07408562,66.8,refresh_priority_1,declining_page1_review,0.9,491,104,0.2
content_ad73299cdf36,client_d029fa3a95,66.8,refresh_review,declining_review,10.5,1144,20,0.61
content_760e93fbcd4a,client_d029fa3a95,66.8,refresh_priority_1,declining_page1_review,8.6,50,20,0.0
content_9cfb7d21dd56,client_f369cb89fc,66.8,refresh_priority_1,declining_page1_review,5.5,21346,20,0.13
content_6a7903666575,client_434c9b5ae5,66.8,refresh_review,declining_review,12.3,343,20,0.0
content_1f3f98790021,client_e629fa6598,66.8,refresh_review,declining_review,27.0,787,104,0.0
content_38502cdbf89d,client_f369cb89fc,66.8,refresh_priority_1,declining_page1_review,2.3,3492,20,0.29
content_4abe558a7264,client_4e07408562,66.7,refresh_review,declining_review,30.5,11847,25,0.03
content_4e9506914350,client_d029fa3a95,66.7,refresh_priority_1,declining_page1_review,6.1,191,8,1.57
content_2891e2941659,client_d029fa3a95,66.7,refresh_priority_1,declining_page1_review,9.9,98,8,0.0
content_7b978a6bbf9f,client_f369cb89fc,66.7,refresh_priority_1,declining_page1_review,8.8,120,20,0.0
content_4bc9157109f4,client_f369cb89fc,66.7,refresh_priority_1,declining_page1_review,6.9,68,8,0.0
content_361736a1eea9,client_4e07408562,66.7,refresh_priority_1,declining_page1_review,4.6,1036,104,0.19
content_0c329c3f2934,client_f369cb89fc,66.7,refresh_priority_1,declining_page1_review,0.3,44,20,0.0
content_b413b821c6cb,client_d029fa3a95,66.7,refresh_priority_1,declining_page1_review,4.1,31,20,0.0
content_ff4370afd49c,client_4e07408562,66.7,refresh_review,declining_review,33.1,1677,104,0.18
content_be180d34dddf,client_4e07408562,66.7,refresh_priority_1,declining_page1_review,9.2,3828,20,0.18
content_de050828e96a,client_f369cb89fc,66.7,refresh_review,declining_review,15.2,163,20,0.0
content_7c3eb1c41f29,client_f369cb89fc,66.7,refresh_priority_1,declining_page1_review,6.4,317,20,0.32
content_46e6383afd44,client_f369cb89fc,66.7,refresh_priority_1,declining_page1_review,7.9,462,20,0.43
content_b7a310a51128,client_f369cb89fc,66.7,refresh_review,declining_review,11.6,80,20,1.25
content_036285c3321b,client_f369cb89fc,66.7,refresh_priority_1,declining_page1_review,7.0,61,20,0.0
content_7b721c50ff02,client_4e07408562,66.7,refresh_priority_1,declining_page1_review,4.2,2468,7,0.12
content_b15fab8b1b86,client_f369cb89fc,66.7,refresh_review,declining_review,34.1,6780,20,0.21
content_201c9442a926,client_d029fa3a95,66.7,refresh_priority_1,declining_page1_review,7.2,57,20,0.0
content_59a334a62936,client_d029fa3a95,66.6,refresh_priority_1,declining_page1_review,6.9,34,20,0.0
content_39b1e305e92b,client_f369cb89fc,66.6,refresh_review,declining_review,16.2,384,8,0.26
content_bb0f228c36d2,client_4e07408562,66.6,refresh_priority_1,declining_page1_review,9.6,3016,13,0.13
content_d173a4758ef4,client_8527a891e2,66.6,refresh_review,declining_review,16.3,102,102,0.0
content_8a4605baaf59,client_d029fa3a95,66.6,refresh_priority_1,declining_page1_review,3.7,150,20,0.67
content_82147211de4c,client_4e07408562,66.6,refresh_priority_1,declining_page1_review,9.6,11024,14,0.05
content_6895e9b8a03d,client_4e07408562,66.6,refresh_review,declining_review,39.6,3904,104,0.03
content_cb63f4a35f1c,client_d029fa3a95,66.6,refresh_review,declining_review,45.1,436,20,0.0
content_c80c3f8587ae,client_f369cb89fc,66.6,refresh_priority_1,declining_page1_review,6.9,131,20,0.0
content_68fb7fe9490d,client_d029fa3a95,66.6,refresh_review,declining_review,22.4,185,20,0.0
content_6fd685d06d23,client_d029fa3a95,66.6,refresh_priority_1,declining_page1_review,5.6,88,8,0.0
content_f346692204a7,client_4e07408562,66.6,refresh_priority_1,declining_page1_review,4.7,2086,7,0.19
content_5e0686a500c2,client_f369cb89fc,66.6,refresh_priority_1,declining_page1_review,6.3,159,20,0.0
content_c4a6fa4ffe22,client_e629fa6598,66.6,refresh_review,declining_review,11.4,1495,104,0.07
content_480c6aa4bf00,client_f369cb89fc,66.5,refresh_priority_1,declining_page1_review,3.6,104,8,0.96
content_bcd118f2b8e7,client_d029fa3a95,66.5,refresh_review,declining_review,26.7,273,20,0.37
content_ff65884e750a,client_f369cb89fc,66.5,refresh_priority_1,declining_page1_review,6.5,1824,20,0.66
content_42bd7e800a38,client_f369cb89fc,66.5,refresh_priority_1,declining_page1_review,5.8,8426,20,0.36
content_605cd753b78d,client_f369cb89fc,66.5,refresh_priority_1,declining_page1_review,8.6,781,20,0.77
content_3688dd58bc04,client_d029fa3a95,66.5,refresh_priority_1,declining_page1_review,8.3,92,20,0.0
content_751b59f45bdc,client_f369cb89fc,66.5,refresh_priority_1,declining_page1_review,9.2,178,20,0.0
content_866a6f5de5e2,client_4e07408562,66.5,refresh_review,declining_review,31.3,488,104,0.0
content_8eaf3790d9c7,client_4e07408562,66.5,refresh_review,declining_review,16.3,418,13,0.0
content_bd09429b5300,client_f369cb89fc,66.5,refresh_priority_1,declining_page1_review,4.0,92,20,0.0
content_1a94ef5145c2,client_8527a891e2,66.5,refresh_priority_1,declining_page1_review,9.4,125,20,0.0
content_e954c9e72773,client_4e07408562,66.5,refresh_priority_1,declining_page1_review,9.8,976,7,0.1
content_04ff14276199,client_4e07408562,66.5,refresh_priority_1,declining_page1_review,9.3,1898,13,0.21
content_e25094333017,client_d029fa3a95,66.5,refresh_review,declining_review,13.2,84,20,0.0
content_572337fe7f26,client_d029fa3a95,66.5,refresh_priority_1,declining_page1_review,4.8,40,20,0.0
content_6c720cb9fbe0,client_4e07408562,66.4,refresh_review,declining_review,17.0,952,7,0.32
content_a87f07530a71,client_d029fa3a95,66.4,refresh_priority_1,declining_page1_review,6.6,39,8,0.0
content_62e37736c612,client_f369cb89fc,66.4,refresh_review,declining_review,21.0,391,20,0.26
content_160878f5f2a7,client_4e07408562,66.4,refresh_priority_1,declining_page1_review,8.8,627,7,0.16
content_1fde0c76722c,client_f369cb89fc,66.4,refresh_priority_1,declining_page1_review,6.1,172,20,0.58
content_db734dacfe53,client_f369cb89fc,66.4,refresh_priority_1,declining_page1_review,5.1,410,20,0.73
content_63138be04619,client_4e07408562,66.4,refresh_review,declining_review,10.2,1789,13,0.17
content_cb04f30ff3a1,client_f369cb89fc,66.4,refresh_priority_1,declining_page1_review,4.4,12535,20,0.2
content_075f3e609f09,client_d029fa3a95,66.4,refresh_review,declining_review,11.0,53,8,0.0
content_ab7e67e9480c,client_4e07408562,66.4,refresh_review,declining_review,11.1,25612,25,0.11
content_b5fe6be24716,client_d029fa3a95,66.4,refresh_priority_1,declining_page1_review,5.7,24,20,0.0
content_92b73ecffd30,client_d029fa3a95,66.4,refresh_review,declining_review,18.2,47,20,0.0
content_4bd2cacc3d6e,client_d029fa3a95,66.4,refresh_priority_1,declining_page1_review,5.1,53,20,0.0
content_79fe2665cb9d,client_4e07408562,66.4,refresh_review,declining_review,25.0,630,7,0.0
content_fb127ea3d62e,client_d029fa3a95,66.3,refresh_priority_1,declining_page1_review,6.2,60,20,0.0
content_8f16a5524eee,client_f369cb89fc,66.3,refresh_priority_1,declining_page1_review,5.3,829,20,0.72
content_349c549e39da,client_8527a891e2,66.3,refresh_review,declining_review,51.2,407,104,0.0
content_dfda35594d71,client_d029fa3a95,66.3,refresh_priority_1,declining_page1_review,7.3,36,20,0.0
content_c79a0380b7bb,client_d029fa3a95,66.3,refresh_review,declining_review,22.2,179,20,0.0
content_0d497212b54b,client_4e07408562,66.3,refresh_priority_1,declining_page1_review,9.7,5980,7,0.05
content_828ec809b205,client_8527a891e2,66.3,refresh_priority_1,declining_page1_review,9.7,635,104,0.31
content_2e43f59c050d,client_f369cb89fc,66.3,refresh_priority_1,declining_page1_review,7.9,7902,20,0.25
content_6a864c164e3a,client_f369cb89fc,66.3,refresh_priority_1,declining_page1_review,3.5,106,20,0.0
content_c6d0e031b456,client_f369cb89fc,66.3,refresh_review,declining_review,29.0,198,20,0.0
content_6fd22c53a5e0,client_4e07408562,66.3,refresh_review,declining_review,30.7,1642,7,0.06
content_f35de0e3c74d,client_d029fa3a95,66.3,refresh_priority_1,declining_page1_review,5.4,129,20,2.33
content_925d5c673b05,client_f369cb89fc,66.3,refresh_priority_1,declining_page1_review,2.9,22,20,0.0
content_6677fd6c4ea5,client_4e07408562,66.3,refresh_review,declining_review,34.8,1152,104,0.17
content_adacaaec0453,client_e629fa6598,66.3,refresh_priority_1,declining_page1_review,4.6,905,20,0.0
content_3d6236696109,client_434c9b5ae5,66.3,refresh_review,declining_review,16.5,123,89,0.0
content_3a9fa1b4e069,client_4e07408562,66.3,refresh_review,declining_review,22.8,834,104,0.0
content_889ae78ef104,client_f369cb89fc,66.3,refresh_priority_1,declining_page1_review,8.8,84,20,0.0
content_3b4f01eb6c70,client_4e07408562,66.3,refresh_priority_1,declining_page1_review,6.0,1118,104,0.09
content_87a786960b75,client_4e07408562,66.3,refresh_review,declining_review,25.6,1219,7,0.08
content_2a42f4cce9c6,client_4e07408562,66.2,refresh_priority_1,declining_page1_review,3.8,303,104,0.0
content_4d6321188f7f,client_4e07408562,66.2,refresh_priority_1,declining_page1_review,7.8,3360,14,0.21
content_96f71db7aa78,client_f369cb89fc,66.2,refresh_priority_1,declining_page1_review,6.1,412,20,0.24
content_1576614a97a2,client_f369cb89fc,66.2,refresh_priority_1,declining_page1_review,2.1,14,8,0.0
content_96bfb39cfdf8,client_4e07408562,66.2,refresh_priority_1,declining_page1_review,8.7,1475,7,0.14
content_a8a2c6189790,client_4e07408562,66.2,refresh_review,declining_review,10.4,8865,25,0.11
content_82f533414258,client_f369cb89fc,66.2,refresh_priority_1,declining_page1_review,5.8,116,20,0.86
content_9cddb78b7a66,client_8527a891e2,66.2,refresh_priority_1,declining_page1_review,3.1,26,20,0.0
content_e19bf7805d6f,client_d029fa3a95,66.2,refresh_priority_1,declining_page1_review,7.8,88,20,0.0
content_e915016ee808,client_bdd2d3af3a,66.2,refresh_priority_1,declining_page1_review,5.4,783,20,0.64
content_c6d2559083f2,client_4e07408562,66.2,refresh_review,declining_review,16.6,1315,104,0.3
content_5d03f7400426,client_f369cb89fc,66.2,refresh_review,declining_review,10.4,244,20,1.64
content_f80f7bed7545,client_4e07408562,66.2,refresh_priority_1,declining_page1_review,6.7,1452,7,0.21
content_cc088a55deca,client_8527a891e2,66.2,refresh_review,declining_review,27.9,211,104,0.0
content_f0fc1abf9ce4,client_d029fa3a95,66.2,refresh_review,declining_review,22.3,77,20,0.0
content_ed4f9ab58560,client_4e07408562,66.2,refresh_priority_1,declining_page1_review,7.7,1094,13,0.09
content_2ccae1f5c902,client_f369cb89fc,66.2,refresh_priority_1,declining_page1_review,7.6,73,20,0.0
content_a61e74e4ef74,client_f369cb89fc,66.1,refresh_review,declining_review,12.8,10963,8,0.28
content_705eaf24be22,client_f369cb89fc,66.1,refresh_priority_1,declining_page1_review,8.4,616,8,0.97
content_75e97cbb890f,client_d029fa3a95,66.1,refresh_review,declining_review,19.5,65,20,0.0
content_444e3caf7e18,client_8527a891e2,66.1,refresh_priority_1,declining_page1_review,9.0,7138,104,0.2
content_038cace9bdd7,client_d029fa3a95,66.1,refresh_priority_1,declining_page1_review,8.1,37,20,0.0
content_6f1809925000,client_f369cb89fc,66.1,refresh_priority_1,declining_page1_review,7.3,52,20,0.0
content_ce92cb5a06dc,client_f369cb89fc,66.1,refresh_priority_1,declining_page1_review,5.9,78,20,0.0
content_d12432b0eab6,client_8527a891e2,66.1,refresh_review,declining_review,21.7,67,104,0.0
content_0ba896169af5,client_4e07408562,66.1,refresh_priority_1,declining_page1_review,2.6,4998,104,0.1
content_196499f19764,client_4e07408562,66.1,refresh_priority_1,declining_page1_review,8.6,5137,25,0.12
content_3312efa9c080,client_8527a891e2,66.1,refresh_review,declining_review,19.9,401,104,0.0
content_2d22e0215964,client_8527a891e2,66.1,refresh_review,declining_review,48.8,1614,104,0.0
content_fb1548cece22,client_4e07408562,66.1,refresh_priority_1,declining_page1_review,8.6,1294,13,0.0
content_64a096b95284,client_d029fa3a95,66.0,refresh_review,declining_review,12.0,105,20,0.0
content_83ba21be7f59,client_f369cb89fc,66.0,refresh_priority_1,declining_page1_review,3.9,85,20,0.0
content_e754308deaf5,client_d029fa3a95,66.0,refresh_priority_1,declining_page1_review,7.4,52,20,0.0
content_f3baf9504688,client_8527a891e2,66.0,refresh_review,declining_review,34.5,420,104,0.0
content_ff7519d55881,client_f369cb89fc,66.0,refresh_priority_1,declining_page1_review,5.7,158,20,0.63
content_f806a09c2750,client_d029fa3a95,66.0,refresh_priority_1,declining_page1_review,9.1,88,20,0.0
content_da992825d25f,client_f369cb89fc,66.0,refresh_priority_1,declining_page1_review,6.6,62,20,0.0
content_1123b27c2c89,client_8b940be7fb,66.0,refresh_priority_1,declining_page1_review,4.0,7204,20,0.96
content_15e0e6081fe9,client_f369cb89fc,66.0,refresh_priority_1,declining_page1_review,4.7,950,20,0.53
content_0f256e5b0b88,client_8527a891e2,66.0,refresh_review,declining_review,35.7,328,104,0.0
content_ea6e74b671e3,client_4e07408562,66.0,refresh_priority_1,declining_page1_review,8.1,4180,25,0.24
content_714754b1ee5c,client_d029fa3a95,66.0,refresh_priority_1,declining_page1_review,6.1,46,20,0.0
content_769c5991e2f6,client_f369cb89fc,66.0,refresh_review,declining_review,12.5,404,20,0.5
content_7172c0b0a2d3,client_8527a891e2,66.0,refresh_priority_1,declining_page1_review,8.7,59,92,0.0
content_8faa834d6d1f,client_4e07408562,66.0,refresh_priority_1,declining_page1_review,5.0,4074,20,0.2
content_da708a6f57ff,client_8527a891e2,66.0,refresh_review,declining_review,10.9,45,92,0.0
content_978deac57f3a,client_d029fa3a95,66.0,refresh_review,declining_review,13.8,371,20,0.54
content_75106b612e3d,client_d029fa3a95,66.0,refresh_review,declining_review,11.7,60,20,0.0
content_5d77d3077984,client_f369cb89fc,65.9,refresh_priority_1,declining_page1_review,3.0,68,20,0.0
content_558717798c3b,client_f369cb89fc,65.9,refresh_priority_1,declining_page1_review,3.3,4576,20,0.35
content_90320d9689a1,client_d029fa3a95,65.9,refresh_priority_1,declining_page1_review,9.9,34,20,0.0
content_9055e9ee61af,client_8527a891e2,65.9,refresh_review,declining_review,57.7,874,104,0.0
content_da5d26410ae1,client_4e07408562,65.9,refresh_priority_1,declining_page1_review,9.9,11016,25,0.18
content_b46c62b14582,client_8527a891e2,65.9,refresh_review,declining_review,31.8,6240,103,0.13
content_8eb6dec91ada,client_4e07408562,65.9,refresh_review,declining_review,17.7,619,104,0.16
content_f13ff1dd6aa4,client_4e07408562,65.9,refresh_review,declining_review,12.8,706,13,0.14
content_622373b3957b,client_4e07408562,65.9,refresh_review,declining_review,11.9,4385,14,0.0
content_c77076f8b045,client_f369cb89fc,65.9,refresh_priority_1,declining_page1_review,7.2,29,20,0.0
content_5a288ec6e8c2,client_4e07408562,65.9,refresh_priority_1,declining_page1_review,3.1,6328,14,0.41
content_5015acf50293,client_f369cb89fc,65.9,refresh_priority_1,declining_page1_review,7.5,168,20,0.6
content_d81c15506dff,client_4e07408562,65.9,refresh_priority_1,declining_page1_review,4.0,559,104,0.18
content_204a8a98fd4f,client_4e07408562,65.9,refresh_priority_1,declining_page1_review,6.3,2169,7,0.18
content_fb87e6cf60af,client_4e07408562,65.9,refresh_review,declining_review,21.4,1796,13,0.06
content_81daf6da2ed4,client_8527a891e2,65.9,refresh_review,declining_review,32.3,755,104,0.0
content_6847b41c8804,client_4e07408562,65.9,refresh_priority_1,declining_page1_review,7.6,1608,14,0.19
content_f35e5543135b,client_4e07408562,65.8,refresh_priority_1,declining_page1_review,6.3,522,104,0.77
content_9106162c6861,client_d029fa3a95,65.8,refresh_review,declining_review,12.5,35,183,0.0
content_dd9de99487ba,client_d029fa3a95,65.8,refresh_priority_1,declining_page1_review,4.6,25,8,0.0
content_02023546b403,client_4e07408562,65.8,refresh_review,declining_review,28.5,2253,13,0.0
content_c2399379cde9,client_d029fa3a95,65.8,refresh_priority_1,declining_page1_review,7.7,17,20,0.0
content_3bed5e7f1d0f,client_f369cb89fc,65.8,refresh_priority_1,declining_page1_review,5.5,303,20,0.66
content_99c842680c4e,client_4e07408562,65.8,refresh_review,declining_review,10.2,636,7,0.31
content_f04368f05d48,client_4e07408562,65.8,refresh_review,declining_review,26.2,335,13,0.0
content_474b92beda6f,client_4e07408562,65.8,refresh_priority_1,declining_page1_review,5.1,285,104,0.7
content_4fec502f2092,client_d029fa3a95,65.7,refresh_review,declining_review,15.3,98,20,0.0
content_ad5347f06460,client_8527a891e2,65.7,refresh_priority_1,declining_page1_review,6.5,52,104,0.0
content_67b7450f085b,client_4e07408562,65.7,refresh_priority_1,declining_page1_review,7.8,19261,25,0.09
content_d5423ad8c4d2,client_4e07408562,65.7,refresh_priority_1,declining_page1_review,3.2,8463,14,0.26
content_afc1690a3312,client_4e07408562,65.7,refresh_review,declining_review,12.9,848,13,0.12
content_c2fd16a452da,client_4e07408562,65.7,refresh_priority_1,declining_page1_review,8.7,15097,25,0.1
content_534e70dbc24d,client_f369cb89fc,65.7,refresh_priority_1,declining_page1_review,6.0,76,20,0.0
content_a00c249b224d,client_4e07408562,65.7,refresh_review,declining_review,17.5,1781,7,0.0
content_77a1504fcf76,client_f369cb89fc,65.6,refresh_priority_1,declining_page1_review,3.9,61,20,0.0
content_f51dc9d78cce,client_d029fa3a95,65.6,refresh_review,declining_review,11.0,84,20,0.0
content_a3c2440cef67,client_bdd2d3af3a,65.6,refresh_priority_1,declining_page1_review,6.3,868,20,0.46
content_3cb90b012eee,client_f369cb89fc,65.6,refresh_review,declining_review,13.5,130,20,0.0
content_216e491cf375,client_f369cb89fc,65.6,refresh_review,declining_review,16.6,1083,20,0.18
content_b4170c25efd2,client_4e07408562,65.6,refresh_review,declining_review,21.3,2159,7,0.05
content_dc3c683bebb6,client_f369cb89fc,65.6,refresh_review,declining_review,13.4,11105,20,0.16
content_a3346667cc6f,client_f369cb89fc,65.6,refresh_priority_1,declining_page1_review,6.4,214,20,1.4
content_5c70e097f613,client_4e07408562,65.6,refresh_priority_1,declining_page1_review,5.4,6400,104,0.08
content_a4188e703dee,client_4e07408562,65.6,refresh_priority_1,declining_page1_review,5.7,29207,14,0.14
content_5b382a819126,client_4e07408562,65.6,refresh_priority_1,declining_page1_review,7.0,897,7,0.22
content_92e1ddf477c6,client_d029fa3a95,65.6,refresh_review,declining_review,14.2,44,20,0.0
content_d066bbc6e0c2,client_f369cb89fc,65.6,refresh_priority_1,declining_page1_review,8.8,3552,20,0.39
content_d70f12056122,client_4e07408562,65.6,refresh_review,declining_review,36.9,1676,7,0.0
content_711cf2a20000,client_f369cb89fc,65.6,refresh_priority_1,declining_page1_review,4.3,69,8,0.0
content_f85630630136,client_bdd2d3af3a,65.6,refresh_priority_1,declining_page1_review,8.3,51,20,0.0
content_b45048bf83d0,client_4e07408562,65.6,refresh_priority_1,declining_page1_review,0.9,3182,104,0.06
content_600405887c39,client_4e07408562,65.5,refresh_review,declining_review,21.4,1197,13,0.0
content_9ef5d2b775b8,client_f369cb89fc,65.5,refresh_priority_1,declining_page1_review,5.3,974,20,0.72
content_1b259c0f9659,client_f369cb89fc,65.5,refresh_review,declining_review,33.5,478,20,0.0
content_a1d554f4c406,client_f369cb89fc,65.5,refresh_review,declining_review,11.2,2916,8,0.24
content_4c647cfc1ead,client_d029fa3a95,65.5,refresh_priority_1,declining_page1_review,6.8,37,20,0.0
content_534e75f14bce,client_d029fa3a95,65.5,refresh_priority_1,declining_page1_review,6.4,26,20,0.0
content_b2db3553a878,client_f369cb89fc,65.5,refresh_priority_1,declining_page1_review,9.2,463,20,0.43
content_f643bbd07bb7,client_d029fa3a95,65.5,refresh_review,declining_review,19.2,110,20,0.0
content_d14239ef4629,client_f369cb89fc,65.5,refresh_review,declining_review,10.9,63,20,0.0
content_73c54f78c06a,client_f369cb89fc,65.5,refresh_priority_1,declining_page1_review,4.7,213963,20,0.1
content_0eae5bca3f17,client_f369cb89fc,65.5,refresh_review,declining_review,11.0,66,20,0.0
content_298265fe153d,client_f369cb89fc,65.5,refresh_priority_1,declining_page1_review,7.5,381,20,0.52
content_5d35ba0463a2,client_d029fa3a95,65.5,refresh_review,declining_review,13.6,34,20,0.0
content_6a2383b4296f,client_4e07408562,65.5,refresh_priority_1,declining_page1_review,7.1,1334,13,0.22
content_3e95d15844b7,client_4e07408562,65.4,refresh_review,declining_review,14.9,4651,25,0.13
content_00aa3b90a2fb,client_d029fa3a95,65.4,refresh_review,declining_review,23.1,388,20,0.52
content_4427dc2e32a1,client_4e07408562,65.4,refresh_priority_1,declining_page1_review,7.8,1272,7,0.71
content_f532f7dc798c,client_4e07408562,65.4,refresh_review,declining_review,17.0,287,13,0.0
content_d3a9e35e0751,client_f369cb89fc,65.4,refresh_priority_1,declining_page1_review,2.0,44,20,0.0
content_9501202d135f,client_4e07408562,65.4,refresh_review,declining_review,10.2,910,7,0.22
content_1593a32a7527,client_4e07408562,65.4,refresh_review,declining_review,15.9,435,13,0.0
content_d00de9241a00,client_f369cb89fc,65.4,refresh_review,declining_review,11.1,130,20,0.0
content_7e3d9c85959b,client_4e07408562,65.4,refresh_review,declining_review,35.0,2576,104,0.04
content_c8b0f28d2c4e,client_bdd2d3af3a,65.4,refresh_priority_1,declining_page1_review,5.9,260,20,0.38
content_76058040d76a,client_f369cb89fc,65.4,refresh_priority_1,declining_page1_review,6.7,24,20,0.0
content_8b009db3c145,client_d029fa3a95,65.4,refresh_priority_1,declining_page1_review,8.8,43,20,0.0
content_6b5fb4940974,client_f369cb89fc,65.4,refresh_priority_1,declining_page1_review,7.6,292,20,0.68
content_dba91922f9ea,client_4e07408562,65.3,refresh_review,declining_review,26.3,2483,13,0.12
content_1cbf234b0599,client_f369cb89fc,65.3,refresh_priority_1,declining_page1_review,5.4,51,20,0.0
content_86fbcf2cbd8b,client_f369cb89fc,65.3,refresh_priority_1,declining_page1_review,2.7,147,20,0.68
content_f924f7e00676,client_4e07408562,65.3,refresh_review,declining_review,33.6,638,13,0.0
content_87cbed1ec54a,client_4e07408562,65.3,refresh_review,declining_review,11.8,1846,14,0.05
content_8c4316fda2ac,client_d029fa3a95,65.3,refresh_review,declining_review,13.9,55,20,0.0
content_765963094056,client_d029fa3a95,65.3,refresh_review,declining_review,39.0,182,8,0.0
content_94feac677ec4,client_f369cb89fc,65.3,refresh_review,declining_review,31.1,741,106,0.4
content_fbbd736e7c53,client_d029fa3a95,65.3,refresh_priority_1,declining_page1_review,6.0,20,20,0.0
content_184d181a6127,client_f369cb89fc,65.3,refresh_priority_1,declining_page1_review,3.7,276,8,1.45
content_4d39953789dd,client_f369cb89fc,65.3,refresh_review,declining_review,22.6,384,20,0.26
content_bee8636de7cc,client_d029fa3a95,65.3,refresh_review,declining_review,16.4,109,20,0.0
content_c0ae32ed1997,client_f369cb89fc,65.2,refresh_priority_1,declining_page1_review,7.3,186,20,0.54
content_cfb008ec17b0,client_d029fa3a95,65.2,refresh_priority_1,declining_page1_review,5.2,58,20,0.0
content_a1a827133643,client_f369cb89fc,65.2,refresh_review,declining_review,13.0,30,20,0.0
content_355c44a1ed2c,client_4e07408562,65.2,refresh_review,declining_review,15.7,19527,25,0.13
content_1f0c90cf2d41,client_4e07408562,65.2,refresh_priority_1,declining_page1_review,8.8,2107,14,0.05
content_d0a44cd5c91e,client_d029fa3a95,65.2,refresh_priority_1,declining_page1_review,7.7,412,20,0.49
content_b64cc2aeb71b,client_4e07408562,65.2,refresh_priority_1,declining_page1_review,4.2,18829,104,0.2
content_e6b5a8474fb1,client_d029fa3a95,65.2,refresh_review,declining_review,10.1,26,20,0.0
content_3a4099af9765,client_434c9b5ae5,65.2,refresh_priority_1,declining_page1_review,9.5,194,8,0.0
content_745198d8c5fa,client_4e07408562,65.2,refresh_review,declining_review,11.1,2146,7,0.19
content_1464ee2714b9,client_f369cb89fc,65.2,refresh_priority_1,declining_page1_review,7.8,174,20,0.57
content_2e9e0028cfa7,client_4e07408562,65.1,refresh_review,declining_review,32.7,3055,7,0.0
content_c60de3a2cf16,client_f369cb89fc,65.1,refresh_priority_1,declining_page1_review,6.1,68,20,0.0
content_2fac394011e7,client_4e07408562,65.1,refresh_review,declining_review,23.1,14006,25,0.09
content_9ca7b8be5901,client_4e07408562,65.1,refresh_priority_1,declining_page1_review,4.6,4615,104,0.3
content_514356b21e2a,client_4e07408562,65.1,refresh_review,declining_review,27.5,1785,13,0.11
content_898b4aaf5540,client_d029fa3a95,65.1,refresh_priority_1,declining_page1_review,8.3,27,20,0.0
content_e4d8e2c97976,client_4e07408562,65.1,refresh_priority_1,declining_page1_review,6.0,5013,104,0.06
content_aff115c49a86,client_f369cb89fc,65.1,refresh_priority_1,declining_page1_review,4.3,385,20,1.82
content_39d377a1c8fa,client_d029fa3a95,65.1,refresh_review,declining_review,35.5,179,20,0.0
content_edbf8a7109de,client_4e07408562,65.1,refresh_priority_1,declining_page1_review,8.0,6927,25,0.3
content_2ffa4b556dc3,client_4e07408562,65.1,refresh_review,declining_review,16.5,3484,13,0.2
content_1725b2b2e126,client_f369cb89fc,65.1,refresh_priority_1,declining_page1_review,5.1,157,8,0.64
content_2cc84a412bda,client_d029fa3a95,65.1,refresh_review,declining_review,12.0,64,20,0.0
content_b003870be70a,client_434c9b5ae5,65.1,refresh_priority_1,declining_page1_review,8.6,307,8,0.0
content_0d495f9ce3be,client_d029fa3a95,65.0,refresh_priority_1,declining_page1_review,3.8,12,20,0.0
content_d3a29df5b1e4,client_4e07408562,65.0,refresh_review,declining_review,25.6,1347,13,0.0
content_7f305454dcb7,client_f369cb89fc,65.0,refresh_priority_1,declining_page1_review,6.1,157,8,0.64
content_dea27d66fb08,client_d029fa3a95,65.0,refresh_priority_1,declining_page1_review,5.0,241,20,0.83
content_701340c88f73,client_4e07408562,65.0,refresh_review,declining_review,22.4,1626,7,0.0
content_c4aa4ab7db55,client_f369cb89fc,65.0,refresh_priority_1,declining_page1_review,4.7,1159,20,0.95
content_57334eec7b85,client_f369cb89fc,65.0,refresh_priority_1,declining_page1_review,7.2,68,20,0.0
content_16fbae3f28dd,client_f369cb89fc,65.0,refresh_review,declining_review,15.0,151,20,0.0
content_f43fe5f66ac0,client_f369cb89fc,65.0,refresh_priority_1,declining_page1_review,3.7,5536,20,0.61
content_8c37a11fbbc3,client_f369cb89fc,65.0,refresh_review,declining_review,10.3,91,8,0.0
content_4ad7a7f44bcf,client_8527a891e2,65.0,refresh_priority_1,declining_page1_review,7.5,65,103,0.0
content_5a431bfcc14f,client_f369cb89fc,65.0,refresh_priority_1,declining_page1_review,6.5,125,20,0.0
content_e053030b589a,client_f369cb89fc,65.0,refresh_review,declining_review,10.7,104,20,0.0
content_f02a7e05a948,client_f369cb89fc,65.0,refresh_priority_1,declining_page1_review,7.5,2104,20,0.38
content_33715a7a40dd,client_4e07408562,65.0,refresh_priority_1,declining_page1_review,6.4,20793,14,0.15
content_fd270fc98fa0,client_d029fa3a95,65.0,refresh_priority_1,declining_page1_review,5.2,111,8,0.9
content_652c67df4780,client_d029fa3a95,65.0,refresh_review,declining_review,15.2,56,20,0.0
content_bfa3d6688324,client_d029fa3a95,65.0,refresh_review,declining_review,21.1,27,183,0.0
content_02b637872930,client_f369cb89fc,65.0,refresh_priority_1,declining_page1_review,2.9,53,20,1.89
content_96fa31b9f575,client_8527a891e2,65.0,refresh_review,declining_review,11.3,23,92,0.0
content_ee36786031e2,client_d029fa3a95,65.0,refresh_priority_1,declining_page1_review,8.2,37,20,0.0
content_c109f6284c24,client_8527a891e2,65.0,refresh_priority_1,declining_page1_review,7.2,845,104,0.24
content_8451fc6f034d,client_d029fa3a95,64.9,refresh_priority_1,declining_page1_review,2.3,272144,20,0.03
content_e906960b0d12,client_434c9b5ae5,64.9,refresh_review,declining_review,11.5,24,89,0.0
content_6678c613e3c7,client_f369cb89fc,64.9,refresh_priority_1,declining_page1_review,4.9,23,20,0.0
content_760586482668,client_4e07408562,64.9,refresh_priority_1,declining_page1_review,7.0,2952,13,0.2
content_9c5cac171e63,client_8527a891e2,64.9,refresh_review,declining_review,10.8,21,92,0.0
content_5fd9b6333fae,client_4e07408562,64.9,refresh_priority_1,declining_page1_review,7.2,7907,25,0.18
content_3056e1568e84,client_f369cb89fc,64.9,refresh_review,declining_review,11.9,144,20,0.0
content_884c401ce126,client_8527a891e2,64.9,refresh_review,declining_review,23.1,101,92,0.0
content_a86137c029a4,client_4e07408562,64.9,refresh_review,declining_review,21.3,7717,25,0.14
content_ee7f28fec27a,client_4e07408562,64.9,refresh_priority_1,declining_page1_review,6.4,1287,104,0.08
content_63d0519f9abe,client_f369cb89fc,64.9,refresh_review,declining_review,11.9,14152,20,0.11
content_1bdb89a775d6,client_d029fa3a95,64.9,refresh_priority_1,declining_page1_review,4.9,22,20,0.0
content_dd39c5616130,client_f369cb89fc,64.9,refresh_priority_1,declining_page1_review,5.3,11015,20,0.34
content_2fbf317387d5,client_4e07408562,64.9,refresh_review,declining_review,11.2,6682,25,0.16
content_be9b91f81ef5,client_4e07408562,64.9,refresh_priority_1,declining_page1_review,4.5,6733,104,0.5
content_7dbb995162d3,client_d029fa3a95,64.9,refresh_priority_1,declining_page1_review,4.1,33,20,0.0
content_f70494633820,client_4e07408562,64.9,refresh_priority_1,declining_page1_review,5.9,8030,20,0.22
content_f6fea6270cfd,client_4e07408562,64.9,refresh_review,declining_review,12.3,156,13,0.0
content_ec62c6658504,client_f369cb89fc,64.9,refresh_priority_1,declining_page1_review,1.5,30,20,0.0
content_07da54616975,client_d029fa3a95,64.9,refresh_priority_1,declining_page1_review,9.6,189,20,0.0
content_837ee719f74b,client_f369cb89fc,64.8,refresh_priority_1,declining_page1_review,4.6,45,20,0.0
content_f161f19bbead,client_8527a891e2,64.8,refresh_review,declining_review,40.3,519,92,0.0
content_b60fd33115df,client_4e07408562,64.8,refresh_review,declining_review,31.6,8027,14,0.1
content_60f4c329e5e7,client_434c9b5ae5,64.8,refresh_priority_1,declining_page1_review,7.6,1536,20,0.2
content_6f35a935faca,client_4e07408562,64.8,refresh_priority_1,declining_page1_review,9.3,996,5,0.2
content_fe7ffaf43098,client_d029fa3a95,64.8,refresh_priority_1,declining_page1_review,6.7,50,20,0.0
content_020aea798b84,client_d029fa3a95,64.8,refresh_review,declining_review,22.7,96,20,0.0
content_eebf0c818dea,client_4e07408562,64.8,refresh_review,declining_review,42.4,1139,104,0.0
content_ccebf08571a1,client_f369cb89fc,64.8,refresh_priority_1,declining_page1_review,3.8,42,20,0.0
content_f7875bf9d834,client_f369cb89fc,64.8,refresh_review,declining_review,12.5,87,8,0.0
content_00603386e331,client_4e07408562,64.8,refresh_priority_1,declining_page1_review,5.9,11193,20,0.11
content_560658e4403a,client_f369cb89fc,64.8,refresh_priority_1,declining_page1_review,8.7,188,20,0.0
content_5dcb74bcde1f,client_f369cb89fc,64.8,refresh_priority_1,declining_page1_review,6.5,118,8,0.0
content_e9f1fc510247,client_f369cb89fc,64.8,refresh_priority_1,declining_page1_review,5.2,177,20,1.13
content_29c550b073ec,client_4e07408562,64.8,refresh_review,declining_review,28.6,1875,7,0.0
content_630f434b6951,client_8527a891e2,64.8,refresh_priority_1,declining_page1_review,7.7,99,20,0.0
content_2d1825cd5280,client_8527a891e2,64.8,refresh_review,declining_review,19.8,203,104,0.0
content_a5b1a25f5b80,client_4e07408562,64.8,refresh_review,declining_review,13.0,188,104,0.0
content_46506cfa1b19,client_4e07408562,64.8,refresh_review,declining_review,18.0,2140,14,0.14
content_f14a24375cc4,client_8527a891e2,64.8,refresh_priority_1,declining_page1_review,8.3,21,104,0.0
content_d9b773501d00,client_d029fa3a95,64.8,refresh_priority_1,declining_page1_review,7.3,49,8,0.0
content_b81e0f46cea9,client_d029fa3a95,64.7,refresh_review,declining_review,10.3,54,183,0.0
content_4d8e62d0412c,client_f369cb89fc,64.7,refresh_priority_1,declining_page1_review,9.2,60,20,0.0
content_fd416252ca35,client_4e07408562,64.7,refresh_priority_1,declining_page1_review,6.5,2742,7,0.36
content_a808e255ed8d,client_f369cb89fc,64.7,refresh_priority_1,declining_page1_review,2.3,49,20,0.0
content_ae2131361f9d,client_d029fa3a95,64.7,refresh_review,declining_review,13.5,36,20,0.0
content_762ad0347f3d,client_f369cb89fc,64.7,refresh_priority_1,declining_page1_review,3.3,59,20,0.0
content_bc3b1ade373b,client_f369cb89fc,64.7,refresh_priority_1,declining_page1_review,7.6,194,8,1.03
content_4beb70d19972,client_4e07408562,64.7,refresh_priority_1,declining_page1_review,4.1,533,104,0.56
content_80be70a84a56,client_4e07408562,64.7,refresh_priority_1,declining_page1_review,6.8,263,13,0.0
content_f5330c56f1ca,client_f369cb89fc,64.7,refresh_priority_1,declining_page1_review,6.2,49,20,0.0
content_0d7f4fecb391,client_4e07408562,64.7,refresh_review,declining_review,33.0,784,104,0.0
content_2692ad4b0ec3,client_4e07408562,64.7,refresh_review,declining_review,35.5,1945,7,0.0
content_1e3803e3f3e1,client_4e07408562,64.7,refresh_review,declining_review,15.0,1111,13,0.09
content_159859cf8d84,client_d029fa3a95,64.7,refresh_priority_1,declining_page1_review,5.8,48,20,0.0
content_962360eab780,client_4e07408562,64.7,refresh_review,declining_review,15.1,11243,25,0.13
content_2265b3e09778,client_d029fa3a95,64.7,refresh_priority_1,declining_page1_review,8.4,12,183,0.0
content_8173b7415aff,client_4e07408562,64.7,refresh_review,declining_review,11.7,1079,13,0.19
content_0095046d0282,client_4e07408562,64.7,refresh_review,declining_review,11.8,761,7,0.13
content_181d0c8829a8,client_4e07408562,64.7,refresh_review,declining_review,13.3,10775,25,0.17
content_70ffd3d6e9c2,client_4e07408562,64.6,refresh_priority_1,declining_page1_review,6.5,36433,25,0.15
content_f8f3899a82eb,client_4e07408562,64.6,refresh_review,declining_review,10.5,4064,25,0.02
content_dc789a57bcd7,client_d029fa3a95,64.6,refresh_review,declining_review,29.2,84,20,0.0
content_395a2f455ee2,client_f369cb89fc,64.6,refresh_priority_1,declining_page1_review,5.0,63,20,0.0
content_a5a2fbc76336,client_8527a891e2,64.6,refresh_review,declining_review,39.8,307,103,0.0
content_1f1c6b273a44,client_f369cb89fc,64.6,refresh_priority_1,declining_page1_review,9.6,87,20,0.0
content_a2ea3d443492,client_f369cb89fc,64.6,refresh_priority_1,declining_page1_review,7.6,101,20,0.0
content_3f7b1c286f3a,client_f369cb89fc,64.6,refresh_priority_1,declining_page1_review,7.5,21226,20,0.2
content_b028e7b30ae6,client_4e07408562,64.6,refresh_review,declining_review,11.4,18392,25,0.05
content_2dc9930b0a26,client_4e07408562,64.6,refresh_priority_1,declining_page1_review,5.8,14596,25,0.24
content_21014db56b5a,client_8527a891e2,64.6,refresh_priority_1,declining_page1_review,5.6,28,8,0.0
content_5734a4695671,client_f369cb89fc,64.6,refresh_priority_1,declining_page1_review,7.1,1850,20,0.38
content_f1f8a2a1c483,client_f369cb89fc,64.6,refresh_priority_1,declining_page1_review,6.1,8114,8,0.21
content_272dc2b8320d,client_4e07408562,64.6,refresh_review,declining_review,17.3,4121,25,0.19
content_f3cf1549338d,client_f369cb89fc,64.6,refresh_priority_1,declining_page1_review,6.0,1469,8,0.61
content_613cb54ed11e,client_f369cb89fc,64.6,refresh_review,declining_review,30.3,1759,8,0.11
content_d1567742f222,client_f369cb89fc,64.5,refresh_priority_1,declining_page1_review,4.5,120,20,0.83
content_3f0ec5aaeb3d,client_8b940be7fb,64.5,refresh_priority_1,declining_page1_review,4.2,26990,20,1.21
content_1de940de6ed3,client_8527a891e2,64.5,refresh_priority_1,declining_page1_review,6.7,22,104,0.0
content_d0ea28283d46,client_4e07408562,64.5,refresh_review,declining_review,14.9,763,13,0.0
content_eeffd7e71d7a,client_4e07408562,64.5,refresh_review,declining_review,22.6,657,13,0.0
content_72285a1b5053,client_d029fa3a95,64.5,refresh_priority_1,declining_page1_review,9.4,45,20,0.0
content_ec5ad9b09551,client_d029fa3a95,64.5,refresh_priority_1,declining_page1_review,4.1,21,20,0.0
content_776fb785a163,client_d029fa3a95,64.5,refresh_priority_1,declining_page1_review,6.7,38,20,0.0
content_cd185509429c,client_4e07408562,64.5,refresh_review,declining_review,10.7,671,5,0.3
content_a46a2d571421,client_d029fa3a95,64.5,refresh_review,declining_review,20.3,196,20,0.0
content_10fd31ac61bb,client_8527a891e2,64.5,refresh_review,declining_review,48.4,464,104,0.0
content_784818021864,client_4e07408562,64.5,refresh_review,declining_review,37.6,2644,7,0.04
content_872861322be4,client_4e07408562,64.5,refresh_review,declining_review,23.6,5453,25,0.07
content_03ed3e554fc4,client_434c9b5ae5,64.5,refresh_review,declining_review,27.1,636,8,0.0
content_b0b7697f8b78,client_4e07408562,64.5,refresh_priority_1,declining_page1_review,4.8,9734,20,0.16
content_0d5a75339f4b,client_4e07408562,64.5,refresh_priority_1,declining_page1_review,8.7,21541,25,0.06
content_ba663b76c64b,client_f369cb89fc,64.5,refresh_review,declining_review,10.5,331,20,0.6
content_532c17970442,client_f369cb89fc,64.5,refresh_priority_1,declining_page1_review,3.5,172,20,1.16
content_9aff55945398,client_d029fa3a95,64.5,refresh_priority_1,declining_page1_review,5.8,51,20,0.0
content_c3b95e6baf84,client_4e07408562,64.5,refresh_priority_1,declining_page1_review,5.6,4759,104,0.29
content_74988334f311,client_d029fa3a95,64.5,refresh_priority_1,declining_page1_review,6.4,40,8,0.0
content_db3fd75bd4fe,client_f369cb89fc,64.5,refresh_review,declining_review,20.7,564,20,0.18
content_0c0fe8411e94,client_8527a891e2,64.5,refresh_review,declining_review,30.3,622,104,0.16
content_bfec24fd6a60,client_f369cb89fc,64.5,refresh_priority_1,declining_page1_review,4.6,233,20,1.29
content_a398152fa8e5,client_4e07408562,64.5,refresh_review,declining_review,10.3,1507,104,0.07
content_0cbc4d4326d5,client_8527a891e2,64.5,refresh_review,declining_review,25.0,330,104,0.0
content_d0f0593601de,client_4e07408562,64.5,refresh_priority_1,declining_page1_review,8.3,11113,25,0.13
content_5ed77d7c0dc1,client_d029fa3a95,64.5,refresh_review,declining_review,19.7,48,20,0.0
content_7d147b1c4115,client_4e07408562,64.4,refresh_review,declining_review,19.7,525,7,0.0
content_f04ac0af071c,client_4e07408562,64.4,refresh_priority_1,declining_page1_review,7.9,30710,25,0.13
content_9e59c3c921cd,client_8527a891e2,64.4,refresh_priority_1,declining_page1_review,7.0,9364,102,0.27
content_33adbae8f837,client_4e07408562,64.4,refresh_priority_1,declining_page1_review,6.6,4738,7,0.11
content_b4aae044ca25,client_4e07408562,64.4,refresh_priority_1,declining_page1_review,8.1,14126,25,0.3
content_a8054ef7fc19,client_4e07408562,64.4,refresh_review,declining_review,15.1,527,5,0.19
content_e1c9c3cb2e16,client_f369cb89fc,64.4,refresh_priority_1,declining_page1_review,2.3,48,20,0.0
content_3963f4800442,client_f369cb89fc,64.4,refresh_priority_1,declining_page1_review,8.0,421,20,0.48
content_45a8b74d4be2,client_4e07408562,64.4,refresh_review,declining_review,33.4,2559,104,0.04
content_f11e974ebf4b,client_8527a891e2,64.4,refresh_review,declining_review,15.6,751,104,0.27
content_a2431246d04d,client_d029fa3a95,64.4,refresh_review,declining_review,10.6,48,20,0.0
content_e628596233d7,client_f369cb89fc,64.4,refresh_priority_1,declining_page1_review,5.1,2154,20,0.84
content_a2e49b430ebe,client_f369cb89fc,64.4,refresh_priority_1,declining_page1_review,5.8,104,20,0.96
content_7186315f81a2,client_d029fa3a95,64.4,refresh_review,declining_review,11.0,85,20,0.0
content_bb0116b8f994,client_d029fa3a95,64.4,refresh_priority_1,declining_page1_review,7.5,61,20,0.0
content_f375e87d8a0c,client_d029fa3a95,64.4,refresh_review,declining_review,13.0,40,20,0.0
content_9d45a4710a9a,client_4e07408562,64.4,refresh_review,declining_review,22.2,13393,25,0.08
content_c19a369aae31,client_d029fa3a95,64.4,refresh_priority_1,declining_page1_review,7.3,24,20,0.0
content_c5bf69f2eddc,client_f369cb89fc,64.4,refresh_priority_1,declining_page1_review,6.2,647,20,0.77
content_b74b7e3fcb62,client_4e07408562,64.4,refresh_review,declining_review,16.3,1137,13,0.09
content_224c277bdea9,client_f369cb89fc,64.4,refresh_review,declining_review,11.1,79,20,0.0
content_e9e01655126c,client_4e07408562,64.3,refresh_review,declining_review,13.0,4006,14,0.12
content_4e6d453b3583,client_f369cb89fc,64.3,refresh_priority_1,declining_page1_review,7.6,1613,20,0.5
content_e05c95d4e587,client_d029fa3a95,64.3,refresh_review,declining_review,15.1,34,20,0.0
content_d413728b3419,client_d029fa3a95,64.3,refresh_priority_1,declining_page1_review,5.4,20,8,0.0
content_2bc3b7c8b3d9,client_f369cb89fc,64.3,refresh_priority_1,declining_page1_review,4.9,526,8,0.76
content_b51781c1c8a1,client_f369cb89fc,64.3,refresh_review,declining_review,11.3,59,20,0.0
content_378b75b545d0,client_d029fa3a95,64.3,refresh_review,declining_review,10.1,28,20,0.0
content_f54ab828ec90,client_d029fa3a95,64.3,refresh_review,declining_review,12.6,30,20,0.0
content_eaaa9a5b3878,client_4e07408562,64.3,refresh_priority_1,declining_page1_review,5.9,761,104,0.0
content_b9dbe33df3ad,client_d029fa3a95,64.3,refresh_review,declining_review,12.9,96,20,0.0
content_ace1680995f5,client_8527a891e2,64.3,refresh_review,declining_review,50.2,521,104,0.0
content_3283dafb666d,client_4e07408562,64.3,refresh_review,declining_review,21.5,1974,13,0.1
content_946fbf519eb7,client_bdd2d3af3a,64.3,refresh_priority_1,declining_page1_review,9.3,45,8,0.0
content_8ac7c6a503d5,client_4e07408562,64.3,refresh_review,declining_review,16.9,2213,14,0.09
content_4b70c9928c35,client_4e07408562,64.3,refresh_review,declining_review,18.8,1556,7,0.06
content_962972165d6a,client_4e07408562,64.3,refresh_priority_1,declining_page1_review,8.4,479,13,0.42
content_c43d05ffcd6b,client_d029fa3a95,64.3,refresh_review,declining_review,43.4,165,8,0.0
content_8af12b14fe26,client_4e07408562,64.3,refresh_review,declining_review,24.9,1362,13,0.15
content_4baad6349cef,client_d029fa3a95,64.2,refresh_review,declining_review,10.1,45,20,0.0
content_b8b3a9403cee,client_4e07408562,64.2,refresh_review,declining_review,19.9,2961,13,0.0
content_6fe71b8e8e19,client_f369cb89fc,64.2,refresh_review,declining_review,19.4,163,20,0.0
content_2537cfe44541,client_f369cb89fc,64.2,refresh_priority_1,declining_page1_review,5.6,70,20,0.0
content_d149b02b1cb1,client_f369cb89fc,64.2,refresh_review,declining_review,12.0,219,20,0.46
content_609bdf9d98cd,client_4e07408562,64.2,refresh_priority_1,declining_page1_review,4.0,4523,7,0.09
content_32b64e0bf487,client_4e07408562,64.2,refresh_priority_1,declining_page1_review,4.8,11767,14,0.12
content_cc72108d3f01,client_8527a891e2,64.2,refresh_priority_1,declining_page1_review,6.1,2025,104,0.25
content_ff3237507101,client_4e07408562,64.2,refresh_priority_1,declining_page1_review,4.9,3582,104,0.61
content_b753b325d76d,client_d029fa3a95,64.2,refresh_review,declining_review,25.5,71,20,0.0
content_2bf7b6b90bfa,client_8527a891e2,64.2,refresh_review,declining_review,66.0,935,103,0.0
content_8379c02e9fad,client_4e07408562,64.2,refresh_review,declining_review,10.5,1873,13,0.0
content_7cd3d321a3ad,client_f369cb89fc,64.2,refresh_priority_1,declining_page1_review,10.0,503,20,0.2
content_2eb047841032,client_8527a891e2,64.2,refresh_priority_1,declining_page1_review,4.3,30,92,0.0
content_ef77ee9f9266,client_8527a891e2,64.2,refresh_priority_1,declining_page1_review,5.8,34,98,0.0
content_43aa1cde48e3,client_4e07408562,64.2,refresh_priority_1,declining_page1_review,2.7,6054,14,0.5
content_5585a0e7089c,client_8527a891e2,64.2,refresh_review,declining_review,18.2,106,102,0.0
content_84eb19a79c66,client_f369cb89fc,64.2,refresh_priority_1,declining_page1_review,7.2,193,8,0.52
content_227c8dfa69ca,client_f369cb89fc,64.2,refresh_priority_1,declining_page1_review,6.9,97,20,0.0
content_82cb4787e57b,client_d029fa3a95,64.1,refresh_priority_1,declining_page1_review,6.4,119,20,0.84
content_f73e0ed1704e,client_4e07408562,64.1,refresh_priority_1,declining_page1_review,3.7,654,104,0.15
content_0db1804a6bea,client_4e07408562,64.1,refresh_review,declining_review,28.8,1516,13,0.07
content_d6882ad218ce,client_4e07408562,64.1,refresh_priority_1,declining_page1_review,8.9,25879,25,0.11
content_ecfbe983a886,client_f369cb89fc,64.1,refresh_priority_1,declining_page1_review,8.5,150,20,0.0
content_e23a1f53cac0,client_f369cb89fc,64.1,refresh_priority_1,declining_page1_review,10.0,174,20,0.57
content_387c447c4e95,client_4e07408562,64.1,refresh_review,declining_review,28.0,5564,20,0.07
content_76a23395000b,client_4e07408562,64.1,refresh_priority_1,declining_page1_review,7.0,5407,7,0.18
content_e5705e13fa26,client_8527a891e2,64.1,refresh_priority_1,declining_page1_review,8.7,33,98,0.0
content_cf5a10fe2674,client_f369cb89fc,64.1,refresh_priority_1,declining_page1_review,6.8,77,20,0.0
content_c82a63988e25,client_4e07408562,64.1,refresh_review,declining_review,19.4,380,13,0.0
content_873621db1cd6,client_4e07408562,64.1,refresh_priority_1,declining_page1_review,5.9,510,104,0.98
content_3a4141cd3e0f,client_4e07408562,64.0,refresh_priority_1,declining_page1_review,6.4,8349,14,0.24
content_be5220c4102d,client_4e07408562,64.0,refresh_priority_1,declining_page1_review,5.9,1640,7,0.37
content_83784080ee4d,client_8527a891e2,64.0,refresh_review,declining_review,13.4,842,104,0.36
content_eafa38d2fa4c,client_f369cb89fc,64.0,refresh_priority_1,declining_page1_review,6.2,147,20,0.0
content_7074b1199a78,client_f369cb89fc,64.0,refresh_priority_1,declining_page1_review,3.8,97,20,1.03
content_eac9815a500f,client_4e07408562,64.0,refresh_review,declining_review,16.6,12741,25,0.18
content_65abd78784df,client_d029fa3a95,64.0,refresh_priority_1,declining_page1_review,5.3,96,8,1.04
content_d4ffb2d1438b,client_d029fa3a95,64.0,refresh_priority_1,declining_page1_review,5.4,43,8,0.0
content_ee28deeee58f,client_4e07408562,64.0,refresh_priority_1,declining_page1_review,9.3,5293,25,0.26
content_9fef01942ba9,client_4e07408562,64.0,refresh_priority_1,declining_page1_review,6.3,6177,7,0.18
content_b15740b532b8,client_4e07408562,64.0,refresh_review,declining_review,35.5,4800,13,0.04
content_2dd441ededdf,client_f369cb89fc,64.0,refresh_priority_1,declining_page1_review,8.0,29,20,0.0
content_e38b7fe0f8a5,client_f369cb89fc,64.0,refresh_priority_1,declining_page1_review,9.4,614,20,0.65
content_3fe9924209db,client_4e07408562,64.0,refresh_review,declining_review,11.4,1457,7,0.27
content_9b6e24538b9e,client_d029fa3a95,64.0,refresh_review,declining_review,36.8,444,20,0.23
content_7722b5a25503,client_d029fa3a95,64.0,refresh_review,declining_review,12.7,51,20,0.0
content_7385e90f8a18,client_4e07408562,64.0,refresh_review,declining_review,12.5,3699,20,0.16
content_5db5f90e5501,client_f369cb89fc,64.0,refresh_priority_1,declining_page1_review,7.7,47,20,0.0
content_7c14c899d2c5,client_f369cb89fc,64.0,refresh_review,declining_review,16.1,1306,20,0.31
content_21372059d29f,client_f369cb89fc,64.0,refresh_review,declining_review,10.1,73,20,0.0
content_f852ec837892,client_f369cb89fc,63.9,refresh_priority_1,declining_page1_review,9.7,105,20,0.0
content_ced08f8ea1ac,client_4e07408562,63.9,refresh_priority_1,declining_page1_review,7.7,5413,25,0.48
content_303f468a9201,client_8527a891e2,63.9,refresh_review,declining_review,10.8,56,104,0.0
content_f0d2cde9cec5,client_f369cb89fc,63.9,refresh_priority_1,declining_page1_review,6.8,326,20,1.53
content_8ff4e95a1d24,client_f369cb89fc,63.9,refresh_priority_1,declining_page1_review,6.9,72,20,0.0
content_00629d85f855,client_4e07408562,63.9,refresh_review,declining_review,15.7,1799,7,0.11
content_90e10153a72a,client_f369cb89fc,63.9,refresh_priority_1,declining_page1_review,5.4,6715,20,0.34
content_a33b9df1b504,client_4e07408562,63.9,refresh_priority_1,declining_page1_review,3.0,5900,7,0.1
content_282a02583641,client_434c9b5ae5,63.9,refresh_review,declining_review,16.7,366,20,0.0
content_463d176942da,client_4e07408562,63.9,refresh_review,declining_review,27.6,877,7,0.0
content_21b819522d93,client_f369cb89fc,63.9,refresh_priority_1,declining_page1_review,3.2,51,20,0.0
content_6320064497fd,client_4e07408562,63.9,refresh_review,declining_review,10.7,1390,13,0.07
content_2fa382a80d7c,client_4e07408562,63.9,refresh_review,declining_review,21.2,1139,7,0.0
content_ddf709ced15c,client_d029fa3a95,63.9,refresh_priority_1,declining_page1_review,6.9,24,20,0.0
content_059abcdaf2f2,client_4e07408562,63.9,refresh_review,declining_review,15.4,762,7,0.26
content_71b38cb18504,client_4e07408562,63.9,refresh_priority_1,declining_page1_review,6.6,7488,20,0.32
content_a337f2ba5701,client_d029fa3a95,63.9,refresh_review,declining_review,13.6,53,20,0.0
content_818a291377e2,client_4e07408562,63.9,refresh_priority_1,declining_page1_review,3.6,7850,20,0.22
content_eb107fec612f,client_d029fa3a95,63.8,refresh_priority_1,declining_page1_review,4.9,26,8,0.0
content_587fdf6f18f8,client_f369cb89fc,63.8,refresh_review,declining_review,16.5,234,20,0.43
content_1d1ad957a826,client_d029fa3a95,63.8,refresh_priority_1,declining_page1_review,7.9,28,20,0.0
content_cfef59c5d8c2,client_4e07408562,63.8,refresh_review,declining_review,13.2,2352,14,0.26
content_0b356863929f,client_4e07408562,63.8,refresh_review,declining_review,10.8,922,7,0.11
content_eda36b223195,client_d029fa3a95,63.8,refresh_priority_1,declining_page1_review,5.5,92,20,2.17
content_ef98c1cfce79,client_d029fa3a95,63.8,refresh_review,declining_review,28.1,444,20,0.23
content_cad6ddf10c7f,client_4e07408562,63.8,refresh_priority_1,declining_page1_review,6.3,17160,20,0.13
content_b12f1322a7d4,client_d029fa3a95,63.8,refresh_review,declining_review,16.4,54,20,0.0
content_d695c77deba2,client_4e07408562,63.8,refresh_priority_1,declining_page1_review,4.9,2853,104,0.25
content_d9177ef7753c,client_4e07408562,63.8,refresh_priority_1,declining_page1_review,9.1,261,13,0.0
content_f6a8bb38f970,client_8527a891e2,63.8,refresh_priority_1,declining_page1_review,6.2,1596,104,0.31
content_4d872d8aa28a,client_4e07408562,63.8,refresh_priority_1,declining_page1_review,7.3,3561,7,0.06
content_a058e966b9a6,client_f369cb89fc,63.8,refresh_priority_1,declining_page1_review,3.2,79,20,1.27
content_b45f91ebc732,client_4e07408562,63.7,refresh_review,declining_review,59.4,14940,104,0.02
content_a3548d64df7d,client_4e07408562,63.7,refresh_review,declining_review,16.9,541,5,0.18
content_ab46905e22f7,client_f369cb89fc,63.7,refresh_priority_1,declining_page1_review,4.8,46,20,0.0
content_0d748c484ab1,client_f369cb89fc,63.7,refresh_priority_1,declining_page1_review,5.6,2538,20,0.55
content_f8d20d27773f,client_4e07408562,63.7,refresh_priority_1,declining_page1_review,4.5,2752,104,0.8
content_dda15944f84f,client_4e07408562,63.7,refresh_priority_1,declining_page1_review,4.8,6392,104,0.53
content_d7038fa9919c,client_f369cb89fc,63.7,refresh_priority_1,declining_page1_review,7.6,167,20,0.6
content_c4b6fe20fadf,client_4e07408562,63.7,refresh_review,declining_review,12.9,2828,13,0.14
content_4a2d50e15535,client_4e07408562,63.7,refresh_review,declining_review,31.7,2932,7,0.0
content_de5087a874a9,client_f369cb89fc,63.7,refresh_priority_1,declining_page1_review,3.6,54,20,0.0
content_ece893172ee5,client_4e07408562,63.7,refresh_review,declining_review,10.7,3751,14,0.21
content_039a9883f6ec,client_4e07408562,63.7,refresh_review,declining_review,11.6,9119,25,0.1
content_a640f4c92b1a,client_bdd2d3af3a,63.7,refresh_priority_1,declining_page1_review,8.9,584,20,0.68
content_5c5fab9d41e7,client_4e07408562,63.7,refresh_priority_1,declining_page1_review,5.4,1794,104,0.06
content_fad0a4a335ba,client_4e07408562,63.7,refresh_review,declining_review,17.0,1028,7,0.19
content_b0d9646900d0,client_4e07408562,63.7,refresh_priority_1,declining_page1_review,4.6,2428,104,0.82
content_fd945d13065f,client_4e07408562,63.7,refresh_review,declining_review,15.3,9553,25,0.05
content_d239687e2c85,client_4e07408562,63.6,refresh_review,declining_review,27.8,1874,14,0.11
content_890e4beb286f,client_f369cb89fc,63.6,refresh_priority_1,declining_page1_review,5.1,47,20,0.0
content_3d817d0d09a2,client_d029fa3a95,63.6,refresh_review,declining_review,11.1,28,20,0.0
content_335a0d3403d5,client_4e07408562,63.6,refresh_review,declining_review,29.1,1529,13,0.0
content_300c70929b3f,client_8527a891e2,63.6,refresh_review,declining_review,12.1,37,8,0.0
content_9420e565888a,client_f369cb89fc,63.6,refresh_priority_1,declining_page1_review,5.8,62,20,1.61
content_16bd8ad6a2a1,client_4e07408562,63.6,refresh_review,declining_review,23.2,814,7,0.12
content_bfeab0d95550,client_f369cb89fc,63.6,refresh_review,declining_review,23.0,41474,20,0.14
content_919c68ff757c,client_4e07408562,63.6,refresh_priority_1,declining_page1_review,8.5,5987,25,0.17
content_6560653b173e,client_8527a891e2,63.6,refresh_priority_1,declining_page1_review,3.2,13,103,0.0
content_63ccce1a850e,client_4e07408562,63.6,refresh_priority_1,declining_page1_review,4.1,2163,7,0.18
content_44924d362d90,client_8527a891e2,63.6,refresh_priority_1,declining_page1_review,7.8,37,104,0.0
content_c1fffa18961c,client_8527a891e2,63.6,refresh_priority_1,declining_page1_review,5.6,25,8,0.0
content_43871a4ea259,client_4e07408562,63.6,refresh_review,declining_review,31.6,1015,7,0.0
content_2976424d2242,client_8527a891e2,63.6,refresh_priority_1,declining_page1_review,4.0,57,20,0.0
content_bd55a3c4881b,client_8527a891e2,63.5,refresh_review,declining_review,48.4,870,20,0.0
content_e069ebcf608e,client_f369cb89fc,63.5,refresh_priority_1,declining_page1_review,6.6,9951,20,0.52
content_27b835ea8b1c,client_d029fa3a95,63.5,refresh_review,declining_review,26.3,96,8,0.0
content_c6fb169d067c,client_d029fa3a95,63.5,refresh_priority_1,declining_page1_review,9.2,42,8,0.0
content_0060cdbd415e,client_d029fa3a95,63.5,refresh_priority_1,declining_page1_review,5.2,34,20,0.0
content_916773a56f03,client_f369cb89fc,63.5,refresh_priority_1,declining_page1_review,6.1,102,20,0.0
content_6c61a9a0c897,client_f369cb89fc,63.4,refresh_priority_1,declining_page1_review,6.3,51,8,0.0
content_799641a02d77,client_4e07408562,63.4,refresh_priority_1,declining_page1_review,9.1,10964,25,0.13
content_dbf29df094f9,client_4e07408562,63.4,refresh_review,declining_review,44.7,4519,104,0.0
content_a557ce775151,client_8527a891e2,63.4,refresh_priority_1,declining_page1_review,6.3,2348,104,0.13
content_5d8a509aff52,client_4e07408562,63.4,refresh_review,declining_review,12.1,1160,104,0.17
content_9aab34d4610e,client_d029fa3a95,63.4,refresh_priority_1,declining_page1_review,8.2,130,20,0.77
content_d376881f5bd0,client_4e07408562,63.4,refresh_review,declining_review,54.8,5301,104,0.0
content_63dfb10d2ca8,client_4e07408562,63.4,refresh_priority_1,declining_page1_review,7.0,31793,25,0.14
content_896a19677baf,client_4e07408562,63.4,refresh_review,declining_review,22.7,1171,104,0.0
content_0d64fda4cab6,client_4e07408562,63.4,refresh_priority_1,declining_page1_review,7.6,3681,13,0.33
content_20112fe50abb,client_f369cb89fc,63.4,refresh_priority_1,declining_page1_review,4.7,60,20,0.0
content_d0d54d0f71b3,client_4e07408562,63.4,refresh_review,declining_review,20.1,772,7,0.0
content_0f61fd99d0c9,client_d029fa3a95,63.4,refresh_priority_1,declining_page1_review,7.9,30,20,0.0
content_afbc1b8a8342,client_4e07408562,63.3,refresh_review,declining_review,29.9,1775,13,0.0
content_b5c4feda7c40,client_f369cb89fc,63.3,refresh_priority_1,declining_page1_review,5.9,2728,20,0.4
content_1638f0d2a064,client_f369cb89fc,63.3,refresh_review,declining_review,13.1,152,20,1.32
content_b6ba8b483c64,client_f369cb89fc,63.3,refresh_priority_1,declining_page1_review,6.3,328,20,0.91
content_ade4f6189920,client_8527a891e2,63.3,refresh_review,declining_review,16.6,49,104,0.0
content_51706631a7c3,client_d029fa3a95,63.3,refresh_review,declining_review,14.3,32,20,0.0
content_37ddbefe2b2b,client_f369cb89fc,63.3,refresh_priority_1,declining_page1_review,6.0,50,20,0.0
content_c26a63209e39,client_f369cb89fc,63.3,refresh_review,declining_review,19.9,154,20,0.0
content_d52640dd8dca,client_4e07408562,63.3,refresh_review,declining_review,13.6,148,104,0.0
content_9ae5157e9941,client_4e07408562,63.3,refresh_review,declining_review,25.5,2265,13,0.13
content_a5d4fab37508,client_f369cb89fc,63.3,refresh_priority_1,declining_page1_review,8.0,3261,20,0.43
content_e3d9d943dfb8,client_f369cb89fc,63.3,refresh_priority_1,declining_page1_review,6.9,57,20,0.0
content_b63ea08e8bc1,client_f369cb89fc,63.3,refresh_priority_1,declining_page1_review,0.6,90,20,1.11
content_761bd8633dfa,client_8527a891e2,63.3,refresh_priority_1,declining_page1_review,8.7,71,103,1.41
content_ed5667b58b1a,client_4e07408562,63.3,refresh_review,declining_review,33.0,4926,104,0.04
content_9f73f233ef36,client_d029fa3a95,63.3,refresh_priority_1,declining_page1_review,5.6,26,20,0.0
content_569475b335ab,client_4e07408562,63.2,refresh_review,declining_review,42.5,780,104,0.13
content_192329b48d4e,client_434c9b5ae5,63.2,refresh_review,declining_review,10.7,223,20,0.0
content_4ea3cf14c32f,client_8527a891e2,63.2,refresh_priority_1,declining_page1_review,7.5,3247,104,0.25
content_3a93f78aa0a5,client_d029fa3a95,63.2,refresh_review,declining_review,13.1,79,183,0.0
content_a56a1c89ab0a,client_4e07408562,63.2,refresh_priority_1,declining_page1_review,4.3,32661,104,0.2
content_a4f8849b6605,client_f369cb89fc,63.2,refresh_review,declining_review,13.0,165,20,0.0
content_fcfb13df26bf,client_4e07408562,63.2,refresh_review,declining_review,38.9,662,104,0.0
content_3446a7e3222d,client_4e07408562,63.2,refresh_review,declining_review,11.7,2467,13,0.12
content_f7dee1b3c0b1,client_f369cb89fc,63.2,refresh_priority_1,declining_page1_review,7.2,2868,20,0.63
content_8f5c5451afb1,client_4e07408562,63.2,refresh_review,declining_review,60.0,5879,13,0.0
content_fc0d096e1ae0,client_4e07408562,63.2,refresh_priority_1,declining_page1_review,9.3,760,7,0.26
content_f799608fac33,client_4e07408562,63.2,refresh_review,declining_review,13.3,676,7,0.3
content_508d030c8162,client_4e07408562,63.2,refresh_priority_1,declining_page1_review,7.0,8074,14,0.16
content_7562ba6fd5a0,client_d029fa3a95,63.2,refresh_review,declining_review,13.3,279,20,0.0
content_d5a9fc0e9ea6,client_f369cb89fc,63.2,refresh_priority_1,declining_page1_review,2.7,35,20,0.0
content_01f1b971c5ac,client_f369cb89fc,63.1,refresh_priority_1,declining_page1_review,4.0,32,20,0.0
content_3ad1d026a173,client_4e07408562,63.1,refresh_review,declining_review,32.3,2053,7,0.05
content_6926821766df,client_f369cb89fc,63.1,refresh_priority_1,declining_page1_review,4.4,56082,20,0.2
content_14829a4b4083,client_8527a891e2,63.1,refresh_review,declining_review,10.5,170,104,1.18
content_878993918fc2,client_4e07408562,63.1,refresh_priority_1,declining_page1_review,4.5,1231,104,0.08
content_c0591eb357ae,client_d029fa3a95,63.1,refresh_priority_1,declining_page1_review,5.5,13,20,0.0
content_5292478e83f6,client_4e07408562,63.1,refresh_review,declining_review,47.1,4764,104,0.0
content_d8e1b5fb9606,client_4e07408562,63.1,refresh_priority_1,declining_page1_review,5.6,2781,104,0.79
content_fc9f073aac64,client_d029fa3a95,63.1,refresh_review,declining_review,10.1,90,20,1.11
content_6dd6d7779405,client_4e07408562,63.1,refresh_review,declining_review,38.7,2609,7,0.04
content_875936a9d73e,client_f369cb89fc,63.1,refresh_priority_1,declining_page1_review,7.6,150,20,1.33
content_69a47932f76f,client_d029fa3a95,63.1,refresh_priority_1,declining_page1_review,7.9,27,8,0.0
content_6b1f3081da7c,client_f369cb89fc,63.0,refresh_priority_1,declining_page1_review,7.6,208,20,0.96
content_efa9008475e6,client_f369cb89fc,63.0,refresh_review,declining_review,17.4,226,20,0.44
content_354948ef61d1,client_4e07408562,63.0,refresh_review,declining_review,13.3,1483,13,0.2
content_eb1e4990a930,client_f369cb89fc,63.0,refresh_priority_1,declining_page1_review,4.4,67,20,2.99
content_457796eab16d,client_8527a891e2,63.0,refresh_review,declining_review,73.6,3741,103,0.0
content_ebc1218e6383,client_f369cb89fc,63.0,refresh_review,declining_review,45.3,752,106,0.13
content_afaecdd092fb,client_f369cb89fc,63.0,refresh_priority_1,declining_page1_review,7.4,50,20,0.0
content_a0e5608803b6,client_f369cb89fc,63.0,refresh_review,declining_review,12.5,212,20,0.47
content_208d6086e32b,client_f369cb89fc,63.0,refresh_review,declining_review,12.3,117,20,0.0
content_ef8f01c55c84,client_d029fa3a95,63.0,refresh_priority_1,declining_page1_review,9.1,39,20,0.0
content_52a8a945cfc3,client_f369cb89fc,63.0,refresh_priority_1,declining_page1_review,8.7,23,20,0.0
content_8c05feed3339,client_4e07408562,63.0,refresh_priority_1,declining_page1_review,4.4,6276,13,0.22
content_2978fdbfef25,client_f369cb89fc,63.0,refresh_priority_1,declining_page1_review,8.2,90,20,0.0
content_deb2676eeef1,client_4e07408562,63.0,refresh_review,declining_review,11.0,2266,14,0.13
content_dabc9953dae7,client_8527a891e2,63.0,refresh_priority_1,declining_page1_review,8.4,317,104,0.32
content_58abc05dcae5,client_f369cb89fc,63.0,refresh_priority_1,declining_page1_review,4.7,5819,20,0.24
content_ab5c69d8b3b1,client_f369cb89fc,63.0,refresh_priority_1,declining_page1_review,8.2,96,20,0.0
content_47808e2c16d4,client_f369cb89fc,62.9,refresh_priority_1,declining_page1_review,6.1,324,20,0.62
content_f73c382ac270,client_8527a891e2,62.9,refresh_review,declining_review,15.6,1256,104,0.32
content_56afb8453fdd,client_f369cb89fc,62.9,refresh_review,declining_review,12.4,349,20,0.57
content_0ae004d4a60f,client_8527a891e2,62.9,refresh_review,declining_review,17.3,17,92,0.0
content_499076ef81ae,client_f369cb89fc,62.9,refresh_priority_1,declining_page1_review,8.3,202,20,0.5
content_05029401b9b1,client_8527a891e2,62.9,refresh_review,declining_review,74.6,3437,20,0.0
content_b7e4fd5e6aa4,client_4e07408562,62.9,refresh_review,declining_review,33.1,477,104,0.0
content_89de5e45f7aa,client_4e07408562,62.9,refresh_review,declining_review,27.4,7468,25,0.12
content_c4d96fe72d8f,client_f369cb89fc,62.9,refresh_priority_1,declining_page1_review,4.0,10197,20,0.72
content_53dbc1ffcf0b,client_f369cb89fc,62.9,refresh_priority_1,declining_page1_review,4.6,51,20,0.0
content_71170f25432d,client_d029fa3a95,62.9,refresh_review,declining_review,12.3,61,20,0.0
content_818ab0fdbc8b,client_d029fa3a95,62.9,refresh_priority_1,declining_page1_review,8.3,16,8,0.0
content_1277794b437d,client_4e07408562,62.8,refresh_priority_1,declining_page1_review,9.6,2471,13,0.12
content_4e1fb41126d0,client_f369cb89fc,62.8,refresh_priority_1,declining_page1_review,5.0,113,20,0.88
content_658a39f88a25,client_4e07408562,62.8,refresh_priority_1,declining_page1_review,8.1,5607,25,0.29
content_6ae6efde2b86,client_4e07408562,62.8,refresh_review,declining_review,18.9,1120,13,0.09
content_43a70ba6b218,client_4e07408562,62.8,refresh_priority_1,declining_page1_review,6.9,18167,104,0.07
content_9c678bf72cdc,client_d029fa3a95,62.8,refresh_priority_1,declining_page1_review,6.7,31,20,0.0
content_6c4878bc9fe1,client_4e07408562,62.8,refresh_review,declining_review,33.7,292,104,0.0
content_38c564400f65,client_4e07408562,62.8,refresh_review,declining_review,22.1,2595,13,0.12
content_ae80791f30c4,client_d029fa3a95,62.8,refresh_review,declining_review,16.7,106,20,0.0
content_161c3cee3739,client_8527a891e2,62.8,refresh_review,declining_review,40.5,515,20,0.0
content_86e83855c103,client_4e07408562,62.8,refresh_priority_1,declining_page1_review,6.7,9975,25,0.21
content_fddf86c42327,client_d029fa3a95,62.8,refresh_priority_1,declining_page1_review,4.8,13,20,0.0
content_c9a70fe6cdbd,client_4e07408562,62.8,refresh_priority_1,declining_page1_review,9.1,141,13,0.0
content_1ba63728d50e,client_d029fa3a95,62.8,refresh_review,declining_review,12.2,25,8,0.0
content_57a3f0ed6641,client_4e07408562,62.8,refresh_review,declining_review,17.9,366,13,0.0
content_217ab13a19c2,client_8527a891e2,62.7,refresh_review,declining_review,12.2,24,104,0.0
content_e65dfd783f8d,client_4e07408562,62.7,refresh_review,declining_review,12.7,1827,13,0.16
content_fc2cd6cb8533,client_4e07408562,62.7,refresh_review,declining_review,39.4,564,104,0.0
content_5a051ddd8401,client_f369cb89fc,62.7,refresh_priority_1,declining_page1_review,8.2,70,20,0.0
content_95eb62b8ea25,client_d029fa3a95,62.7,refresh_priority_1,declining_page1_review,7.4,33,20,0.0
content_99832ecb371f,client_f369cb89fc,62.7,refresh_priority_1,declining_page1_review,6.1,58,20,0.0
content_53d6fdc534bc,client_4e07408562,62.7,refresh_priority_1,declining_page1_review,7.6,491,7,0.61
content_e50271b2ab15,client_4e07408562,62.7,refresh_priority_1,declining_page1_review,10.0,6349,20,0.14
content_f23ba2fb885a,client_d029fa3a95,62.7,refresh_review,declining_review,13.3,50,20,0.0
content_9a5a48758da3,client_4e07408562,62.7,refresh_review,declining_review,45.1,1644,7,0.0
content_7c750052e015,client_f369cb89fc,62.7,refresh_priority_1,declining_page1_review,6.6,698,20,0.72
content_54d639e084af,client_4e07408562,62.7,refresh_priority_1,declining_page1_review,8.3,2129,7,0.05
content_2100604d780a,client_d029fa3a95,62.7,refresh_review,declining_review,14.4,73,20,0.0
content_8a12b4649424,client_f369cb89fc,62.7,refresh_priority_1,declining_page1_review,6.5,645,20,0.47
content_b572f8dba3c4,client_f369cb89fc,62.7,refresh_priority_1,declining_page1_review,3.9,402,20,0.75
content_d39c538aae1d,client_4e07408562,62.7,refresh_priority_1,declining_page1_review,9.7,525,5,0.19
content_d2995e6d4c2a,client_d029fa3a95,62.7,refresh_review,declining_review,30.6,68,20,0.0
content_6ca98221ccd9,client_f369cb89fc,62.7,refresh_review,declining_review,15.5,5440,20,0.22
content_46cf314d7658,client_f369cb89fc,62.7,refresh_priority_1,declining_page1_review,9.6,224,20,1.34
content_fd00977c83ec,client_d029fa3a95,62.7,refresh_priority_1,declining_page1_review,9.3,57,20,1.75
content_c98a488df236,client_4e07408562,62.7,refresh_review,declining_review,14.5,2655,13,0.19
content_d349a23934ae,client_d029fa3a95,62.6,refresh_review,declining_review,18.8,122,20,0.82
content_816d77e36e14,client_8527a891e2,62.6,refresh_review,declining_review,25.3,208,104,0.48
content_12ef84e911f0,client_4e07408562,62.6,refresh_review,declining_review,16.3,9746,25,0.09
content_ff4dac7dd334,client_4e07408562,62.6,refresh_review,declining_review,23.5,9658,25,0.04
content_0fe2b5eda5c5,client_f369cb89fc,62.6,refresh_priority_1,declining_page1_review,7.7,128,20,0.0
content_fa4b8e00edf9,client_8527a891e2,62.6,refresh_review,declining_review,24.4,51,104,0.0
content_9bffe222a0f6,client_f369cb89fc,62.6,refresh_priority_1,declining_page1_review,6.0,395,20,0.25
content_7457fe06f56d,client_f369cb89fc,62.6,refresh_priority_1,declining_page1_review,6.4,71,20,0.0
content_da45ecf1bf77,client_4e07408562,62.6,refresh_priority_1,declining_page1_review,3.2,377,104,0.0
content_e1187a069e61,client_4e07408562,62.6,refresh_review,declining_review,27.3,1129,7,0.0
content_59eaebe35b9c,client_4e07408562,62.6,refresh_priority_1,declining_page1_review,3.5,2257,7,0.49
content_e8f2b01c3603,client_f369cb89fc,62.6,refresh_review,declining_review,18.5,190,20,0.53
content_89df11e2b77d,client_f369cb89fc,62.6,refresh_priority_1,declining_page1_review,8.2,2477,20,0.36
content_1d2db6db4635,client_4e07408562,62.6,refresh_priority_1,declining_page1_review,5.9,2085,7,0.24
content_6e1712f8e971,client_8527a891e2,62.6,refresh_priority_1,declining_page1_review,9.9,57,20,0.0
content_65ab749279c8,client_4e07408562,62.6,refresh_priority_1,declining_page1_review,8.9,523,13,0.0
content_f8e170580eab,client_434c9b5ae5,62.6,refresh_review,declining_review,23.9,357,8,0.0
content_2bff67d1e32c,client_f369cb89fc,62.5,refresh_review,declining_review,10.9,76,20,0.0
content_0817e1920983,client_4e07408562,62.5,refresh_priority_1,declining_page1_review,9.2,7422,25,0.11
content_c4ebfc5cead5,client_4e07408562,62.5,refresh_review,declining_review,14.8,5081,25,0.14
content_2ceef0464663,client_f369cb89fc,62.5,refresh_priority_1,declining_page1_review,1.6,7,20,0.0
content_073d53bacb8f,client_4e07408562,62.5,refresh_priority_1,declining_page1_review,5.2,4647,13,0.34
content_41bcf8c94876,client_4e07408562,62.5,refresh_priority_1,declining_page1_review,7.9,368,104,0.82
content_de9d270f0d2a,client_f369cb89fc,62.5,refresh_review,declining_review,12.9,77,20,0.0
content_5616c52d3974,client_d029fa3a95,62.5,refresh_priority_1,declining_page1_review,8.5,56,20,0.0
content_3a510b962660,client_f369cb89fc,62.5,refresh_priority_1,declining_page1_review,6.8,74,20,0.0
content_f55fda30b292,client_d029fa3a95,62.5,refresh_priority_1,declining_page1_review,5.4,23,20,0.0
content_6e04efee3c6e,client_4e07408562,62.5,refresh_priority_1,declining_page1_review,6.7,962,5,0.1
content_9e722da54bd3,client_f369cb89fc,62.5,refresh_priority_1,declining_page1_review,6.3,10054,8,0.32
content_a054b061b7a6,client_d029fa3a95,62.5,refresh_priority_1,declining_page1_review,6.2,62,20,1.61
content_d4fb9c8391a0,client_f369cb89fc,62.5,refresh_priority_1,declining_page1_review,8.0,75,20,0.0
content_ebd5efd8727e,client_d029fa3a95,62.5,refresh_review,declining_review,25.7,128,8,0.0
content_475cb3299049,client_f369cb89fc,62.5,refresh_review,declining_review,10.2,277,20,0.72
content_42fbb334788f,client_434c9b5ae5,62.5,refresh_review,declining_review,16.5,1242,20,0.16
content_47ad2850fde2,client_d029fa3a95,62.4,refresh_review,declining_review,25.3,120,8,0.0
content_dea0d86223f3,client_8527a891e2,62.4,refresh_priority_1,declining_page1_review,8.7,59,92,0.0
content_cfef7a29b544,client_d029fa3a95,62.4,refresh_review,declining_review,26.6,88,20,0.0
content_d75f26099a8e,client_4e07408562,62.4,refresh_review,declining_review,12.0,1412,14,0.21
content_7f6b72253c41,client_f369cb89fc,62.4,refresh_priority_1,declining_page1_review,2.8,37,20,0.0
content_f89be6a6a437,client_8527a891e2,62.4,refresh_priority_1,declining_page1_review,4.8,903,104,0.78
content_0fd688a63532,client_4e07408562,62.4,refresh_review,declining_review,14.4,450,104,0.0
content_3443261a25bc,client_d029fa3a95,62.4,refresh_priority_1,declining_page1_review,5.8,104,20,0.96
content_9740b2c319a7,client_4e07408562,62.4,refresh_review,declining_review,24.4,548,13,0.0
content_e25f201f9014,client_4e07408562,62.4,refresh_review,declining_review,14.8,342,104,0.0
content_2a6a41cdfcbe,client_4e07408562,62.4,refresh_priority_1,declining_page1_review,5.5,6481,13,0.19
content_9746794ea57e,client_8527a891e2,62.4,refresh_priority_1,declining_page1_review,8.0,41,104,0.0
content_3d4ba0dbe63a,client_4e07408562,62.4,refresh_review,declining_review,10.8,1535,7,0.2
content_b2701f6a9d6b,client_d029fa3a95,62.4,refresh_priority_1,declining_page1_review,1.9,7,20,0.0
content_8e1e06655e78,client_f369cb89fc,62.4,refresh_priority_1,declining_page1_review,5.6,39,20,0.0
content_ce59581533ca,client_8527a891e2,62.4,refresh_review,declining_review,18.8,289,102,0.69
content_e546e8d771ec,client_f369cb89fc,62.4,refresh_priority_1,declining_page1_review,4.9,41,20,0.0
content_34b33e6b67e1,client_434c9b5ae5,62.4,refresh_review,declining_review,12.7,129,89,0.0
content_def2f2195183,client_4e07408562,62.4,refresh_review,declining_review,12.2,1317,104,0.23
content_d800cce05023,client_8527a891e2,62.4,refresh_priority_1,declining_page1_review,6.4,9195,104,0.17
content_3ef4b5f68014,client_d029fa3a95,62.4,refresh_review,declining_review,10.3,21,20,0.0
content_dd56958385a4,client_8527a891e2,62.4,refresh_review,declining_review,15.4,60,104,0.0
content_b3064bf4f105,client_f369cb89fc,62.4,refresh_review,declining_review,37.9,286,20,0.0
content_fc1fcfcd270a,client_f369cb89fc,62.3,refresh_priority_1,declining_page1_review,7.7,36,20,0.0
content_cec88fea7a4f,client_4e07408562,62.3,refresh_priority_1,declining_page1_review,5.6,30627,7,0.1
content_ba740deaf550,client_4e07408562,62.3,refresh_priority_1,declining_page1_review,3.0,17914,20,0.15
content_f91ec1c7af3d,client_4e07408562,62.3,refresh_priority_1,declining_page1_review,6.3,2053,7,0.19
content_8f71790b7333,client_f369cb89fc,62.3,refresh_priority_1,declining_page1_review,8.6,68,20,0.0
content_a35029d5d818,client_8527a891e2,62.3,refresh_priority_1,declining_page1_review,5.9,29,8,0.0
content_36d36a435fd1,client_f369cb89fc,62.3,refresh_priority_1,declining_page1_review,3.6,15,20,0.0
content_6499b59bdc70,client_4e07408562,62.3,refresh_priority_1,declining_page1_review,9.3,1982,14,0.15
content_83446f50be70,client_d029fa3a95,62.3,refresh_priority_1,declining_page1_review,6.0,15,20,0.0
content_a04db99b759c,client_d029fa3a95,62.3,refresh_review,declining_review,21.3,208,20,0.0
content_9e390d63ef52,client_4e07408562,62.3,refresh_review,declining_review,15.6,1035,7,0.19
content_9a29756fbe1e,client_f369cb89fc,62.3,refresh_priority_1,declining_page1_review,5.0,35,20,0.0
content_79bf59875d0e,client_f369cb89fc,62.3,refresh_priority_1,declining_page1_review,9.4,523,20,0.57
content_5a6d1744fda1,client_d029fa3a95,62.3,refresh_priority_1,declining_page1_review,4.1,17,20,0.0
content_d866e1f09405,client_f369cb89fc,62.2,refresh_priority_1,declining_page1_review,7.3,8894,20,0.29
content_61f4a24677e0,client_4e07408562,62.2,refresh_review,declining_review,12.7,2441,13,0.16
content_1bf0002f60cc,client_4e07408562,62.2,refresh_review,declining_review,30.5,2573,104,0.08
content_3a470a752d01,client_8527a891e2,62.2,refresh_review,declining_review,10.1,14,104,0.0
content_6a0e55841e2e,client_4e07408562,62.2,refresh_priority_1,declining_page1_review,6.6,10318,7,0.25
content_cb005cbcbcb7,client_f369cb89fc,62.2,refresh_review,declining_review,12.3,1622,20,0.49
content_f698f57c8375,client_f369cb89fc,62.2,refresh_priority_1,declining_page1_review,6.3,158,20,0.63
content_6a25547cf30b,client_4e07408562,62.2,refresh_priority_1,declining_page1_review,4.7,13967,20,0.31
content_f20bd6333741,client_f369cb89fc,62.2,refresh_priority_1,declining_page1_review,6.6,242,20,1.24
content_6a9cd9678ddf,client_4e07408562,62.2,refresh_review,declining_review,17.9,2100,14,0.14
content_508f5c9b8535,client_f369cb89fc,62.2,refresh_review,declining_review,13.4,5864,20,0.32
content_9d511fbc89e3,client_f369cb89fc,62.2,refresh_priority_1,declining_page1_review,4.5,182,20,1.1
content_4fab2c257b4d,client_d029fa3a95,62.2,refresh_review,declining_review,28.8,158,20,0.0
content_e0a28bd3e747,client_d029fa3a95,62.2,refresh_review,declining_review,14.9,58,20,0.0
content_123755578af6,client_f369cb89fc,62.2,refresh_priority_1,declining_page1_review,6.0,397,20,1.26
content_dcc72a7f01f3,client_f369cb89fc,62.2,refresh_review,declining_review,13.4,102,20,0.0
content_ea52aa5790c1,client_4e07408562,62.2,refresh_priority_1,declining_page1_review,8.2,3872,20,0.15
content_e5fb887e4de5,client_f369cb89fc,62.1,refresh_priority_1,declining_page1_review,6.2,18,20,0.0
content_7469fe7380c5,client_4e07408562,62.1,refresh_review,declining_review,10.6,6513,25,0.25
content_0da78e231915,client_4e07408562,62.1,refresh_priority_1,declining_page1_review,7.5,197,13,0.0
content_aefd4fae2c86,client_8527a891e2,62.1,refresh_review,declining_review,13.1,160,20,0.0
content_6485a0c29b17,client_d029fa3a95,62.1,refresh_priority_1,declining_page1_review,8.2,36,20,0.0
content_bdf67436ad54,client_4e07408562,62.1,refresh_review,declining_review,11.5,1013,7,0.1
content_f4c3734e72bf,client_8527a891e2,62.1,refresh_review,declining_review,10.9,38,103,0.0
content_45250b3944bc,client_4e07408562,62.1,refresh_review,declining_review,25.3,867,13,0.12
content_04a7a1b7b5ec,client_4e07408562,62.1,refresh_review,declining_review,19.0,487,13,0.0
content_769a421d4a73,client_4e07408562,62.1,refresh_review,declining_review,30.7,12070,25,0.02
content_ea1f99ab1032,client_4e07408562,62.1,refresh_review,declining_review,14.2,797,13,0.5
content_5af4c93ae18a,client_4e07408562,62.1,refresh_review,declining_review,24.3,755,7,0.13
content_bd9e508a940e,client_f369cb89fc,62.1,refresh_priority_1,declining_page1_review,7.1,33,20,0.0
content_8f8de26e32ef,client_f369cb89fc,62.1,refresh_priority_1,declining_page1_review,6.4,32,20,0.0
content_7fd8dac27be0,client_d029fa3a95,62.1,refresh_priority_1,declining_page1_review,6.1,49,20,0.0
content_51d04bff6a5e,client_4e07408562,62.1,refresh_review,declining_review,20.0,2527,13,0.16
content_ef324be709a5,client_8527a891e2,62.1,refresh_review,declining_review,12.6,70,20,0.0
content_47806094bb4d,client_f369cb89fc,62.1,refresh_review,declining_review,18.8,125,20,0.0
content_e54835b2ecd6,client_f369cb89fc,62.1,refresh_priority_1,declining_page1_review,6.1,55,20,0.0
content_702689a73287,client_4e07408562,62.1,refresh_review,declining_review,24.6,2251,13,0.13
content_92dfc8f4d69e,client_f369cb89fc,62.0,refresh_priority_1,declining_page1_review,5.7,93,20,1.08
content_b8ce248b3e6b,client_e629fa6598,62.0,refresh_priority_1,declining_page1_review,7.1,336,20,0.0
content_99aeeed59c45,client_f369cb89fc,62.0,refresh_priority_1,declining_page1_review,4.1,45,20,0.0
content_adfc46f3f033,client_d029fa3a95,62.0,refresh_review,declining_review,23.7,22,183,0.0
content_609902f4bc8c,client_4e07408562,62.0,refresh_priority_1,declining_page1_review,6.4,31756,34,0.07
content_08366e95bd39,client_8527a891e2,62.0,refresh_review,declining_review,44.3,209,92,0.0
content_c4b138c22942,client_f369cb89fc,62.0,refresh_review,declining_review,34.1,216,20,0.0
content_fe102fe99c2e,client_4e07408562,61.9,refresh_priority_1,declining_page1_review,6.6,7293,25,0.22
content_ba43e8a32bb4,client_f369cb89fc,61.9,refresh_priority_1,declining_page1_review,9.3,472,20,0.21
content_ca189bed60cb,client_f369cb89fc,61.9,refresh_review,declining_review,20.0,46,20,0.0
content_2e2195595695,client_4e07408562,61.9,refresh_review,declining_review,13.6,1648,7,0.18
content_21fbd546fbbf,client_d029fa3a95,61.9,refresh_priority_1,declining_page1_review,8.9,45,20,0.0
content_279959931918,client_4e07408562,61.9,refresh_review,declining_review,10.6,681,7,0.29
content_b23ecee1eaf1,client_8527a891e2,61.9,refresh_priority_1,declining_page1_review,2.4,11,92,0.0
content_e9fcff2a8dc0,client_d029fa3a95,61.9,refresh_priority_1,declining_page1_review,9.9,24,20,0.0
content_f1923a73b444,client_e629fa6598,61.9,refresh_review,declining_review,38.5,374,104,0.0
content_7107cf349e26,client_f369cb89fc,61.9,refresh_priority_1,declining_page1_review,4.3,7,20,0.0
content_ab86fe44dea1,client_4e07408562,61.9,refresh_priority_1,declining_page1_review,7.6,895,7,0.0
content_8fc05eff4a33,client_f369cb89fc,61.9,refresh_priority_1,declining_page1_review,9.7,521,20,0.58
content_82818e437ac1,client_f369cb89fc,61.9,refresh_priority_1,declining_page1_review,7.1,93,20,2.15
content_049ed55f04f1,client_8527a891e2,61.8,refresh_review,declining_review,10.8,24,20,0.0
content_bb9018e32ba7,client_f369cb89fc,61.8,refresh_priority_1,declining_page1_review,9.4,99,20,1.01
content_0c65039d6b86,client_4e07408562,61.8,refresh_review,declining_review,14.4,379,13,0.0
content_2f32f2c94c2e,client_d029fa3a95,61.8,refresh_review,declining_review,11.9,41,20,0.0
content_7fbcb3c2bf89,client_8527a891e2,61.8,refresh_review,declining_review,15.2,29,92,0.0
content_d37aa2b14cff,client_f369cb89fc,61.8,refresh_review,declining_review,18.4,1482,20,0.27
content_39f6634b4ae1,client_d029fa3a95,61.8,refresh_review,declining_review,13.3,20,20,0.0
content_aef0878ba7fd,client_d029fa3a95,61.8,refresh_review,declining_review,11.7,28,20,0.0
content_32ec692a6061,client_4e07408562,61.8,refresh_review,declining_review,25.2,7153,25,0.08
content_6b6c0168bc79,client_4e07408562,61.8,refresh_review,declining_review,12.0,1031,13,0.29
content_43b7910eaa67,client_f369cb89fc,61.8,refresh_priority_1,declining_page1_review,6.8,9971,20,0.34
content_a698e76903a3,client_f369cb89fc,61.8,refresh_priority_1,declining_page1_review,9.7,1003,20,0.4
content_3b1e4d1ee83c,client_f369cb89fc,61.8,refresh_priority_1,declining_page1_review,5.8,36,20,0.0
content_c50a1209df88,client_4e07408562,61.8,refresh_review,declining_review,17.8,4601,25,0.11
content_78555c97f084,client_4e07408562,61.8,refresh_review,declining_review,28.4,3763,14,0.11
content_cbea784c5084,client_4e07408562,61.8,refresh_review,declining_review,37.6,2004,7,0.05
content_f9b14b940a10,client_f369cb89fc,61.8,refresh_priority_1,declining_page1_review,6.3,23,20,0.0
content_e081936d06c6,client_d029fa3a95,61.8,refresh_review,declining_review,17.1,153,20,0.0
content_c5e109e0af90,client_4e07408562,61.8,refresh_review,declining_review,39.4,2225,7,0.0
content_49001e07f686,client_f369cb89fc,61.8,refresh_priority_1,declining_page1_review,5.5,149,20,4.7
content_70e2f3c3f745,client_f369cb89fc,61.8,refresh_priority_1,declining_page1_review,4.7,31,20,0.0
content_a304849fde4b,client_d029fa3a95,61.8,refresh_priority_1,declining_page1_review,8.0,38,20,0.0
content_1a93903d60fb,client_4e07408562,61.8,refresh_review,declining_review,24.6,2291,14,0.09
content_29d504c9de3a,client_4e07408562,61.8,refresh_review,declining_review,10.9,3166,25,0.16
content_067ea1716caf,client_4e07408562,61.7,refresh_priority_1,declining_page1_review,5.7,3776,104,0.19
content_589eb131fcb7,client_f369cb89fc,61.7,refresh_priority_1,declining_page1_review,7.3,102,8,0.98
content_e3393b0b5359,client_4e07408562,61.7,refresh_review,declining_review,26.4,457,13,0.0
content_7e69b13d445e,client_4e07408562,61.7,refresh_priority_1,declining_page1_review,4.7,5167,7,0.29
content_8fe8a89ca29b,client_d029fa3a95,61.7,refresh_review,declining_review,13.6,31,20,0.0
content_f7f6f3f8054e,client_8527a891e2,61.7,refresh_priority_1,declining_page1_review,3.0,21,8,0.0
content_010b9063e59e,client_4e07408562,61.7,refresh_priority_1,declining_page1_review,9.9,2149,7,0.09
content_586775f69b06,client_4e07408562,61.7,refresh_review,declining_review,18.3,4044,25,0.07
content_c53c703f7e8d,client_d029fa3a95,61.7,refresh_review,declining_review,12.3,21,20,0.0
content_1980254ef582,client_8527a891e2,61.7,refresh_review,declining_review,13.9,46,92,0.0
content_243a639453c5,client_f369cb89fc,61.7,refresh_priority_1,declining_page1_review,7.8,37,20,0.0
content_ce154fd0f9ba,client_8527a891e2,61.7,refresh_review,declining_review,10.4,72,104,0.0
content_a62bf7fa639b,client_f369cb89fc,61.7,refresh_priority_1,declining_page1_review,3.6,5065,20,0.41
content_c83476e39f7d,client_4e07408562,61.6,refresh_review,declining_review,10.1,248,13,0.0
content_df80aa140eed,client_4e07408562,61.6,refresh_priority_1,declining_page1_review,7.3,21182,25,0.21
content_ffa457ea510f,client_f369cb89fc,61.6,refresh_priority_1,declining_page1_review,5.2,58319,20,0.23
content_77706e5871dd,client_f369cb89fc,61.6,refresh_priority_1,declining_page1_review,6.9,70,20,0.0
content_4dd642996c10,client_f369cb89fc,61.6,refresh_priority_1,declining_page1_review,9.3,50,20,0.0
content_14f5c86b0571,client_f369cb89fc,61.6,refresh_review,declining_review,13.1,245,20,0.0
content_f4d712454d2f,client_d029fa3a95,61.6,refresh_priority_1,declining_page1_review,5.3,21,20,0.0
content_20a06aec9390,client_d029fa3a95,61.6,refresh_priority_1,declining_page1_review,8.4,25,20,0.0
content_3855328dee7a,client_4e07408562,61.6,refresh_review,declining_review,12.7,1094,7,0.18
content_422ea7d8363a,client_4e07408562,61.6,refresh_review,declining_review,29.9,11795,104,0.15
content_31d09b61ad7f,client_f369cb89fc,61.6,refresh_review,declining_review,15.6,72,20,0.0
content_01f07b38039c,client_e629fa6598,61.6,refresh_priority_1,declining_page1_review,7.9,57,104,0.0
content_b1b0351da27a,client_d029fa3a95,61.5,refresh_review,declining_review,36.9,348,20,0.0
content_46d1d96a365d,client_8527a891e2,61.5,refresh_priority_1,declining_page1_review,6.9,15,104,0.0
content_6a59148287ff,client_d029fa3a95,61.5,refresh_priority_1,declining_page1_review,8.5,22,20,0.0
content_8c4071232533,client_4e07408562,61.5,refresh_priority_1,declining_page1_review,10.0,4845,25,0.1
content_1623a6c98b4e,client_d029fa3a95,61.5,refresh_review,declining_review,30.1,134,20,0.0
content_ef0fb1eba543,client_d029fa3a95,61.5,refresh_review,declining_review,10.7,43,20,0.0
content_dcb66bc3eea4,client_4e07408562,61.5,refresh_review,declining_review,21.8,1813,7,0.11
content_799bb10d6c76,client_d029fa3a95,61.5,refresh_priority_1,declining_page1_review,8.9,11670,20,0.17
content_9066e7c9a8ba,client_434c9b5ae5,61.5,refresh_review,declining_review,13.9,139,89,0.0
content_33ddda1a8c7a,client_bdd2d3af3a,61.5,refresh_priority_1,declining_page1_review,6.9,28,89,0.0
content_afbd7d387b64,client_f369cb89fc,61.5,refresh_priority_1,declining_page1_review,8.7,141,20,0.71
content_fd3592295ab3,client_4e07408562,61.5,refresh_priority_1,declining_page1_review,10.0,2552,13,0.2
content_aa29f3c406eb,client_f369cb89fc,61.4,refresh_priority_1,declining_page1_review,7.9,37,8,0.0
content_f41eae0e83eb,client_f369cb89fc,61.4,refresh_priority_1,declining_page1_review,9.1,67,20,0.0
content_07645c09399d,client_8527a891e2,61.4,refresh_review,declining_review,16.6,73,104,0.0
content_2241e24372be,client_d029fa3a95,61.4,refresh_priority_1,declining_page1_review,8.0,52,20,0.0
content_4aad991d4515,client_d029fa3a95,61.4,refresh_review,declining_review,10.6,17,20,0.0
content_12d060c367de,client_4e07408562,61.4,refresh_priority_1,declining_page1_review,7.4,432,104,0.46
content_e7cc94f04d05,client_f369cb89fc,61.4,refresh_priority_1,declining_page1_review,8.0,1034,20,0.87
content_65eed1d86876,client_f369cb89fc,61.4,refresh_review,declining_review,33.6,835,20,0.36
content_13af59e1555a,client_4e07408562,61.4,refresh_review,declining_review,10.2,905,7,0.33
content_3450b1d3ade7,client_8527a891e2,61.4,refresh_priority_1,declining_page1_review,7.0,22,98,0.0
content_e8389526d549,client_4e07408562,61.4,refresh_review,declining_review,14.4,1554,7,0.13
content_d5a4ba539dbc,client_4e07408562,61.4,refresh_priority_1,declining_page1_review,8.0,39724,25,0.18
content_f27aa3bffa47,client_4e07408562,61.4,refresh_review,declining_review,24.0,807,104,0.25
content_ce5eefe9fae2,client_f369cb89fc,61.4,refresh_review,declining_review,29.3,357,106,0.28
content_36ddf695beb7,client_4e07408562,61.3,refresh_priority_1,declining_page1_review,5.5,12932,104,0.28
content_7a8a0681fd1c,client_f369cb89fc,61.3,refresh_priority_1,declining_page1_review,1.2,83,20,0.0
content_86ed40f760d2,client_f369cb89fc,61.3,refresh_priority_1,declining_page1_review,7.2,64,20,1.56
content_602b15fbc2df,client_e629fa6598,61.3,refresh_review,declining_review,18.0,874,22,0.0
content_ec7b8098875c,client_4e07408562,61.3,refresh_priority_1,declining_page1_review,6.1,1325,7,0.45
content_cec7e5c712ef,client_4e07408562,61.3,refresh_priority_1,declining_page1_review,7.1,2752,13,0.22
content_3e7893eabb81,client_e629fa6598,61.3,refresh_priority_1,declining_page1_review,9.1,74,104,0.0
content_9c77e9b370cd,client_4e07408562,61.3,refresh_review,declining_review,31.6,1194,13,0.08
content_96d0b45a2268,client_f369cb89fc,61.3,refresh_priority_1,declining_page1_review,4.9,39,20,0.0
content_9bf359248199,client_4e07408562,61.2,refresh_review,declining_review,28.2,2051,7,0.05
content_0c8b0099fc8c,client_4e07408562,61.2,refresh_priority_1,declining_page1_review,6.1,1284,7,0.0
content_a90a92380af2,client_4e07408562,61.2,refresh_review,declining_review,42.7,357,104,0.0
content_70bd0282ed65,client_f369cb89fc,61.2,refresh_priority_1,declining_page1_review,5.1,633,20,0.79
content_a687cbf3417f,client_4e07408562,61.2,refresh_review,declining_review,33.7,1979,7,0.0
content_d9878c9ba883,client_4e07408562,61.2,refresh_review,declining_review,24.5,451,13,0.0
content_8a2838270ef1,client_d029fa3a95,61.2,refresh_priority_1,declining_page1_review,6.4,64,20,0.0
content_0315b4020af3,client_4e07408562,61.2,refresh_priority_1,declining_page1_review,4.8,2597,7,0.27
content_85fc64b9979f,client_f369cb89fc,61.2,refresh_priority_1,declining_page1_review,9.1,110,20,0.91
content_02500296ad9a,client_f369cb89fc,61.2,refresh_priority_1,declining_page1_review,8.8,58,20,0.0
content_86003ed8aa34,client_f369cb89fc,61.2,refresh_review,declining_review,13.3,341,20,1.17
content_4cec69935dee,client_f369cb89fc,61.2,refresh_priority_1,declining_page1_review,2.7,27,20,0.0
content_4554da2c961a,client_f369cb89fc,61.2,refresh_priority_1,declining_page1_review,6.5,98,20,1.02
content_45819ccc9554,client_4e07408562,61.1,refresh_review,declining_review,31.1,6854,25,0.09
content_93f606bd517c,client_4e07408562,61.1,refresh_review,declining_review,28.8,4161,104,0.05
content_d6b2213e2d66,client_d029fa3a95,61.1,refresh_priority_1,declining_page1_review,7.7,27,20,0.0
content_2a0a5f36a397,client_4e07408562,61.1,refresh_priority_1,declining_page1_review,3.6,16704,20,0.24
content_fcfe44d0a076,client_4e07408562,61.1,refresh_review,declining_review,39.8,2603,7,0.0
content_484c921cf398,client_bdd2d3af3a,61.1,refresh_priority_1,declining_page1_review,6.9,28,20,0.0
content_78a2abf4013f,client_f369cb89fc,61.1,refresh_review,declining_review,13.1,30,20,0.0
content_d85f062b576f,client_4e07408562,61.1,refresh_review,declining_review,32.2,2258,104,0.13
content_92944be62613,client_4e07408562,61.1,refresh_review,declining_review,28.0,1068,13,0.09
content_1c427a782f6f,client_d029fa3a95,61.1,refresh_review,declining_review,24.0,126,20,1.59
content_8ae4ab086c08,client_4e07408562,61.1,refresh_priority_1,declining_page1_review,8.6,7740,25,0.25
content_971fb2a30c56,client_f369cb89fc,61.1,refresh_review,declining_review,11.6,396,20,0.51
content_c11716a3928d,client_d029fa3a95,61.1,refresh_review,declining_review,10.9,35,20,0.0
content_edf503934290,client_4e07408562,61.1,refresh_review,declining_review,41.6,4549,104,0.04
content_3bd8c9090458,client_4e07408562,61.1,refresh_priority_1,declining_page1_review,6.2,11610,7,0.12
content_2a543aa2b4e6,client_f369cb89fc,61.1,refresh_priority_1,declining_page1_review,5.2,206,20,0.97
content_abb29e3b1f19,client_4e07408562,61.1,refresh_review,declining_review,19.4,378,104,0.0
content_4ef888bc7987,client_f369cb89fc,61.1,refresh_priority_1,declining_page1_review,7.0,35,20,0.0
content_048f3a500f56,client_4e07408562,61.1,refresh_review,declining_review,26.3,629,7,0.0
content_e4135f4031ea,client_f369cb89fc,61.0,refresh_priority_1,declining_page1_review,7.0,129,20,0.78
content_b99f3def9646,client_f369cb89fc,61.0,refresh_review,declining_review,11.2,93,20,1.08
content_aaf86378deaa,client_d029fa3a95,61.0,refresh_priority_1,declining_page1_review,7.0,440,20,0.68
content_2acee0ce6421,client_4e07408562,61.0,refresh_priority_1,declining_page1_review,9.2,19414,7,0.06
content_fd619c9a6c43,client_4e07408562,61.0,refresh_priority_1,declining_page1_review,9.3,5945,25,0.34
content_45ea73f66863,client_d029fa3a95,61.0,refresh_review,declining_review,19.0,125,8,0.8
content_2ff48634c590,client_8527a891e2,61.0,refresh_priority_1,declining_page1_review,8.1,29,104,0.0
content_4657bf5fc7bf,client_4e07408562,61.0,refresh_priority_1,declining_page1_review,9.4,1453,13,0.21
content_d10f9ce1e0cd,client_4e07408562,61.0,refresh_review,declining_review,16.1,166,104,0.6
content_15b1464743fc,client_4e07408562,61.0,refresh_priority_1,declining_page1_review,7.0,3585,13,0.14
content_20f1503bf96e,client_d029fa3a95,61.0,refresh_review,declining_review,41.6,174,8,0.0
content_83ed44baec0f,client_4e07408562,61.0,refresh_review,declining_review,18.3,514,13,0.0
content_a3faadb47222,client_4e07408562,61.0,refresh_review,declining_review,19.0,7385,25,0.19
content_406db3266689,client_4e07408562,61.0,refresh_review,declining_review,36.3,2983,7,0.0
content_13f687a89060,client_f369cb89fc,61.0,refresh_priority_1,declining_page1_review,6.0,214,20,0.47
content_f947529ce924,client_e629fa6598,60.9,refresh_priority_1,declining_page1_review,6.9,3273,22,0.03
content_67d4bd0f7151,client_f369cb89fc,60.9,refresh_review,declining_review,16.7,62,20,0.0
content_dcebfd222b10,client_f369cb89fc,60.9,refresh_priority_1,declining_page1_review,4.6,16,20,0.0
content_443c5e22baf1,client_d029fa3a95,60.9,refresh_review,declining_review,25.7,75,20,0.0
content_8883df6fc98b,client_4e07408562,60.9,refresh_review,declining_review,23.9,2327,14,0.21
content_57152ef5207d,client_d029fa3a95,60.9,refresh_priority_1,declining_page1_review,9.9,23,8,0.0
content_2fafb87fe632,client_f369cb89fc,60.9,refresh_review,declining_review,19.6,337,20,0.59
content_d5886dec9032,client_f369cb89fc,60.9,refresh_priority_1,declining_page1_review,5.4,54,20,0.0
content_3147d7f0b301,client_8527a891e2,60.9,refresh_priority_1,declining_page1_review,7.7,17,102,0.0
content_e7ba1b0ebce8,client_f369cb89fc,60.9,refresh_priority_1,declining_page1_review,4.8,192,20,2.6
content_d5c85b1638e2,client_d029fa3a95,60.9,refresh_priority_1,declining_page1_review,5.2,74,20,0.0
content_1cae0767ba64,client_f369cb89fc,60.9,refresh_review,declining_review,30.4,165,20,0.0
content_b27403c7d35e,client_4e07408562,60.9,refresh_review,declining_review,10.7,8159,25,0.22
content_3d1a10b227a0,client_4e07408562,60.9,refresh_priority_1,declining_page1_review,7.0,10403,104,0.12
content_fcba4d8896c4,client_d029fa3a95,60.9,refresh_priority_1,declining_page1_review,7.1,85,8,0.0
content_574f08786f19,client_f369cb89fc,60.9,refresh_priority_1,declining_page1_review,4.4,33,20,0.0
content_9d3f0b2e3be6,client_4e07408562,60.9,refresh_priority_1,declining_page1_review,8.9,43760,25,0.15
content_d146f0489a92,client_4e07408562,60.9,refresh_review,declining_review,11.9,437,7,0.0
content_6b81ab1805eb,client_f369cb89fc,60.9,refresh_priority_1,declining_page1_review,7.3,110,20,0.91
content_8c5455c75d43,client_4e07408562,60.8,refresh_review,declining_review,22.9,704,13,0.0
content_57f98db0911d,client_d029fa3a95,60.8,refresh_review,declining_review,13.1,47,20,0.0
content_94bfb13f7c09,client_f369cb89fc,60.8,refresh_priority_1,declining_page1_review,6.0,191,20,1.05
content_0d685d0e6c2a,client_4e07408562,60.8,refresh_priority_1,declining_page1_review,7.6,25645,20,0.17
content_0978243e4aa3,client_4e07408562,60.8,refresh_review,declining_review,26.0,757,5,0.13
content_ab87b527fbea,client_434c9b5ae5,60.8,refresh_review,declining_review,12.7,135,89,0.0
content_3c4dcf6dfc89,client_4e07408562,60.8,refresh_priority_1,declining_page1_review,2.1,734,104,0.27
content_dd996502691d,client_4e07408562,60.8,refresh_review,declining_review,17.9,2264,7,0.0
content_0ba155fc6151,client_8527a891e2,60.8,refresh_review,declining_review,41.4,256,104,0.0
content_f104e59fa27b,client_4e07408562,60.8,refresh_priority_1,declining_page1_review,7.1,2529,13,0.32
content_45d3aa65f4df,client_f369cb89fc,60.8,refresh_priority_1,declining_page1_review,7.4,83,20,0.0
content_7f78f0279893,client_f369cb89fc,60.7,refresh_priority_1,declining_page1_review,8.2,23,20,0.0
content_72c5c2d73e5a,client_4e07408562,60.7,refresh_review,declining_review,30.0,2426,13,0.12
content_30b6db592819,client_f369cb89fc,60.7,refresh_priority_1,declining_page1_review,9.2,960,20,0.83
content_1ff47abbc82b,client_f369cb89fc,60.7,refresh_priority_1,declining_page1_review,4.7,7,20,0.0
content_a1583c483d51,client_4e07408562,60.7,refresh_priority_1,declining_page1_review,9.3,8695,25,0.23
content_b5848046fbb4,client_4e07408562,60.7,refresh_priority_1,declining_page1_review,4.3,14362,14,0.39
content_5bfb8b2291f7,client_d029fa3a95,60.7,refresh_review,declining_review,23.0,56,8,0.0
content_8f0b94aecf20,client_8527a891e2,60.7,refresh_priority_1,declining_page1_review,7.8,30,103,0.0
content_4c186d55fb14,client_f369cb89fc,60.7,refresh_priority_1,declining_page1_review,8.0,1363,20,1.03
content_a52f24b243fd,client_4e07408562,60.7,refresh_review,declining_review,40.2,1035,104,0.1
content_506693a2cdd2,client_8527a891e2,60.7,refresh_review,declining_review,56.9,494,104,0.0
content_0457c48d8fc3,client_4e07408562,60.7,refresh_review,declining_review,19.3,1421,7,0.14
content_458038cfbf7c,client_4e07408562,60.7,refresh_review,declining_review,30.7,2178,7,0.09
content_a16c79f3a714,client_4e07408562,60.7,refresh_priority_1,declining_page1_review,9.8,7508,25,0.12
content_357185a7b5a2,client_f369cb89fc,60.7,refresh_priority_1,declining_page1_review,8.4,124,20,0.81
content_a138ab3bd14d,client_4e07408562,60.7,refresh_priority_1,declining_page1_review,1.9,200,104,0.0
content_e3f7ca1529cf,client_f369cb89fc,60.7,refresh_priority_1,declining_page1_review,6.1,7140,20,0.27
content_9a2ba4e02292,client_f369cb89fc,60.7,refresh_priority_1,declining_page1_review,7.5,48,20,0.0
content_4c443177255c,client_4e07408562,60.6,refresh_review,declining_review,28.9,958,13,0.1
content_e9e627bf28b4,client_f369cb89fc,60.6,refresh_review,declining_review,16.5,547,20,0.91
content_def571363dbc,client_434c9b5ae5,60.6,refresh_priority_1,declining_page1_review,8.0,318,8,0.0
content_1afba787c1e4,client_d029fa3a95,60.6,refresh_review,declining_review,16.5,26,20,0.0
content_18444c94821e,client_8527a891e2,60.6,refresh_review,declining_review,18.1,60,104,0.0
content_5b427a81c0b2,client_f369cb89fc,60.6,refresh_review,declining_review,12.2,538,20,0.37
content_5cb13cf504a2,client_4e07408562,60.6,refresh_priority_1,declining_page1_review,7.2,4687,7,0.13
content_61b63fe68540,client_f369cb89fc,60.6,refresh_priority_1,declining_page1_review,8.8,37,20,0.0
content_f0eab88acf23,client_4e07408562,60.6,refresh_review,declining_review,23.3,441,13,0.23
content_a0744f34c5d8,client_e629fa6598,60.6,refresh_review,declining_review,12.0,31,104,0.0
content_5450f0a658b5,client_4e07408562,60.6,refresh_review,declining_review,10.3,1525,13,0.26
content_dbb4c75afccc,client_4e07408562,60.6,refresh_review,declining_review,33.9,636,104,0.16
content_c3cef2b615f9,client_4e07408562,60.6,refresh_review,declining_review,24.7,1125,13,0.0
content_e7cb53c0f89e,client_4e07408562,60.6,refresh_review,declining_review,11.4,1239,7,0.24
content_5ece87ba64ec,client_f369cb89fc,60.6,refresh_review,declining_review,16.1,73,20,0.0
content_101fe9a1cf14,client_e629fa6598,60.6,refresh_priority_1,declining_page1_review,3.9,498,20,0.0
content_84f914748acc,client_4e07408562,60.6,refresh_review,declining_review,19.5,1178,7,0.25
content_b828cf7a7cff,client_d029fa3a95,60.6,refresh_priority_1,declining_page1_review,4.8,23,20,0.0
content_1fd355fd66fa,client_e629fa6598,60.6,refresh_priority_1,declining_page1_review,3.4,515,22,0.0
content_938b9f889def,client_d029fa3a95,60.5,refresh_review,declining_review,12.8,43,20,0.0
content_d46faabb95cd,client_4e07408562,60.5,refresh_review,declining_review,15.8,2342,13,0.04
content_e0f75f03ddb9,client_e629fa6598,60.5,refresh_priority_1,declining_page1_review,7.5,446,22,0.0
content_ae7c334247f9,client_8527a891e2,60.5,refresh_review,declining_review,16.6,89,104,0.0
content_b9b75b2367a3,client_bdd2d3af3a,60.5,refresh_priority_1,declining_page1_review,8.9,118,8,0.85
content_8f376758eb86,client_f369cb89fc,60.5,refresh_priority_1,declining_page1_review,2.4,81,20,1.23
content_584e6896455d,client_4e07408562,60.5,refresh_priority_1,declining_page1_review,8.5,1145,7,0.17
content_10ab56292119,client_d029fa3a95,60.5,refresh_priority_1,declining_page1_review,5.1,27,8,0.0
content_f7d7439cdb99,client_d029fa3a95,60.5,refresh_review,declining_review,13.7,201,20,0.5
content_318aee3fed8c,client_4e07408562,60.5,refresh_priority_1,declining_page1_review,9.2,2243,7,0.13
content_5c5f024cd3a6,client_8527a891e2,60.5,refresh_review,declining_review,35.3,109,104,0.0
content_bcaa614da3ad,client_434c9b5ae5,60.5,refresh_priority_1,declining_page1_review,8.5,627,8,0.16
content_3d0c269c0e8e,client_4e07408562,60.5,refresh_priority_1,declining_page1_review,9.7,5179,25,0.23
content_9bf785e9c6d8,client_4e07408562,60.5,refresh_review,declining_review,19.3,1082,13,0.0
content_e83d674179f4,client_f369cb89fc,60.4,refresh_priority_1,declining_page1_review,5.7,6273,20,0.81
content_7f145740b240,client_f369cb89fc,60.4,refresh_priority_1,declining_page1_review,6.5,123,20,0.0
content_47dd9599d562,client_4e07408562,60.4,refresh_review,declining_review,14.9,453,13,0.0
content_640dee3c2875,client_d029fa3a95,60.4,refresh_priority_1,declining_page1_review,9.7,680,20,0.29
content_b662dbf2fbf3,client_f369cb89fc,60.4,refresh_priority_1,declining_page1_review,4.2,36,20,0.0
content_10ec67c6a68d,client_f369cb89fc,60.4,refresh_priority_1,declining_page1_review,6.6,69846,20,0.25
content_141dc5ae59a8,client_4e07408562,60.4,refresh_review,declining_review,28.9,3421,7,0.03
content_78c8822eccc9,client_4e07408562,60.4,refresh_review,declining_review,19.9,2142,7,0.19
content_2f302204c451,client_4e07408562,60.4,refresh_review,declining_review,28.3,1051,13,0.1
content_e32cf15527e7,client_d029fa3a95,60.4,refresh_review,declining_review,13.3,34,20,0.0
content_65413064e2f9,client_f369cb89fc,60.4,refresh_priority_1,declining_page1_review,9.2,1151,20,0.87
content_9c8f28c7109f,client_d029fa3a95,60.4,refresh_priority_1,declining_page1_review,6.2,17,20,0.0
content_b82fe005f96d,client_f369cb89fc,60.4,refresh_priority_1,declining_page1_review,5.9,27,20,0.0
content_dcd0eb6325fa,client_8527a891e2,60.4,refresh_review,declining_review,53.8,514,104,0.0
content_3c1dc5698b82,client_f369cb89fc,60.4,refresh_priority_1,declining_page1_review,9.9,112,20,0.89
content_3a5d5d34449d,client_4e07408562,60.4,refresh_priority_1,declining_page1_review,8.3,1238,7,0.16
content_d6b4de74b2c2,client_4e07408562,60.4,refresh_priority_1,declining_page1_review,7.1,19438,25,0.12
content_8301ec0f2f68,client_4e07408562,60.3,refresh_review,declining_review,41.9,1213,104,0.0
content_1a81d69c3f52,client_4e07408562,60.3,refresh_review,declining_review,11.0,761,7,0.26
content_ecda3e69d92d,client_bdd2d3af3a,60.3,refresh_priority_1,declining_page1_review,6.1,2890,20,0.8
content_39e99864636d,client_4e07408562,60.3,refresh_review,declining_review,31.9,783,13,0.0
content_0478bd1b2fb4,client_8527a891e2,60.3,refresh_review,declining_review,27.4,274,103,0.36
content_4002e38e9d64,client_f369cb89fc,60.3,refresh_priority_1,declining_page1_review,9.6,206,20,0.97
content_6bcc05d40b17,client_4e07408562,60.3,refresh_priority_1,declining_page1_review,6.0,13281,25,0.14
content_58c48f785d39,client_d029fa3a95,60.3,refresh_priority_1,declining_page1_review,5.5,21,20,0.0
content_6348a9e6c21a,client_d029fa3a95,60.3,refresh_review,declining_review,21.0,128,20,0.0
content_43a9ee4391e5,client_f369cb89fc,60.3,refresh_priority_1,declining_page1_review,5.5,273,20,1.1
content_42b72b0d61f0,client_4e07408562,60.3,refresh_priority_1,declining_page1_review,9.9,1941,14,0.26
content_6ef6a4c45ebe,client_4e07408562,60.3,refresh_review,declining_review,10.8,5499,25,0.27
content_dfc00ceb883d,client_4e07408562,60.3,refresh_review,declining_review,19.8,1927,14,0.21
content_b4a958cbe9eb,client_4e07408562,60.3,refresh_priority_1,declining_page1_review,5.2,9131,14,0.37
content_1efec8da6e83,client_f369cb89fc,60.3,refresh_review,declining_review,34.6,133,20,0.0
content_58a4687474f3,client_f369cb89fc,60.3,refresh_priority_1,declining_page1_review,5.9,14,20,0.0
content_2b12869733c9,client_f369cb89fc,60.3,refresh_priority_1,declining_page1_review,6.1,67,20,0.0
content_556f0ae1769f,client_4e07408562,60.2,refresh_review,declining_review,10.4,3189,13,0.13
content_8064be6aca7b,client_f369cb89fc,60.2,refresh_priority_1,declining_page1_review,9.3,29,20,0.0
content_76f8fdce4d6e,client_f369cb89fc,60.2,refresh_priority_1,declining_page1_review,4.2,94,20,1.06
content_4a77f09bb322,client_e629fa6598,60.2,refresh_priority_1,declining_page1_review,6.8,226,104,0.44
content_b57e67ce3012,client_8527a891e2,60.2,refresh_review,declining_review,20.7,22,20,0.0
content_2c5074e067a5,client_f369cb89fc,60.2,refresh_priority_1,declining_page1_review,8.4,713,20,0.42
content_0a9514b81475,client_bdd2d3af3a,60.2,refresh_priority_1,declining_page1_review,7.4,42,8,0.0
content_a5ae4042f200,client_f369cb89fc,60.2,refresh_priority_1,declining_page1_review,6.6,96,20,3.13
content_32a3582ed699,client_f369cb89fc,60.2,refresh_priority_1,declining_page1_review,7.6,466,20,1.07
content_7119d5d9637d,client_4e07408562,60.2,refresh_review,declining_review,16.4,1337,104,0.07
content_2da680724b8a,client_4e07408562,60.2,refresh_priority_1,declining_page1_review,8.4,3767,25,0.19
content_ed831c57a3e8,client_f369cb89fc,60.2,refresh_priority_1,declining_page1_review,6.0,463,8,0.65
content_2278af03fbbf,client_8527a891e2,60.2,refresh_review,declining_review,56.2,825,92,0.0
content_01d21ee8ee13,client_f369cb89fc,60.2,refresh_priority_1,declining_page1_review,4.9,41,20,0.0
content_dda106a2f4e9,client_4e07408562,60.2,refresh_priority_1,declining_page1_review,9.9,3397,13,0.15
content_3bbfc77a9e4f,client_f369cb89fc,60.1,refresh_priority_1,declining_page1_review,7.0,541,20,1.11
content_9d4244b01f77,client_4e07408562,60.1,refresh_review,declining_review,40.6,4017,104,0.0
content_72cd1ff82a34,client_f369cb89fc,60.1,refresh_review,declining_review,15.2,140,20,1.43
content_89f943df59f1,client_f369cb89fc,60.1,refresh_review,declining_review,25.5,810,20,0.12
content_eb4273bb86f1,client_434c9b5ae5,60.1,refresh_priority_1,declining_page1_review,7.9,318,8,0.31
content_385ad5955fc2,client_4e07408562,60.1,refresh_priority_1,declining_page1_review,10.0,13650,25,0.11
content_2560766fc02b,client_4e07408562,60.1,refresh_review,declining_review,22.3,3999,14,0.05
content_680f612e343a,client_4e07408562,60.1,refresh_review,declining_review,32.9,5292,104,0.08
content_ee648f3069bc,client_f369cb89fc,60.1,refresh_priority_1,declining_page1_review,5.9,34,20,0.0
content_bc4411bf8d9f,client_8527a891e2,60.1,refresh_priority_1,declining_page1_review,1.6,24,104,0.0
content_bdf7964e90e2,client_d029fa3a95,60.1,refresh_priority_1,declining_page1_review,7.7,22,20,0.0
content_27b5f3558e46,client_4e07408562,60.1,refresh_review,declining_review,10.4,1487,13,0.2
content_f6037d96b81a,client_f369cb89fc,60.1,refresh_priority_1,declining_page1_review,9.2,805,20,0.75
content_f3537db7484b,client_d029fa3a95,60.0,monitor,monitor,10.0,29,20,0.0
content_d2addcc965fe,client_4e07408562,60.0,refresh_review,declining_review,11.8,16408,25,0.07
content_2709d0b946d4,client_f369cb89fc,60.0,monitor,monitor,11.1,129,8,0.78
content_6db3a80d1145,client_4e07408562,60.0,refresh_review,declining_review,23.3,2779,20,0.07
content_3c334d156819,client_4e07408562,60.0,monitor,monitor,5.3,3878,104,0.39
content_8ea47b2663a0,client_f369cb89fc,60.0,monitor,monitor,17.5,73,20,0.0
content_792cf1b9a0c8,client_f369cb89fc,60.0,refresh_priority_1,declining_page1_review,3.3,26,20,0.0
content_cb5e5923a5aa,client_f369cb89fc,60.0,refresh_review,declining_review,10.3,68,20,0.0
content_c79f04785d81,client_4e07408562,60.0,refresh_review,declining_review,42.6,1839,104,0.11
content_8c66ab2089c0,client_d029fa3a95,60.0,monitor,monitor,5.3,6,183,0.0
content_ffd5fbf07853,client_4e07408562,60.0,monitor,monitor,7.3,3641,13,0.19
content_2e0b3dc70916,client_4e07408562,60.0,monitor,monitor,6.9,27948,104,0.04
content_3d522349ef4d,client_f369cb89fc,60.0,monitor,monitor,5.1,315,20,0.32
content_be106cd29636,client_d029fa3a95,60.0,monitor,monitor,15.4,30,20,0.0
content_08975e718b6d,client_f369cb89fc,60.0,refresh_review,declining_review,13.2,177,20,0.56
content_c773390751fd,client_4e07408562,60.0,refresh_review,declining_review,21.5,7968,25,0.08
content_081c68229e69,client_4e07408562,60.0,monitor,monitor,44.5,1883,104,0.05
content_ec065688f94e,client_4e07408562,60.0,refresh_review,declining_review,14.2,8981,25,0.16
content_b4c79208b569,client_4e07408562,60.0,monitor,monitor,1.9,3245,104,0.06
content_7efb00396cfd,client_8527a891e2,60.0,refresh_review,declining_review,34.9,166,104,0.0
content_41f4a056d61c,client_f369cb89fc,60.0,monitor,monitor,18.9,312,20,0.96
content_24514a603a77,client_f369cb89fc,60.0,monitor,monitor,6.6,71,20,1.41
content_bd56e6b4d707,client_f369cb89fc,60.0,refresh_priority_1,declining_page1_review,9.0,42,20,0.0
content_8ed8dc20f1a3,client_f369cb89fc,59.9,monitor,monitor,30.5,427,20,0.0
content_f5458f832f0d,client_d029fa3a95,59.9,monitor,monitor,7.4,20,20,0.0
content_ffe8ee872237,client_4e07408562,59.9,monitor,monitor,9.0,2103,14,0.29
content_424a5517925c,client_4e07408562,59.9,monitor,monitor,36.9,5532,7,0.04
content_c3a415aefc2d,client_8527a891e2,59.9,monitor,monitor,7.5,50,103,0.0
content_4c3440c6f1b9,client_f369cb89fc,59.9,monitor,monitor,1.6,10,20,0.0
content_e7d48456ff77,client_f369cb89fc,59.9,monitor,monitor,3.5,26,20,0.0
content_10a4180682c1,client_4e07408562,59.9,monitor,monitor,8.3,47670,25,0.09
content_aec843213e41,client_f369cb89fc,59.9,monitor,monitor,14.7,85,20,0.0
content_fcd9b1419e02,client_d029fa3a95,59.9,monitor,monitor,16.0,43,20,0.0
content_72dbc1d0c990,client_4e07408562,59.9,monitor,monitor,19.9,2737,14,0.11
content_b27ba7818938,client_4e07408562,59.8,monitor,monitor,10.3,337,13,0.3
content_f1268e501bb8,client_4e07408562,59.8,monitor,monitor,22.7,1048,13,0.1
content_b2a6bd1b302a,client_8527a891e2,59.8,monitor,monitor,82.6,2908,92,0.0
content_3b30f008629d,client_f369cb89fc,59.8,monitor,monitor,10.8,44,20,0.0
content_e207709dd9a4,client_d029fa3a95,59.8,monitor,monitor,7.5,32,20,0.0
content_3dff90c311ba,client_d029fa3a95,59.8,monitor,monitor,12.5,37,20,0.0
content_e53329c90dca,client_4e07408562,59.8,monitor,monitor,7.1,2921,13,0.38
content_0b0829e2c111,client_4e07408562,59.8,monitor,monitor,17.1,1038,104,0.29
content_eedc16a08bf7,client_f369cb89fc,59.8,monitor,monitor,9.6,29,20,0.0
content_99af6f9fbda3,client_f369cb89fc,59.8,monitor,monitor,19.3,223,20,0.45
content_cff58cdacb80,client_f369cb89fc,59.8,monitor,monitor,2.0,29,20,0.0
content_5b2e9cafaa50,client_4e07408562,59.8,monitor,monitor,11.3,1590,7,0.38
content_6ce22054b9ee,client_4e07408562,59.8,monitor,monitor,14.5,6539,20,0.08
content_4c787e21d590,client_e629fa6598,59.8,monitor,monitor,24.8,388,104,0.0
content_ae38e41bc7d5,client_f369cb89fc,59.8,monitor,monitor,7.9,50,20,0.0
content_ed9d1d709d3c,client_d029fa3a95,59.8,monitor,monitor,11.0,29,20,0.0
content_ce83293c6615,client_4e07408562,59.8,monitor,monitor,12.0,1759,13,0.17
content_02f3c4b06ce9,client_8527a891e2,59.7,monitor,monitor,10.5,28,103,0.0
content_5eabfc22996f,client_8527a891e2,59.7,monitor,monitor,10.3,50,104,0.0
content_d4d880bb41f3,client_f369cb89fc,59.7,monitor,monitor,25.5,136,20,0.0
content_e7b4e9967ffa,client_4e07408562,59.7,monitor,monitor,23.7,1379,7,0.0
content_fb5d45e07ce9,client_8527a891e2,59.7,monitor,monitor,7.3,18,20,0.0
content_33b76f85ef76,client_f369cb89fc,59.7,monitor,monitor,10.1,62,20,0.0
content_8ee3d6eae306,client_4e07408562,59.7,monitor,monitor,23.8,1319,13,0.15
content_0c44f8669d62,client_4e07408562,59.7,monitor,monitor,9.5,1087,104,0.18
content_93cf86dd5856,client_8527a891e2,59.7,monitor,monitor,27.7,43,20,0.0
content_63714b4cf87b,client_f369cb89fc,59.7,monitor,monitor,4.8,54,20,1.85
content_abba884411e3,client_4e07408562,59.7,monitor,monitor,15.1,1949,7,0.46
content_0bcd69f8f068,client_f369cb89fc,59.7,monitor,monitor,7.8,166,20,0.6
content_721a36a0da7a,client_8527a891e2,59.7,monitor,monitor,15.9,27,20,0.0
content_7186f12b211e,client_d029fa3a95,59.7,monitor,monitor,7.5,17,20,0.0
content_754f60740fb5,client_8527a891e2,59.7,monitor,monitor,4.9,56,103,0.0
content_fd330d2e6ac1,client_4e07408562,59.7,monitor,monitor,9.4,1138,13,0.26
content_725e061e0541,client_d029fa3a95,59.7,monitor,monitor,8.9,58,20,1.72
content_88dbd5690758,client_f369cb89fc,59.6,monitor,monitor,5.8,41,8,2.44
content_8acc02dd9cad,client_4e07408562,59.6,monitor,monitor,3.1,2789,7,0.25
content_367fe17c5d78,client_8527a891e2,59.6,monitor,monitor,33.9,776,104,0.26
content_808b0748b38c,client_4e07408562,59.6,monitor,monitor,32.1,1099,104,0.18
content_56c8c0345f61,client_f369cb89fc,59.6,monitor,monitor,9.2,124,20,0.0
content_688e3d4999f4,client_d029fa3a95,59.6,monitor,monitor,14.4,9878,20,0.24
content_46045de7025a,client_434c9b5ae5,59.6,monitor,monitor,5.5,81,20,0.0
content_258f1280e3fe,client_f369cb89fc,59.6,monitor,monitor,5.7,274,20,0.73
content_c0272c14b2fd,client_f369cb89fc,59.6,monitor,monitor,9.6,18,20,0.0
content_ce7ef13c73e7,client_f369cb89fc,59.6,monitor,monitor,7.6,42,20,0.0
content_cc16fcbe3c00,client_f369cb89fc,59.6,monitor,monitor,9.3,16,20,0.0
content_1f5837d276bd,client_f369cb89fc,59.6,monitor,monitor,6.1,608,20,1.15
content_a9784de463d9,client_8527a891e2,59.6,monitor,monitor,10.0,257,104,0.78
content_b4d966e03d6b,client_4e07408562,59.6,monitor,monitor,6.4,1974,7,0.51
content_ae059ff4f1a3,client_d029fa3a95,59.6,monitor,monitor,4.0,89761,20,0.09
content_7908b381c1e8,client_f369cb89fc,59.6,monitor,monitor,7.1,28,8,0.0
content_3ed23197a086,client_4e07408562,59.6,monitor,monitor,29.9,1066,13,0.09
content_9b7db63b1e95,client_4e07408562,59.5,monitor,monitor,20.6,1728,7,0.12
content_0f7afb8f94e5,client_4e07408562,59.5,monitor,monitor,22.4,517,13,0.0
content_d6dd255e10bc,client_f369cb89fc,59.5,monitor,monitor,16.1,111,20,0.0
content_c566a42a8cfc,client_d029fa3a95,59.5,monitor,monitor,11.4,24,20,0.0
content_ec8c9af6479a,client_8527a891e2,59.5,monitor,monitor,16.0,488,20,0.2
content_ff34f5b44cee,client_f369cb89fc,59.5,monitor,monitor,4.8,74,20,1.35
content_2b0cee6eec3e,client_4e07408562,59.5,monitor,monitor,7.2,746,7,0.8
content_d3a5200984de,client_4e07408562,59.5,monitor,monitor,20.8,549,104,0.36
content_3d2aceccb708,client_4e07408562,59.5,monitor,monitor,18.8,365,13,0.0
content_d80c2f4f82da,client_f369cb89fc,59.5,monitor,monitor,7.6,67,20,0.0
content_4336310eb7f3,client_4e07408562,59.5,monitor,monitor,34.5,340,104,0.0
content_ff2636b5f84b,client_d029fa3a95,59.5,monitor,monitor,13.9,34,20,0.0
content_66bbdc2e2fca,client_8527a891e2,59.5,monitor,monitor,8.2,1105,104,0.45
content_7bf92a27fe8b,client_d029fa3a95,59.5,monitor,monitor,12.8,2069,20,0.29
content_ca2662a68168,client_f369cb89fc,59.5,monitor,monitor,2.2,80,20,0.0
content_e86e004502f7,client_f369cb89fc,59.5,monitor,monitor,5.4,167,20,0.6
content_cb46cf928f85,client_4e07408562,59.5,monitor,monitor,19.7,211,104,0.0
content_fdf4d5b05e17,client_4e07408562,59.5,monitor,monitor,24.4,4904,25,0.12
content_f5884b3c1784,client_4e07408562,59.5,monitor,monitor,6.9,17211,25,0.3
content_b76d7a9a5151,client_4e07408562,59.5,monitor,monitor,5.6,4362,104,0.14
content_70de1a83ea63,client_d029fa3a95,59.5,monitor,monitor,5.8,21,20,0.0
content_c24d2ebc3816,client_f369cb89fc,59.5,monitor,monitor,27.6,330,20,0.61
content_d0eff497e4ea,client_f369cb89fc,59.4,monitor,monitor,4.8,538,20,1.3
content_71db03c4c974,client_f369cb89fc,59.4,monitor,monitor,14.3,697,20,0.57
content_8ed210418ee8,client_4e07408562,59.4,monitor,monitor,31.2,1200,13,0.25
content_8fd689ed3c47,client_4e07408562,59.4,monitor,monitor,23.8,1133,13,0.0
content_67fcb49435a1,client_d029fa3a95,59.4,monitor,monitor,14.2,26,85,0.0
content_19cdc614df78,client_f369cb89fc,59.4,monitor,monitor,1.7,128,20,1.56
content_47733ed83880,client_f369cb89fc,59.4,monitor,monitor,1.8,50,20,2.0
content_dcf5393a8df9,client_4e07408562,59.4,monitor,monitor,4.7,21972,20,0.19
content_9f9167bde500,client_8527a891e2,59.4,monitor,monitor,4.6,19,103,0.0
content_0cce6a2fb242,client_8527a891e2,59.4,monitor,monitor,5.4,7,92,0.0
content_9b31b56f48b6,client_f369cb89fc,59.4,monitor,monitor,14.5,93,20,0.0
content_84c5f6af423c,client_8527a891e2,59.4,monitor,monitor,1.9,8,104,0.0
content_2a2b09c5a18c,client_4e07408562,59.3,monitor,monitor,18.8,1937,7,0.05
content_d9adbf211a24,client_4e07408562,59.3,monitor,monitor,14.3,1941,7,0.15
content_3ab81beabc8f,client_f369cb89fc,59.3,monitor,monitor,6.1,161,20,1.86
content_0e00cf2d7787,client_f369cb89fc,59.3,monitor,monitor,3.5,31,20,0.0
content_5f2ad4dd4806,client_4e07408562,59.3,monitor,monitor,14.7,2891,13,0.14
content_03e535eabfdc,client_8527a891e2,59.3,monitor,monitor,10.4,65,20,0.0
content_5e67bb4ef214,client_f369cb89fc,59.3,monitor,monitor,3.9,123,20,1.63
content_27eb1a9195ff,client_d029fa3a95,59.3,monitor,monitor,38.2,124,20,0.0
content_e2cee4291bee,client_f369cb89fc,59.3,monitor,monitor,12.8,104,20,0.0
content_3b98fbb45b26,client_8527a891e2,59.3,monitor,monitor,6.5,355,20,0.85
content_2ec5acd4f436,client_d029fa3a95,59.3,monitor,monitor,15.4,20,20,0.0
content_b77fa82a63b8,client_4e07408562,59.3,monitor,monitor,18.0,3457,14,0.14
content_d6024d73c1c0,client_4e07408562,59.3,monitor,monitor,27.7,779,13,0.0
content_3d758391f2d4,client_434c9b5ae5,59.3,monitor,monitor,15.3,120,89,0.0
content_1d8f7c4c3e3c,client_f369cb89fc,59.3,monitor,monitor,9.2,199,20,1.51
content_5400d7a7b5a0,client_f369cb89fc,59.3,monitor,monitor,9.0,563,20,0.71
content_41b9387cdf24,client_f369cb89fc,59.3,monitor,monitor,6.7,241,20,2.07
content_c6bf8be3e38a,client_4e07408562,59.3,monitor,monitor,18.8,519,7,0.19
content_3bceba725206,client_f369cb89fc,59.3,monitor,monitor,5.3,143,8,1.4
content_1583937d3411,client_f369cb89fc,59.2,monitor,monitor,2.5,26,8,0.0
content_c1c661124902,client_f369cb89fc,59.2,monitor,monitor,5.1,102,20,1.96
content_b0d74ee35a20,client_8527a891e2,59.2,monitor,monitor,85.5,1397,92,0.0
content_f76b915f08db,client_d029fa3a95,59.2,monitor,monitor,7.6,34,20,0.0
content_b2f8a505c3ea,client_f369cb89fc,59.2,monitor,monitor,8.3,443,20,0.68
content_cdc670392ad0,client_4e07408562,59.2,monitor,monitor,8.7,2966,13,0.2
content_d0f7c342f563,client_f369cb89fc,59.2,monitor,monitor,5.0,17,20,0.0
content_3aa51c5df66b,client_4e07408562,59.2,monitor,monitor,27.1,987,13,0.2
content_c0540b49b0b3,client_f369cb89fc,59.2,monitor,monitor,5.2,26,20,0.0
content_997d693ed750,client_4e07408562,59.2,monitor,monitor,29.5,945,13,0.11
content_bbcfb606811c,client_4e07408562,59.2,monitor,monitor,11.5,602,7,0.33
content_1e4706619c44,client_f369cb89fc,59.2,monitor,monitor,7.1,3176,20,0.57
content_6df19f8eb4d4,client_4e07408562,59.2,monitor,monitor,7.9,13055,25,0.33
content_a498b30af4f7,client_4e07408562,59.2,monitor,monitor,8.2,1722,7,0.46
content_a21177bddb8e,client_4e07408562,59.2,monitor,monitor,11.1,530,13,0.19
content_948272ced19a,client_d029fa3a95,59.1,monitor,monitor,21.8,34,20,0.0
content_b171875a25de,client_4e07408562,59.1,monitor,monitor,7.9,2040,7,0.2
content_f8b232498008,client_f369cb89fc,59.1,monitor,monitor,21.1,186,20,0.0
content_dcd0ea5b0fea,client_4e07408562,59.1,monitor,monitor,16.8,4553,25,0.11
content_eda17fda8f0c,client_f369cb89fc,59.1,monitor,monitor,7.4,27,20,0.0
content_830c8c9a640b,client_f369cb89fc,59.1,monitor,monitor,35.8,93,20,0.0
content_92ad918a6cc5,client_f369cb89fc,59.1,monitor,monitor,29.6,758,20,0.4
content_dbb4dd20653e,client_f369cb89fc,59.1,monitor,monitor,9.3,53,8,0.0
content_c69f0baaa1af,client_4e07408562,59.1,monitor,monitor,10.5,2336,13,0.3
content_5c8b57a6b009,client_4e07408562,59.1,monitor,monitor,2.8,20706,14,0.25
content_ca35d6668c8e,client_4e07408562,59.1,monitor,monitor,19.6,687,104,0.15
content_5e2a1d78391f,client_f369cb89fc,59.1,monitor,monitor,8.9,38,20,0.0
content_a4e295be3ba1,client_f369cb89fc,59.1,monitor,monitor,3.3,44,20,0.0
content_d65a65136d15,client_f369cb89fc,59.1,monitor,monitor,4.7,127,20,0.79
content_0b5580e79dfc,client_4e07408562,59.1,monitor,monitor,37.4,3274,7,0.06
content_c487cbc95171,client_d029fa3a95,59.0,monitor,monitor,36.4,173,20,0.0
content_85b8d9480084,client_f369cb89fc,59.0,monitor,monitor,3.4,19,20,0.0
content_d1c9dabdb14b,client_f369cb89fc,59.0,monitor,monitor,4.3,278,8,1.44
content_e70a396cdf3e,client_4e07408562,59.0,monitor,monitor,35.8,268,13,0.0
content_bf7b1ebef464,client_d029fa3a95,59.0,monitor,monitor,5.3,12,20,0.0
content_bf212b1edf1a,client_434c9b5ae5,59.0,monitor,monitor,10.4,187,89,0.0
content_8e504993ed57,client_bdd2d3af3a,59.0,monitor,monitor,8.4,104,20,0.96
content_cfe0815a3229,client_4e07408562,59.0,monitor,monitor,25.4,1079,7,0.0
content_4d61674ce6e0,client_d029fa3a95,59.0,monitor,monitor,11.1,29,20,0.0
content_2ca9f63bb061,client_4e07408562,59.0,monitor,monitor,14.8,1314,7,0.15
content_3360183fec42,client_8527a891e2,59.0,monitor,monitor,7.0,26,98,0.0
content_faede57cfab7,client_4e07408562,59.0,monitor,monitor,11.4,1052,13,0.1
content_1358f4f1974e,client_d029fa3a95,59.0,monitor,monitor,12.4,203,20,0.99
content_be4d32ea6848,client_f369cb89fc,59.0,monitor,monitor,6.9,11,20,0.0
content_10bd2440e4ac,client_d029fa3a95,59.0,monitor,monitor,7.0,11,183,0.0
content_1d0963b56227,client_4e07408562,59.0,monitor,monitor,39.0,3445,104,0.09
content_54c37e166727,client_d029fa3a95,58.9,monitor,monitor,10.1,16,20,0.0
content_b2a61c74b647,client_4e07408562,58.9,monitor,monitor,45.4,882,104,0.0
content_7c2f3a6ac0f4,client_4e07408562,58.9,monitor,monitor,6.7,11140,14,0.29
content_70a66445e606,client_d029fa3a95,58.9,monitor,monitor,7.4,50,20,0.0
content_e2d9f7cf4cc9,client_4e07408562,58.9,monitor,monitor,29.1,363,13,0.0
content_24ddfbbb780c,client_4e07408562,58.9,monitor,monitor,22.6,606,13,0.0
content_d08553fbe31d,client_4e07408562,58.9,monitor,monitor,10.3,1208,7,0.17
content_728e37c5c417,client_f369cb89fc,58.8,monitor,monitor,7.7,156,20,0.0
content_b7fa2d76e5ae,client_4e07408562,58.8,monitor,monitor,22.5,2542,14,0.16
content_51417f404ae6,client_d029fa3a95,58.8,monitor,monitor,7.3,23,8,0.0
content_837c4ebfd762,client_8527a891e2,58.8,monitor,monitor,6.0,7,92,0.0
content_d7175187ff12,client_4e07408562,58.8,monitor,monitor,4.3,60644,14,0.12
content_c09e49e87ab2,client_8527a891e2,58.8,monitor,monitor,67.6,1809,92,0.0
content_189586cf1186,client_4e07408562,58.8,monitor,monitor,20.1,1859,13,0.11
content_d643674bfdca,client_4e07408562,58.8,monitor,monitor,14.5,12776,25,0.3
content_b99427238b18,client_4e07408562,58.8,monitor,monitor,13.1,1741,13,0.0
content_f72a08df7927,client_f369cb89fc,58.8,monitor,monitor,4.8,36,20,0.0
content_8bf4f84d54cc,client_4e07408562,58.8,monitor,monitor,27.2,5467,25,0.26
content_9a4170c8820b,client_d029fa3a95,58.8,monitor,monitor,11.3,43,20,0.0
content_9d3c56c14cc8,client_4e07408562,58.8,monitor,monitor,6.6,2113,7,0.38
content_749fea292449,client_4e07408562,58.8,monitor,monitor,10.1,33486,25,0.08
content_3e68259e72ad,client_d029fa3a95,58.8,monitor,monitor,12.3,129,20,0.78
content_a9c89dc4dd1e,client_8527a891e2,58.8,monitor,monitor,14.8,1530,104,0.46
content_cf6778282df6,client_d029fa3a95,58.7,monitor,monitor,7.3,159,8,1.26
content_f2ae8c0e865b,client_f369cb89fc,58.7,monitor,monitor,5.5,22,20,0.0
content_223428f683e5,client_f369cb89fc,58.7,monitor,monitor,9.1,36,20,0.0
content_cd6fdaf35403,client_4e07408562,58.7,monitor,monitor,10.3,7132,25,0.07
content_9fe2d1a62916,client_d029fa3a95,58.7,monitor,monitor,12.9,27,8,0.0
content_5e2eda7398eb,client_f369cb89fc,58.7,monitor,monitor,5.2,34,20,0.0
content_ee43ec7cc83b,client_4e07408562,58.7,monitor,monitor,19.4,2393,13,0.13
content_3ba982075eba,client_4e07408562,58.7,monitor,monitor,20.4,3294,25,0.06
content_a171215550ea,client_d029fa3a95,58.7,monitor,monitor,8.6,16,20,0.0
content_4986c5f9b385,client_f369cb89fc,58.6,monitor,monitor,2.9,27,8,0.0
content_03cbe5e8fb64,client_f369cb89fc,58.6,monitor,monitor,20.7,118,20,0.0
content_58bf62e65034,client_4e07408562,58.6,monitor,monitor,24.5,720,13,0.0
content_4a825108b4a1,client_f369cb89fc,58.6,monitor,monitor,2.8,14,8,0.0
content_2a0400a50c04,client_4e07408562,58.6,monitor,monitor,9.9,6466,25,0.14
content_b4570b4d3de2,client_f369cb89fc,58.6,monitor,monitor,4.5,318,20,1.26
content_2511d3d4a6f9,client_4e07408562,58.6,monitor,monitor,25.4,1210,13,0.25
content_19882bd6373d,client_8527a891e2,58.6,monitor,monitor,9.0,2999,104,0.3
content_c05562111bb2,client_4e07408562,58.6,monitor,monitor,5.1,29734,20,0.21
content_662e4aaa9e63,client_8527a891e2,58.6,monitor,monitor,36.9,204,64,0.0
content_2a04fe3892bc,client_4e07408562,58.6,monitor,monitor,15.3,4101,25,0.17
content_53d444b9e788,client_4e07408562,58.6,monitor,monitor,19.8,3895,14,0.13
content_bd99587cb8a8,client_f369cb89fc,58.6,monitor,monitor,5.3,2021,20,1.24
content_4bed8567926a,client_f369cb89fc,58.6,monitor,monitor,24.9,79,20,0.0
content_b899aa06520a,client_f369cb89fc,58.6,monitor,monitor,6.1,49,20,0.0
content_3b9ccdcfb7ef,client_f369cb89fc,58.6,monitor,monitor,6.9,49,20,0.0
content_ec9519e25b89,client_d029fa3a95,58.6,monitor,monitor,15.5,196,20,1.53
content_1877fbda982a,client_4e07408562,58.5,monitor,monitor,22.0,614,7,0.0
content_34310d33202a,client_d029fa3a95,58.5,monitor,monitor,6.7,57,20,1.75
content_cde2e7e0392f,client_4e07408562,58.5,monitor,monitor,19.9,2207,7,0.09
content_e61f3ae17a12,client_f369cb89fc,58.5,monitor,monitor,28.9,1082,20,0.18
content_d8bed4cdd252,client_4e07408562,58.5,monitor,monitor,6.6,5054,25,0.14
content_4d9ab09aad97,client_8527a891e2,58.5,monitor,monitor,80.0,938,104,0.0
content_6a511f8aa90a,client_4e07408562,58.5,monitor,monitor,12.3,3065,13,0.26
content_2b5e1eb27220,client_d029fa3a95,58.5,monitor,monitor,14.9,72,20,0.0
content_930f0a3aa87d,client_f369cb89fc,58.5,monitor,monitor,6.7,48,20,0.0
content_287466584c52,client_4e07408562,58.5,monitor,monitor,20.9,1668,14,0.12
content_3e048af23576,client_f369cb89fc,58.5,monitor,monitor,3.8,32,8,0.0
content_a461c32f5504,client_bdd2d3af3a,58.5,monitor,monitor,7.9,519,20,1.35
content_a88815dee495,client_d029fa3a95,58.4,monitor,monitor,6.7,26,20,0.0
content_7915259fbbc4,client_f369cb89fc,58.4,monitor,monitor,5.2,6868,20,0.64
content_caa6a0f78b21,client_4e07408562,58.4,monitor,monitor,21.2,448,13,0.0
content_d3960d6657f2,client_d029fa3a95,58.4,monitor,monitor,8.1,31,20,0.0
content_2a42480087db,client_4e07408562,58.4,monitor,monitor,22.0,167,104,0.6
content_6c2b2766da47,client_f369cb89fc,58.4,monitor,monitor,8.5,42,8,0.0
content_833504301aed,client_f369cb89fc,58.4,monitor,monitor,7.3,39,8,0.0
content_05eb27358bd0,client_d029fa3a95,58.4,monitor,monitor,10.3,26,20,0.0
content_5283511a58e4,client_4e07408562,58.4,monitor,monitor,30.4,1801,7,0.11
content_6606686cb1dd,client_4e07408562,58.4,monitor,monitor,4.1,507,104,0.59
content_e12604d74081,client_4e07408562,58.4,monitor,monitor,26.0,713,7,0.28
content_13cfec0b5b2f,client_4e07408562,58.4,monitor,monitor,24.8,2208,14,0.14
content_a88e345b9f1a,client_f369cb89fc,58.4,monitor,monitor,3.6,22,20,0.0
content_03ca1c3278cf,client_4e07408562,58.4,monitor,monitor,12.0,944,13,0.21
content_68784a872d47,client_4e07408562,58.4,monitor,monitor,15.0,4896,25,0.22
content_b8b445ba5ddc,client_4e07408562,58.4,monitor,monitor,30.8,1541,7,0.06
content_430f0e467f3a,client_4e07408562,58.3,monitor,monitor,6.5,7981,7,0.1
content_ccc3299baa8a,client_4e07408562,58.3,monitor,monitor,20.4,487,13,0.0
content_3217f08710e3,client_f369cb89fc,58.3,monitor,monitor,8.2,61,20,0.0
content_a96c35cc20d2,client_4e07408562,58.3,monitor,monitor,34.6,2689,7,0.0
content_0afbee882cb3,client_f369cb89fc,58.3,monitor,monitor,4.4,102,20,0.98
content_c01a89e1130c,client_4e07408562,58.3,monitor,monitor,15.7,3130,13,0.16
content_e7dc05ae7ea0,client_f369cb89fc,58.3,monitor,monitor,6.2,19,8,0.0
content_a102c4a3c1ec,client_4e07408562,58.3,monitor,monitor,10.8,1503,13,0.33
content_f9b5ca91c2ed,client_8527a891e2,58.3,monitor,monitor,12.9,30,104,0.0
content_8a754b38aec3,client_f369cb89fc,58.3,monitor,monitor,45.1,206,20,0.0
content_98b2e844bc71,client_f369cb89fc,58.3,monitor,monitor,17.4,1830,8,0.22
content_ab46194b2223,client_d029fa3a95,58.3,monitor,monitor,13.9,44,20,0.0
content_83390968e32e,client_4e07408562,58.3,monitor,monitor,5.7,522,104,0.38
content_712f068958da,client_f369cb89fc,58.3,monitor,monitor,3.5,17,20,0.0
content_bf30ed96384d,client_4e07408562,58.2,monitor,monitor,18.9,3964,25,0.15
content_81a89c686b96,client_f369cb89fc,58.2,monitor,monitor,15.6,606,20,0.33
content_17582f51a0f6,client_4e07408562,58.2,monitor,monitor,7.4,1765,7,0.23
content_976d5deeab73,client_4e07408562,58.2,monitor,monitor,19.0,5996,25,0.1
content_1180705d05bb,client_4e07408562,58.2,monitor,monitor,19.4,1265,13,0.08
content_260e6ad0e62b,client_4e07408562,58.2,monitor,monitor,31.6,434,13,0.23
content_2bb574a58d02,client_f369cb89fc,58.2,monitor,monitor,3.6,20,20,0.0
content_a2730bca63ef,client_4e07408562,58.2,monitor,monitor,19.9,154,13,0.0
content_f6d6279d84be,client_4e07408562,58.2,monitor,monitor,7.0,1571,7,0.76
content_63804e59025a,client_8527a891e2,58.2,monitor,monitor,6.1,19,20,0.0
content_80c942af7ae6,client_f369cb89fc,58.2,monitor,monitor,4.8,370,20,1.35
content_97778ac2fa47,client_d029fa3a95,58.2,monitor,monitor,3.9,12,8,0.0
content_4d6923d17c10,client_8527a891e2,58.2,monitor,monitor,6.8,15,104,0.0
content_1a5a5df64f5b,client_d029fa3a95,58.2,monitor,monitor,15.6,31,20,0.0
content_32e7afcee809,client_d029fa3a95,58.2,monitor,monitor,8.0,27,20,0.0
content_c7d02069ea9e,client_4e07408562,58.2,monitor,monitor,5.5,7160,13,0.34
content_d9904723962e,client_8527a891e2,58.2,monitor,monitor,5.5,38,20,0.0
content_e6955a2c59dc,client_4e07408562,58.2,monitor,monitor,7.1,37534,104,0.07
content_ed519ddea999,client_f369cb89fc,58.2,monitor,monitor,5.5,78,20,1.28
content_f9922b5e46b4,client_4e07408562,58.2,monitor,monitor,37.9,640,104,0.31
content_a529ae9f357f,client_d029fa3a95,58.1,monitor,monitor,16.4,20,20,0.0
content_e95b2b9494b9,client_4e07408562,58.1,monitor,monitor,7.7,246,104,0.41
content_dc1b2d69b430,client_f369cb89fc,58.1,monitor,monitor,4.8,41,20,0.0
content_765d5a7d6ef2,client_8527a891e2,58.1,monitor,monitor,7.3,10,104,0.0
content_192b55a4ffa6,client_f369cb89fc,58.1,monitor,monitor,10.9,22,20,0.0
content_358f4114cae0,client_d029fa3a95,58.1,monitor,monitor,8.9,14,20,0.0
content_acec32b9a99f,client_4e07408562,58.1,monitor,monitor,21.6,9131,25,0.1
content_1a46f575e474,client_8527a891e2,58.1,monitor,monitor,10.5,21,92,0.0
content_69b845b4ecce,client_f369cb89fc,58.1,monitor,monitor,25.5,1651,20,0.24
content_c135155d7fdc,client_f369cb89fc,58.1,monitor,monitor,2.0,9,8,0.0
content_61c6d52381cc,client_4e07408562,58.1,monitor,monitor,18.4,1109,7,0.18
content_21670f9b7917,client_f369cb89fc,58.1,monitor,monitor,7.2,24,20,0.0
content_19a0ea97d3c9,client_8527a891e2,58.1,monitor,monitor,5.1,19,104,0.0
content_06e5928c931b,client_f369cb89fc,58.1,monitor,monitor,4.1,153,20,1.31
content_a2de21b4327d,client_4e07408562,58.1,monitor,monitor,8.3,2234,13,0.18
content_b658db887566,client_8527a891e2,58.1,monitor,monitor,8.4,13,103,0.0
content_918ef45edb9f,client_4e07408562,58.1,monitor,monitor,5.3,22472,20,0.25
content_0f2161181b9f,client_d029fa3a95,58.1,monitor,monitor,23.9,281,20,0.0
content_aea31198122f,client_4e07408562,58.1,monitor,monitor,3.5,7254,13,0.44
content_da3f2c1bef3f,client_8527a891e2,58.0,monitor,monitor,4.1,18,98,0.0
content_ec6fce716c78,client_4e07408562,58.0,monitor,monitor,8.3,1810,13,0.44
content_727a25d0f92f,client_4e07408562,58.0,monitor,monitor,5.1,2531,7,0.16
content_ccaf3a0a98f0,client_f369cb89fc,58.0,monitor,monitor,4.7,73,20,2.74
content_515aa177eded,client_8527a891e2,58.0,monitor,monitor,64.8,285,104,0.0
content_8df5cb6075ad,client_d029fa3a95,58.0,monitor,monitor,10.3,19,20,0.0
content_09f36a8feb8c,client_4e07408562,58.0,monitor,monitor,8.1,14106,25,0.26
content_386add72654e,client_f369cb89fc,58.0,monitor,monitor,5.6,30,20,0.0
content_34cf15fab5ce,client_f369cb89fc,58.0,monitor,monitor,7.0,161,20,1.24
content_a058442fa0f6,client_4e07408562,58.0,monitor,monitor,9.0,1253,7,0.16
content_675f93f2a88f,client_f369cb89fc,58.0,monitor,monitor,4.7,20,20,0.0
content_cfbe919472e0,client_4e07408562,58.0,monitor,monitor,4.9,390,104,0.26
content_11e1b56eb703,client_4e07408562,58.0,monitor,monitor,8.3,13867,25,0.22
content_a6a2cf0626ad,client_f369cb89fc,58.0,monitor,monitor,6.0,222,20,0.9
content_35de81fa684f,client_8527a891e2,58.0,monitor,monitor,6.9,26,20,0.0
content_33712bc4cc5b,client_f369cb89fc,58.0,monitor,monitor,4.2,20,20,0.0
content_8047b55b63bd,client_f369cb89fc,58.0,monitor,monitor,9.8,59,8,0.0
content_6493ac173e55,client_f369cb89fc,58.0,monitor,monitor,4.9,50,20,2.0
content_5393f44a4c0c,client_4e07408562,58.0,monitor,monitor,26.7,798,7,0.13
content_d3911d52eb83,client_4e07408562,57.9,monitor,monitor,38.5,3620,104,0.03
content_67e912e3e2b5,client_4e07408562,57.9,monitor,monitor,16.0,1209,13,0.08
content_f927deecb98b,client_f369cb89fc,57.9,monitor,monitor,3.5,54,8,1.85
content_5be3b96151e5,client_4e07408562,57.9,monitor,monitor,24.3,710,13,0.0
content_95d3a6437b56,client_4e07408562,57.9,monitor,monitor,10.4,536,13,0.75
content_40182f222dc7,client_f369cb89fc,57.9,monitor,monitor,6.1,14,20,0.0
content_b48762a2c443,client_d029fa3a95,57.9,monitor,monitor,6.4,19,20,0.0
content_88ae1c300a05,client_4e07408562,57.9,monitor,monitor,16.9,169,13,0.59
content_a341b59acbac,client_4e07408562,57.9,monitor,monitor,7.6,1988,14,0.35
content_71016f1e93cf,client_f369cb89fc,57.9,monitor,monitor,13.8,76,20,1.32
content_84b504f830bf,client_4e07408562,57.9,monitor,monitor,7.0,18678,25,0.16
content_82f54bb9c586,client_4e07408562,57.8,monitor,monitor,19.1,21013,26,0.06
content_e556e69a70e1,client_8527a891e2,57.8,monitor,monitor,7.6,31,20,0.0
content_af082b61dd15,client_4e07408562,57.8,monitor,monitor,9.9,577,13,0.35
content_fb61eb17f982,client_d029fa3a95,57.8,monitor,monitor,11.5,21,183,4.76
content_59c9cb0113aa,client_d029fa3a95,57.8,monitor,monitor,5.6,27,20,0.0
content_9cb6785af36b,client_f369cb89fc,57.8,monitor,monitor,3.9,18,20,0.0
content_4db4da60384e,client_4e07408562,57.8,monitor,monitor,7.0,885,7,0.23
content_467db1d7f145,client_4e07408562,57.8,monitor,monitor,29.9,384,13,0.0
content_39687f105016,client_4e07408562,57.8,monitor,monitor,10.4,2193,7,0.27
content_4f2854b20942,client_e629fa6598,57.8,monitor,monitor,18.8,1242,22,0.0
content_eedb339e78fb,client_4e07408562,57.8,monitor,monitor,27.4,1287,13,0.08
content_6882583fb48d,client_4e07408562,57.8,monitor,monitor,14.4,40243,25,0.09
content_b3f2ac089cc6,client_f369cb89fc,57.8,monitor,monitor,8.0,678,20,1.18
content_311a6d5b0704,client_4e07408562,57.8,monitor,monitor,30.8,11350,25,0.04
content_0b10e0fdb03b,client_8527a891e2,57.8,monitor,monitor,10.2,13,104,0.0
content_7d46df89fbba,client_d029fa3a95,57.8,monitor,monitor,4.6,6596,20,0.3
content_de295da29503,client_d029fa3a95,57.8,monitor,monitor,15.6,451,8,0.89
content_671937fac53d,client_f369cb89fc,57.8,monitor,monitor,7.3,2976,20,0.67
content_8eb07931444b,client_4e07408562,57.8,monitor,monitor,35.6,1968,104,0.25
content_899bf6f73251,client_4e07408562,57.8,monitor,monitor,11.8,1536,13,0.07
content_84ce6f92823d,client_d029fa3a95,57.7,monitor,monitor,7.5,99,20,1.01
content_490c19f4dfce,client_4e07408562,57.7,monitor,monitor,4.7,5871,7,0.37
content_9e910c76fe4c,client_4e07408562,57.7,monitor,monitor,10.3,28549,25,0.12
content_a30c32196ac9,client_4e07408562,57.7,monitor,monitor,32.6,845,104,0.12
content_e7c9466c83ff,client_f369cb89fc,57.7,monitor,monitor,6.7,97,20,1.03
content_6ef3dcb7be11,client_4e07408562,57.7,monitor,monitor,6.0,1380,7,0.07
content_0ee95e1b4aa2,client_4e07408562,57.7,monitor,monitor,5.6,31941,14,0.2
content_4c1afd5ebb50,client_f369cb89fc,57.7,monitor,monitor,2.8,15,20,0.0
content_581a5ed40c62,client_d029fa3a95,57.7,monitor,monitor,11.7,50,20,2.0
content_56645f60b0d7,client_4e07408562,57.7,monitor,monitor,16.1,739,13,0.27
content_180c8ec7003d,client_8527a891e2,57.7,monitor,monitor,8.7,4406,104,0.14
content_4f8c16bcf0cd,client_f369cb89fc,57.7,monitor,monitor,9.9,87,8,0.0
content_5020ecbfa404,client_8527a891e2,57.7,monitor,monitor,13.9,13,98,0.0
content_f0f92eb79cec,client_4e07408562,57.7,monitor,monitor,16.1,481,104,0.0
content_aa0a0e791d47,client_8527a891e2,57.7,monitor,monitor,2.1,17,103,0.0
content_ce58f03a98f8,client_f369cb89fc,57.7,monitor,monitor,4.7,1119,20,1.43
content_0d8c3d947522,client_8527a891e2,57.7,monitor,monitor,6.3,29,8,0.0
content_4b125df758ad,client_8527a891e2,57.7,monitor,monitor,5.1,37,20,0.0
content_3d0673949a94,client_4e07408562,57.6,monitor,monitor,14.9,19922,25,0.15
content_07915fe7c4d1,client_4e07408562,57.6,monitor,monitor,28.1,972,13,0.0
content_0f1abc94c6bc,client_f369cb89fc,57.6,monitor,monitor,18.3,69,20,0.0
content_b9ed6b3964b5,client_f369cb89fc,57.6,monitor,monitor,13.1,46,8,0.0
content_8f99ad7e027c,client_f369cb89fc,57.6,monitor,monitor,3.8,22,20,0.0
content_ccc50bad83be,client_d029fa3a95,57.6,monitor,monitor,6.1,13,20,0.0
content_42e419fcaa41,client_434c9b5ae5,57.6,monitor,monitor,14.6,240,20,0.0
content_cff6fa6c172f,client_f369cb89fc,57.6,monitor,monitor,36.1,216,20,0.0
content_1d10143d4e52,client_d029fa3a95,57.6,monitor,monitor,13.4,20,183,0.0
content_7fafa0ffde60,client_f369cb89fc,57.6,monitor,monitor,13.2,39,20,0.0
content_cc82c75f451f,client_f369cb89fc,57.6,monitor,monitor,6.8,33,20,0.0
content_5588d5185277,client_f369cb89fc,57.6,monitor,monitor,16.0,90,20,1.11
content_a0ef8e0ff439,client_4e07408562,57.6,monitor,monitor,3.7,22921,14,0.28
content_65cd1264927a,client_4e07408562,57.6,monitor,monitor,3.7,1009,104,0.0
content_d9fd8bb80909,client_4e07408562,57.6,monitor,monitor,13.9,1371,104,0.0
content_0e2a59cb793e,client_8527a891e2,57.5,monitor,monitor,8.2,13,104,0.0
content_33127cc437c2,client_d029fa3a95,57.5,monitor,monitor,15.4,21,20,0.0
content_2a9c18d54fdf,client_d029fa3a95,57.5,monitor,monitor,21.7,70,20,0.0
content_7c59db31efd8,client_f369cb89fc,57.5,monitor,monitor,5.6,267,20,1.5
content_e4fa44b97c8d,client_f369cb89fc,57.5,monitor,monitor,6.1,39,20,0.0
content_0507a9ef3210,client_4e07408562,57.5,monitor,monitor,12.6,3176,13,0.09
content_f60400155074,client_f369cb89fc,57.5,monitor,monitor,4.9,214,20,1.4
content_8ddf24ab1d3a,client_4e07408562,57.5,monitor,monitor,10.3,2368,13,0.25
content_d702cc7bada6,client_d029fa3a95,57.5,monitor,monitor,8.1,23,20,0.0
content_57e8be94618e,client_4e07408562,57.5,monitor,monitor,31.0,729,104,0.14
content_a235b8bfea91,client_8527a891e2,57.5,monitor,monitor,5.6,19,20,0.0
content_d456f286e50f,client_8527a891e2,57.5,monitor,monitor,3.5,16,20,0.0
content_96963b462656,client_4e07408562,57.5,monitor,monitor,35.2,3430,104,0.09
content_5cdfe6ec9f5b,client_d029fa3a95,57.5,monitor,monitor,8.2,41,20,0.0
content_b910884d5a19,client_f369cb89fc,57.5,monitor,monitor,5.3,525,20,1.33
content_0235e0daa068,client_4e07408562,57.5,monitor,monitor,23.1,5101,25,0.16
content_55175224d706,client_d029fa3a95,57.4,monitor,monitor,7.9,21,20,0.0
content_1c5b4e73b153,client_434c9b5ae5,57.4,monitor,monitor,8.5,150,89,0.67
content_0d84c40b49c3,client_f369cb89fc,57.4,monitor,monitor,2.7,83,20,2.41
content_17ef23a45359,client_f369cb89fc,57.4,monitor,monitor,4.8,21,8,0.0
content_9acd1f0a15e7,client_f369cb89fc,57.4,monitor,monitor,5.3,40827,20,0.37
content_e0cd6eaa019e,client_8527a891e2,57.4,monitor,monitor,7.1,35,104,0.0
content_7ad5e4fd6c85,client_8527a891e2,57.4,monitor,monitor,21.5,33,20,0.0
content_6b0f184f1493,client_4e07408562,57.4,monitor,monitor,18.7,7535,25,0.07
content_012c40b3c72f,client_f369cb89fc,57.4,monitor,monitor,1.6,21,20,0.0
content_ac49ab98337b,client_f369cb89fc,57.4,monitor,monitor,4.7,87,20,1.15
content_9d4c813069a1,client_f369cb89fc,57.4,monitor,monitor,13.5,46,20,0.0
content_b88c6b220b23,client_4e07408562,57.4,monitor,monitor,49.0,18198,14,0.04
content_fb866148d629,client_4e07408562,57.4,monitor,monitor,16.1,3638,14,0.27
content_fee4ab8f26b8,client_4e07408562,57.4,monitor,monitor,27.6,281,13,0.36
content_8698288db02c,client_f369cb89fc,57.4,monitor,monitor,8.6,36,20,0.0
content_5252bc52c467,client_f369cb89fc,57.4,monitor,monitor,5.3,27,20,0.0
content_954b881ec7a5,client_f369cb89fc,57.4,monitor,monitor,29.4,57,20,0.0
content_1e086c456de5,client_d029fa3a95,57.4,monitor,monitor,7.0,121,8,0.83
content_f221e6901462,client_8527a891e2,57.4,monitor,monitor,8.1,19,104,0.0
content_243eb4a5388e,client_f369cb89fc,57.3,monitor,monitor,9.0,975,20,1.03
content_1f6909d0ba54,client_4e07408562,57.3,monitor,monitor,21.8,540,104,0.0
content_3e1884b53656,client_4e07408562,57.3,monitor,monitor,2.6,1521,7,0.33
content_a9b8345dc366,client_4e07408562,57.3,monitor,monitor,25.4,1061,7,0.28
content_45797cfda857,client_4e07408562,57.3,monitor,monitor,5.9,3083,104,0.06
content_e816975603a4,client_f369cb89fc,57.3,monitor,monitor,5.6,222,20,0.9
content_b7fef277c982,client_f369cb89fc,57.3,monitor,monitor,5.4,64,20,1.56
content_2323ea95789a,client_f369cb89fc,57.3,monitor,monitor,9.4,73,20,1.37
content_86b70918694f,client_f369cb89fc,57.3,monitor,monitor,11.9,335,20,1.19
content_703971df8cd3,client_d029fa3a95,57.3,monitor,monitor,10.4,26,8,0.0
content_38b38f76d730,client_4e07408562,57.3,monitor,monitor,5.2,3774,104,0.79
content_cc0f20917ee0,client_4e07408562,57.3,monitor,monitor,26.4,681,13,0.0
content_fe6d650abc0d,client_4e07408562,57.3,monitor,monitor,38.9,2439,7,0.0
content_0a5e0981dc87,client_e629fa6598,57.3,monitor,monitor,8.7,2348,22,0.13
content_7a6746b30eee,client_f369cb89fc,57.3,monitor,monitor,12.3,1396,20,0.72
content_8e75e642c497,client_4e07408562,57.3,monitor,monitor,21.8,1620,13,0.12
content_384f92a94aee,client_8527a891e2,57.2,monitor,monitor,48.5,1372,104,0.07
content_f332ee3c133e,client_8527a891e2,57.2,monitor,monitor,6.6,7,92,0.0
content_cd96f3360ce5,client_f369cb89fc,57.2,monitor,monitor,5.0,12,20,0.0
content_04a4daa3e7e0,client_d029fa3a95,57.2,monitor,monitor,40.4,69,20,0.0
content_783373f9d1c7,client_f369cb89fc,57.2,monitor,monitor,6.5,31,20,0.0
content_15727c386643,client_4e07408562,57.2,monitor,monitor,20.4,340,13,0.0
content_d5914cd8c53e,client_f369cb89fc,57.2,monitor,monitor,5.2,736,20,0.82
content_59320b07d510,client_4e07408562,57.2,monitor,monitor,18.8,1580,13,0.0
content_a2724f91a165,client_f369cb89fc,57.2,monitor,monitor,4.6,71442,20,0.21
content_700061cecdf3,client_f369cb89fc,57.2,monitor,monitor,7.1,84,20,1.19
content_35fb876ad42a,client_f369cb89fc,57.2,monitor,monitor,1.7,27,20,0.0
content_1cd4d043f993,client_8527a891e2,57.2,monitor,monitor,4.8,28,104,0.0
content_fbf521ee13d6,client_434c9b5ae5,57.2,monitor,monitor,5.7,31,8,0.0
content_60da5b50ebb9,client_f369cb89fc,57.2,monitor,monitor,6.8,1397,20,0.14
content_957a5bd57448,client_4e07408562,57.2,monitor,monitor,38.5,1641,7,0.0
content_461eb9f35e52,client_4e07408562,57.2,monitor,monitor,25.2,4669,25,0.04
content_e16a84a09194,client_f369cb89fc,57.2,monitor,monitor,10.6,36,20,0.0
content_7fb8a56336e1,client_4e07408562,57.2,monitor,monitor,13.2,6639,25,0.26
content_b5a67fbd43b7,client_4e07408562,57.2,monitor,monitor,10.9,2878,13,0.17
content_3f5848968591,client_434c9b5ae5,57.1,monitor,monitor,13.5,763,20,0.13
content_4accaefeb6ed,client_f369cb89fc,57.1,monitor,monitor,14.2,55,20,0.0
content_f297b6d960a2,client_8527a891e2,57.1,monitor,monitor,11.3,34,104,0.0
content_e31bcb95fda5,client_8527a891e2,57.1,monitor,monitor,5.8,17,98,0.0
content_547a2f6dee80,client_8527a891e2,57.1,monitor,monitor,7.1,13,98,0.0
content_d5c4f67a138c,client_4e07408562,57.1,monitor,monitor,14.1,1937,104,0.15
content_d16f344bb84b,client_4e07408562,57.1,monitor,monitor,37.5,257,104,0.0
content_463e1453a322,client_f369cb89fc,57.1,monitor,monitor,4.2,21,20,0.0
content_def60a67e307,client_4e07408562,57.1,monitor,monitor,22.3,4449,25,0.16
content_4d0c876fd1af,client_4e07408562,57.1,monitor,monitor,9.7,917,7,0.11
content_a864a66b79e8,client_434c9b5ae5,57.1,monitor,monitor,6.5,44,8,0.0
content_17d2c5b7b9c1,client_d029fa3a95,57.1,monitor,monitor,8.5,13,20,0.0
content_4409c919f040,client_4e07408562,57.1,monitor,monitor,16.4,670,13,0.3
content_dc6c5df2f682,client_4e07408562,57.1,monitor,monitor,8.5,10370,25,0.14
content_e6b69b74d3dc,client_f369cb89fc,57.1,monitor,monitor,8.5,24,20,0.0
content_390797e1f0b8,client_4e07408562,57.1,monitor,monitor,10.2,2864,13,0.24
content_3f7dbbd55f0c,client_4e07408562,57.1,monitor,monitor,10.2,227,104,0.0
content_0d03464929b5,client_4e07408562,57.1,monitor,monitor,20.1,1072,104,0.09
content_459d056652a0,client_4e07408562,57.1,monitor,monitor,13.6,2919,13,0.1
content_e8900ebb63cf,client_f369cb89fc,57.0,monitor,monitor,12.2,40,8,0.0
content_1b27d2642fda,client_8527a891e2,57.0,monitor,monitor,37.1,241,104,0.0
content_dde90787c795,client_4e07408562,57.0,monitor,monitor,7.3,9567,25,0.22
content_36b424ccfc90,client_d029fa3a95,57.0,monitor,monitor,16.8,33,20,0.0
content_0b94cd5e95af,client_4e07408562,57.0,monitor,monitor,1.6,5208,7,0.29
content_17e62c7661d8,client_4e07408562,57.0,monitor,monitor,11.1,8937,25,0.15
content_3eb1e2f71874,client_d029fa3a95,57.0,monitor,monitor,13.0,34,20,0.0
content_c31c3add99f4,client_4e07408562,57.0,monitor,monitor,37.0,7582,13,0.05
content_92dfd4fe1208,client_f369cb89fc,57.0,monitor,monitor,5.1,31,20,0.0
content_973ec83cacf8,client_4e07408562,57.0,monitor,monitor,7.5,2987,13,0.44
content_c2bebd7cefa3,client_4e07408562,57.0,monitor,monitor,10.6,889,13,0.22
content_24305e647310,client_f369cb89fc,57.0,monitor,monitor,18.6,901,20,0.22
content_983adc986531,client_4e07408562,57.0,monitor,monitor,31.3,3529,104,0.06
content_6ff53d928618,client_8527a891e2,56.9,monitor,monitor,26.4,203,104,0.49
content_7f89928335ae,client_f369cb89fc,56.9,monitor,monitor,18.2,1186,20,0.67
content_2abf85e2acd3,client_f369cb89fc,56.9,monitor,monitor,5.6,363,20,1.38
content_452b4dcb2c2a,client_4e07408562,56.9,monitor,monitor,38.2,1115,104,0.0
content_83f5527f59b4,client_f369cb89fc,56.9,monitor,monitor,5.9,31,20,0.0
content_47757540a16b,client_8527a891e2,56.9,monitor,monitor,3.4,5,104,0.0
content_ac23cfe2f09f,client_f369cb89fc,56.9,monitor,monitor,6.0,357,20,1.4
content_4586a788236a,client_d029fa3a95,56.9,monitor,monitor,8.1,1167,20,0.77
content_449f11ffe520,client_f369cb89fc,56.9,monitor,monitor,7.1,30,20,0.0
content_9154bca5c190,client_8527a891e2,56.9,monitor,monitor,10.2,29,102,0.0
content_b046d6f5fcd8,client_8527a891e2,56.9,monitor,monitor,7.1,77612,104,0.1
content_4f90f5799520,client_4e07408562,56.8,monitor,monitor,22.7,430,104,0.0
content_17976e270c5a,client_f369cb89fc,56.8,monitor,monitor,6.8,40,20,0.0
content_93aaf9dc4672,client_4e07408562,56.8,monitor,monitor,22.8,3575,104,0.17
content_f7261959d3e4,client_4e07408562,56.8,monitor,monitor,21.4,1012,13,0.2
content_4c126bb257a9,client_4e07408562,56.8,monitor,monitor,9.7,3829,14,0.1
content_2702f1dcbd95,client_4e07408562,56.8,monitor,monitor,4.7,15890,20,0.17
content_08951d3e71ad,client_4e07408562,56.8,monitor,monitor,19.5,712,7,0.14
content_ce431e33ceeb,client_4e07408562,56.8,monitor,monitor,26.7,2080,14,0.19
content_d9cda3f2853a,client_d029fa3a95,56.8,monitor,monitor,43.6,90,20,0.0
content_c2f9a9a48cc4,client_4e07408562,56.8,monitor,monitor,10.2,2207,7,0.18
content_deae03dc2d26,client_4e07408562,56.8,monitor,monitor,27.7,1198,104,0.17
content_93f5dbaef3e7,client_4e07408562,56.8,monitor,monitor,14.3,547,13,0.18
content_6baf06e6e0f1,client_8527a891e2,56.7,monitor,monitor,10.5,46,64,0.0
content_6e249fd6b039,client_f369cb89fc,56.7,monitor,monitor,6.3,102,20,0.98
content_a05de90216c2,client_4e07408562,56.7,monitor,monitor,3.8,6328,7,0.35
content_6238a88e9809,client_4e07408562,56.7,monitor,monitor,12.9,1526,14,0.2
content_e6c0c4e9ae59,client_8527a891e2,56.7,monitor,monitor,11.9,679,102,0.59
content_06f6ab41bb5b,client_f369cb89fc,56.7,monitor,monitor,4.6,9,8,0.0
content_7ea36c800544,client_4e07408562,56.7,monitor,monitor,9.0,13630,25,0.16
content_4f4baf5fcb8c,client_f369cb89fc,56.7,monitor,monitor,30.0,367,20,0.54
content_87510958c08d,client_f369cb89fc,56.7,monitor,monitor,4.0,89,20,4.49
content_dbc9c60adb87,client_8527a891e2,56.7,monitor,monitor,5.8,42,20,0.0
content_c6f663e8e802,client_d029fa3a95,56.7,monitor,monitor,9.9,21,20,0.0
content_bd2d3b02b1cc,client_4e07408562,56.7,monitor,monitor,31.0,363,13,0.0
content_270b12878a60,client_4e07408562,56.7,monitor,monitor,7.0,2559,13,0.47
content_0a47ded24495,client_4e07408562,56.7,monitor,monitor,7.6,11865,14,0.22
content_01ec3d27560e,client_4e07408562,56.7,monitor,monitor,12.6,1593,13,0.06
content_271940834e91,client_4e07408562,56.7,monitor,monitor,5.9,21615,104,0.33
content_259a0c7bd5bd,client_4e07408562,56.7,monitor,monitor,19.4,2204,14,0.27
content_67565df5500c,client_f369cb89fc,56.7,monitor,monitor,24.5,464,20,0.0
content_d635a5c1b4a6,client_8527a891e2,56.7,monitor,monitor,7.3,14,98,0.0
content_8066a5202ee5,client_f369cb89fc,56.7,monitor,monitor,15.0,1181,20,0.85
content_ddb8962b4353,client_f369cb89fc,56.7,monitor,monitor,5.7,93,20,1.08
content_d0c0549597ab,client_f369cb89fc,56.6,monitor,monitor,9.1,32,20,0.0
content_4d3620e6e834,client_8527a891e2,56.6,monitor,monitor,5.4,33247,104,0.1
content_22f4d2f58c42,client_434c9b5ae5,56.6,monitor,monitor,13.1,216,8,0.0
content_edae52c77f71,client_434c9b5ae5,56.6,monitor,monitor,14.0,291,8,0.0
content_d2cc2cd378a0,client_4e07408562,56.6,monitor,monitor,10.1,8794,25,0.16
content_08500acfbe7c,client_4e07408562,56.6,monitor,monitor,14.4,1993,7,0.25
content_b32d3698d69c,client_4e07408562,56.6,monitor,monitor,34.0,1444,7,0.07
content_e3aeb690d4e7,client_d029fa3a95,56.6,monitor,monitor,14.8,47,20,0.0
content_12878065f88e,client_f369cb89fc,56.6,monitor,monitor,9.2,47,8,0.0
content_3941aacb4014,client_d029fa3a95,56.6,monitor,monitor,10.4,31,20,0.0
content_956a0bca24e5,client_4e07408562,56.6,monitor,monitor,23.9,737,13,0.27
content_3c62618cdd85,client_f369cb89fc,56.6,monitor,monitor,4.7,28,20,0.0
content_93fda401256d,client_f369cb89fc,56.6,monitor,monitor,10.9,17,20,0.0
content_a80cb7c18031,client_d029fa3a95,56.6,monitor,monitor,11.8,15,20,0.0
content_1df4ee44e69b,client_d029fa3a95,56.6,monitor,monitor,4.0,20,20,0.0
content_5c7a9bd6cbfe,client_8527a891e2,56.6,monitor,monitor,6.1,10,92,0.0
content_36454dbe0dba,client_f369cb89fc,56.5,monitor,monitor,10.4,29311,8,0.18
content_ba327fc280e4,client_f369cb89fc,56.5,monitor,monitor,9.0,24,20,0.0
content_471caa66d791,client_8527a891e2,56.5,monitor,monitor,8.2,18,92,0.0
content_881635edbf8b,client_8527a891e2,56.5,monitor,monitor,12.9,16,98,0.0
content_4a7474d99ef2,client_d029fa3a95,56.5,monitor,monitor,6.8,9,20,0.0
content_5c8d86efbed3,client_4e07408562,56.5,monitor,monitor,7.1,4013,14,0.17
content_f2e20dd8d68b,client_d029fa3a95,56.5,monitor,monitor,12.8,33,8,0.0
content_0996869c2c54,client_f369cb89fc,56.5,monitor,monitor,32.5,185,8,0.54
content_22f275f49f44,client_4e07408562,56.5,monitor,monitor,9.6,287,104,0.35
content_df90bf6b7d9c,client_f369cb89fc,56.5,monitor,monitor,24.5,102,20,0.0
content_d86be00d801c,client_4e07408562,56.5,monitor,monitor,22.1,3418,14,0.59
content_bce275871a25,client_f369cb89fc,56.5,monitor,monitor,5.4,371,20,1.35
content_db67d66d6b52,client_f369cb89fc,56.5,monitor,monitor,9.4,70,20,1.43
content_64d2a935a54f,client_8527a891e2,56.5,monitor,monitor,54.0,308,104,0.0
content_649c63664f77,client_f369cb89fc,56.5,monitor,monitor,4.7,12331,20,0.61
content_aa9a5ef1d884,client_f369cb89fc,56.5,monitor,monitor,5.7,19,20,0.0
content_4d39b3b3ee5d,client_f369cb89fc,56.5,monitor,monitor,5.2,57,20,1.75
content_d4155589b206,client_4e07408562,56.5,monitor,monitor,8.8,6513,14,0.31
content_6da95ceaa9bb,client_4e07408562,56.5,monitor,monitor,4.5,118,104,0.85
content_13264f1d3998,client_f369cb89fc,56.5,monitor,monitor,10.3,67,8,1.49
content_3da8c7b2f0cd,client_4e07408562,56.5,monitor,monitor,26.1,942,13,0.0
content_42ce7d82d38d,client_4e07408562,56.4,monitor,monitor,11.6,1090,104,0.09
content_37428ab36250,client_4e07408562,56.4,monitor,monitor,19.8,264,104,0.0
content_3aec04992cd8,client_f369cb89fc,56.4,monitor,monitor,6.2,88,8,0.0
content_d937c87e41e7,client_f369cb89fc,56.4,monitor,monitor,37.7,188,20,0.0
content_aa3c3dca6c0b,client_8527a891e2,56.4,monitor,monitor,24.9,1050,104,0.19
content_55d1162a1baf,client_f369cb89fc,56.4,monitor,monitor,12.7,26,20,0.0
content_0fa0a2c60cf9,client_4e07408562,56.3,monitor,monitor,19.2,2211,14,0.18
content_ad5f9478d603,client_4e07408562,56.3,monitor,monitor,6.7,5133,7,0.19
content_a1e65051acf3,client_f369cb89fc,56.3,monitor,monitor,12.4,76,20,1.32
content_1044412fa6de,client_434c9b5ae5,56.3,monitor,monitor,21.1,710,20,0.0
content_7e7d333c0af0,client_4e07408562,56.3,monitor,monitor,11.3,7800,25,0.19
content_09f654d4117a,client_f369cb89fc,56.3,monitor,monitor,22.7,50,20,4.0
content_93e94f1ff1f5,client_4e07408562,56.3,monitor,monitor,3.7,35207,7,0.12
content_b2df860b928d,client_8527a891e2,56.3,monitor,monitor,7.8,25,104,0.0
content_edba531929f4,client_d029fa3a95,56.3,monitor,monitor,6.5,33,20,0.0
content_897e2f86b975,client_e629fa6598,56.3,monitor,monitor,11.3,519,22,0.0
content_3f703336ec8d,client_4e07408562,56.3,monitor,monitor,5.6,8144,20,0.39
content_0f9305fb9daa,client_4e07408562,56.3,monitor,monitor,4.7,2294,104,0.0
content_be5e23c0a35e,client_f369cb89fc,56.3,monitor,monitor,21.0,82,20,0.0
content_9e53e39d27c6,client_4e07408562,56.3,monitor,monitor,8.5,3832,13,0.34
content_18dd27779cb8,client_f369cb89fc,56.3,monitor,monitor,4.0,25,20,0.0
content_961a949058a1,client_f369cb89fc,56.3,monitor,monitor,6.8,57,20,0.0
content_0a94e9f318d6,client_f369cb89fc,56.3,monitor,monitor,6.3,23,20,0.0
content_d7344dbc6ad1,client_8527a891e2,56.3,monitor,monitor,8.8,15,104,0.0
content_15aefc83749a,client_4e07408562,56.3,monitor,monitor,17.4,1078,104,0.0
content_135baf84d5ce,client_f369cb89fc,56.3,monitor,monitor,2.1,14,20,0.0
content_bfa92781b510,client_d029fa3a95,56.3,monitor,monitor,13.7,19,20,0.0
content_805ed8c736ff,client_d029fa3a95,56.3,monitor,monitor,10.4,18784,20,0.14
content_fba37ae0d72e,client_4e07408562,56.2,monitor,monitor,20.8,337,13,0.0
content_192ec79eda2e,client_8527a891e2,56.2,monitor,monitor,18.8,22,20,0.0
content_53a867205de3,client_8527a891e2,56.2,monitor,monitor,10.5,15,20,0.0
content_e06a98b9b38b,client_8527a891e2,56.2,monitor,monitor,36.8,73,104,0.0
content_e3de4ddde194,client_434c9b5ae5,56.2,monitor,monitor,9.4,31,89,0.0
content_cd2d7b379cbd,client_4e07408562,56.2,monitor,monitor,8.6,5790,25,0.21
content_71c7b5968117,client_4e07408562,56.2,monitor,monitor,16.2,874,13,0.11
content_7703de337d05,client_f369cb89fc,56.2,monitor,monitor,4.1,7300,20,0.59
content_c8ab44f319a3,client_f369cb89fc,56.2,monitor,monitor,7.7,1942,20,0.82
content_d3028334450c,client_d029fa3a95,56.2,monitor,monitor,22.1,36,8,0.0
content_1818502f80f4,client_f369cb89fc,56.2,monitor,monitor,15.4,370,20,1.35
content_67e4a3489ca1,client_f369cb89fc,56.2,monitor,monitor,7.1,28,20,0.0
content_38d0f423e408,client_4e07408562,56.2,monitor,monitor,3.8,10296,20,0.33
content_201e6fa0676c,client_4e07408562,56.2,monitor,monitor,8.7,4773,25,0.29
content_125ca7619eec,client_f369cb89fc,56.2,monitor,monitor,5.3,39,20,0.0
content_4f4532d3e566,client_4e07408562,56.2,monitor,monitor,7.5,13185,25,0.18
content_4d2355fcaed0,client_f369cb89fc,56.2,monitor,monitor,6.1,69,20,1.45
content_c6d0a617833d,client_f369cb89fc,56.2,monitor,monitor,6.5,8,20,0.0
content_d93646e7db50,client_d029fa3a95,56.2,monitor,monitor,39.5,464,20,0.0
content_2ac5b691fa27,client_4e07408562,56.1,monitor,monitor,32.1,73,104,0.0
content_70394035079d,client_d029fa3a95,56.1,monitor,monitor,15.8,9,20,0.0
content_1cea97c28cd6,client_4e07408562,56.1,monitor,monitor,6.1,1916,7,0.1
content_d700ff22181f,client_8527a891e2,56.1,monitor,monitor,10.7,66,104,0.0
content_ea2c693b640c,client_f369cb89fc,56.1,monitor,monitor,5.2,221,20,1.36
content_80eb3f8ef413,client_d029fa3a95,56.1,monitor,monitor,11.4,94,20,0.0
content_97fd095ebfd1,client_8527a891e2,56.1,monitor,monitor,8.4,39,104,0.0
content_a7da3b5b03ed,client_8527a891e2,56.1,monitor,monitor,6.5,56,20,0.0
content_e8b5e3a4e344,client_e629fa6598,56.1,monitor,monitor,4.7,167,20,0.6
content_935e3a857b86,client_4e07408562,56.1,monitor,monitor,9.1,22805,25,0.3
content_0e043e54b06c,client_f369cb89fc,56.1,monitor,monitor,8.4,25,20,0.0
content_d9b22972eaae,client_4e07408562,56.1,monitor,monitor,16.1,783,13,0.38
content_1f05df4add56,client_f369cb89fc,56.1,monitor,monitor,6.2,16,20,0.0
content_ef5839d610a3,client_4e07408562,56.1,monitor,monitor,25.9,1239,13,0.08
content_371e6e08c996,client_4e07408562,56.0,monitor,monitor,6.1,23265,104,0.1
content_d833c807ccc4,client_f369cb89fc,56.0,monitor,monitor,22.0,290,20,1.03
content_cb850da6bf12,client_4e07408562,56.0,monitor,monitor,17.2,931,13,0.11
content_f1303b831387,client_8527a891e2,56.0,monitor,monitor,14.1,17,92,0.0
content_0d0dd7fb1b11,client_8527a891e2,56.0,monitor,monitor,10.3,28,20,0.0
content_e1f84315336e,client_4e07408562,56.0,monitor,monitor,6.2,2093,7,0.38
content_5e5271003234,client_f369cb89fc,56.0,monitor,monitor,6.2,283,20,0.35
content_13ca6c99ef66,client_f369cb89fc,56.0,monitor,monitor,6.5,404,20,0.5
content_07b0988606b3,client_f369cb89fc,56.0,monitor,monitor,7.5,1914,20,0.89
content_a1207db565d9,client_4e07408562,56.0,monitor,monitor,7.9,1242,7,0.32
content_046a2f21c507,client_f369cb89fc,56.0,monitor,monitor,7.3,68,20,1.47
content_c789a815d8bb,client_4e07408562,56.0,monitor,monitor,16.4,3264,13,0.37
content_455158d1a57c,client_8527a891e2,56.0,monitor,monitor,4.6,12,20,0.0
content_71b7b4dcc0ec,client_f369cb89fc,56.0,monitor,monitor,1.1,16,20,0.0
content_d677f029a39e,client_4e07408562,56.0,monitor,monitor,5.7,15147,20,0.42
content_271062e724db,client_f369cb89fc,56.0,monitor,monitor,15.7,325,20,0.31
content_854c9a6ae832,client_4e07408562,56.0,monitor,monitor,11.1,418,104,0.24
content_1f550a070f07,client_f369cb89fc,55.9,monitor,monitor,4.6,21,20,0.0
content_c24ba93e466a,client_f369cb89fc,55.9,monitor,monitor,3.9,11,8,0.0
content_f452475bff46,client_f369cb89fc,55.9,monitor,monitor,0.8,15,20,0.0
content_8ac5e7d55b90,client_4e07408562,55.9,monitor,monitor,52.2,1384,7,0.0
content_a13924fb5eb3,client_4e07408562,55.9,monitor,monitor,13.6,5553,25,0.59
content_e32ec994d05a,client_4e07408562,55.9,monitor,monitor,4.2,17471,14,0.33
content_0b689c5667de,client_4e07408562,55.9,monitor,monitor,7.8,7692,25,0.17
content_9fd47acb86ed,client_d029fa3a95,55.9,monitor,monitor,7.1,34,20,2.94
content_138e5f3d747a,client_f369cb89fc,55.9,monitor,monitor,2.9,17,20,0.0
content_650ebaf394bb,client_f369cb89fc,55.9,monitor,monitor,0.8,19,20,0.0
content_46d4b8ad705c,client_4e07408562,55.9,monitor,monitor,44.2,3417,104,0.03
content_c9666ca71957,client_4e07408562,55.9,monitor,monitor,7.1,9196,25,0.18
content_6d413f45ce9c,client_434c9b5ae5,55.9,monitor,monitor,6.9,38,8,0.0
content_343e4608e829,client_4e07408562,55.9,monitor,monitor,8.6,1427,104,0.21
content_2525189bc72e,client_f369cb89fc,55.9,monitor,monitor,14.3,17875,20,0.41
content_63484de88c09,client_f369cb89fc,55.9,monitor,monitor,6.3,178,20,1.69
content_ea3aaf091973,client_4e07408562,55.8,monitor,monitor,22.2,888,13,0.34
content_ef9bdd92b523,client_8527a891e2,55.8,monitor,monitor,4.3,6,104,0.0
content_fd7153335627,client_4e07408562,55.8,monitor,monitor,6.4,2731,7,0.15
content_c94b98f60924,client_4e07408562,55.8,monitor,monitor,4.5,3720,13,0.32
content_c13bfe497aeb,client_f369cb89fc,55.8,monitor,monitor,49.8,201,20,0.0
content_7513d27c2d97,client_8527a891e2,55.8,monitor,monitor,12.4,13,92,0.0
content_ddfe12fa817b,client_f369cb89fc,55.8,monitor,monitor,3.9,108,20,2.78
content_fe38dbdb4508,client_4e07408562,55.7,monitor,monitor,26.8,2471,13,0.08
content_58f7da7d57fa,client_4e07408562,55.7,monitor,monitor,28.1,3906,14,0.18
content_93736f8ade40,client_f369cb89fc,55.7,monitor,monitor,12.2,111,20,0.0
content_ed73cc77ea29,client_4e07408562,55.7,monitor,monitor,14.7,21987,25,0.07
content_8dc1021270bf,client_4e07408562,55.7,monitor,monitor,10.3,281,104,0.36
content_542ad143087e,client_4e07408562,55.7,monitor,monitor,21.4,16161,25,0.11
content_548d54f56d19,client_8527a891e2,55.7,monitor,monitor,14.5,21,104,0.0
content_db4f5dd49b48,client_4e07408562,55.7,monitor,monitor,27.2,371,13,0.0
content_b52e01ba950b,client_8527a891e2,55.7,monitor,monitor,13.0,39,20,0.0
content_6ab1ba993c43,client_f369cb89fc,55.7,monitor,monitor,4.7,51,20,1.96
content_2a14694cca5f,client_f369cb89fc,55.7,monitor,monitor,7.6,28,20,0.0
content_127de1938ce5,client_d029fa3a95,55.7,monitor,monitor,13.0,53,20,1.89
content_4af6d609067b,client_f369cb89fc,55.7,monitor,monitor,6.9,359,20,0.84
content_0d4dc4dc2456,client_d029fa3a95,55.7,monitor,monitor,2.6,8,20,0.0
content_d016173fedb8,client_4e07408562,55.7,monitor,monitor,17.1,3021,13,0.3
content_0537cb0f825e,client_d029fa3a95,55.7,monitor,monitor,12.2,27,20,0.0
content_82e60a3d795c,client_d029fa3a95,55.7,monitor,monitor,5.9,14,20,0.0
content_47ad75f6e937,client_8527a891e2,55.7,monitor,monitor,47.3,510,104,0.0
content_cb99813a2f8e,client_f369cb89fc,55.7,monitor,monitor,7.2,19,20,0.0
content_bffb5fb92a47,client_4e07408562,55.6,monitor,monitor,28.7,2680,13,0.15
content_f757709ea42f,client_4e07408562,55.6,monitor,monitor,12.0,10327,25,0.38
content_a31243c8e9b9,client_f369cb89fc,55.6,monitor,monitor,5.3,10,8,0.0
content_6df291d0385f,client_d029fa3a95,55.6,monitor,monitor,14.1,36,20,0.0
content_d263c7f4f8c0,client_4e07408562,55.6,monitor,monitor,8.0,9296,25,0.18
content_a30a53f72561,client_4e07408562,55.6,monitor,monitor,10.9,5732,20,0.26
content_4438cb982246,client_f369cb89fc,55.6,monitor,monitor,8.3,15,20,0.0
content_026916bfa9ab,client_4e07408562,55.6,monitor,monitor,7.4,4390,25,0.32
content_775db0d6948a,client_d029fa3a95,55.6,monitor,monitor,10.3,21,20,0.0
content_8f1409b2674e,client_8527a891e2,55.6,monitor,monitor,20.0,209,104,0.0
content_8059c0222f8d,client_8527a891e2,55.6,monitor,monitor,27.2,46,8,0.0
content_15b35bfd5f84,client_8527a891e2,55.6,monitor,monitor,21.2,24,20,0.0
content_a7c9a38eb5f2,client_f369cb89fc,55.6,monitor,monitor,12.3,26,20,0.0
content_a05f0de6797f,client_d029fa3a95,55.6,monitor,monitor,5.0,9,8,0.0
content_396019fec61a,client_4e07408562,55.6,monitor,monitor,3.8,83362,104,0.09
content_3b65412af818,client_4e07408562,55.5,monitor,monitor,5.5,28574,20,0.17
content_022126e19b29,client_d029fa3a95,55.5,monitor,monitor,5.3,16,20,0.0
content_02dcfc8cd821,client_f369cb89fc,55.5,monitor,monitor,8.9,18,20,0.0
content_51e0c9b9c9f5,client_f369cb89fc,55.5,monitor,monitor,9.7,120,20,0.83
content_19350c591ec3,client_4e07408562,55.5,monitor,monitor,21.0,2625,13,0.19
content_cc6d62e31116,client_4e07408562,55.5,monitor,monitor,32.8,16711,20,0.02
content_933e7954d22e,client_8527a891e2,55.5,monitor,monitor,5.7,15,20,0.0
content_5607fec5d7db,client_f369cb89fc,55.5,monitor,monitor,8.9,22,20,0.0
content_bf54f1b66e17,client_4e07408562,55.4,monitor,monitor,8.2,7874,14,0.05
content_24abf98d3cf4,client_4e07408562,55.4,monitor,monitor,15.3,6550,25,0.21
content_c0078647bab2,client_f369cb89fc,55.4,monitor,monitor,16.5,188,20,1.06
content_7915b1fbf8da,client_434c9b5ae5,55.4,monitor,monitor,6.1,17,8,0.0
content_935dad48e67d,client_4e07408562,55.4,monitor,monitor,4.7,1837,7,0.27
content_2dd579b85ce7,client_d029fa3a95,55.4,monitor,monitor,7.9,8255,20,0.35
content_3879128f65a6,client_f369cb89fc,55.4,monitor,monitor,3.6,18,20,0.0
content_cea90c1d2627,client_4e07408562,55.4,monitor,monitor,5.8,14094,20,0.16
content_52bf25ce153b,client_d029fa3a95,55.4,monitor,monitor,39.1,55,20,0.0
content_437d6e67bfe2,client_f369cb89fc,55.4,monitor,monitor,15.7,67,20,0.0
content_da2369059c37,client_8527a891e2,55.4,monitor,monitor,24.8,32,20,0.0
content_1e11dcfd4405,client_d029fa3a95,55.4,monitor,monitor,8.3,16,20,0.0
content_33a2b874555b,client_8527a891e2,55.4,monitor,monitor,20.6,19,102,0.0
content_347b02848fe9,client_4e07408562,55.4,monitor,monitor,24.7,2688,13,0.07
content_50b70a86730c,client_f369cb89fc,55.4,monitor,monitor,3.8,33,20,3.03
content_94d1f783deed,client_4e07408562,55.3,monitor,monitor,50.9,3214,104,0.03
content_a4e7c491c25f,client_4e07408562,55.3,monitor,monitor,18.9,6393,25,0.27
content_0b0e3eb23ba7,client_4e07408562,55.3,monitor,monitor,9.1,620,7,0.16
content_e1d07bb09232,client_4e07408562,55.3,monitor,monitor,6.8,20497,14,0.23
content_84a4de62123b,client_4e07408562,55.3,monitor,monitor,14.9,13312,25,0.11
content_c3deae21717a,client_8527a891e2,55.3,monitor,monitor,8.3,15,20,0.0
content_ec4fec4dc5f6,client_e629fa6598,55.3,monitor,monitor,7.6,251,22,0.0
content_2bb1cc3be229,client_8527a891e2,55.3,monitor,monitor,43.0,193,104,0.0
content_b11a7dcf6d72,client_8527a891e2,55.3,monitor,monitor,3.0,10,104,0.0
content_bb53ef182899,client_4e07408562,55.3,monitor,monitor,8.2,3978,13,0.3
content_54944705fb0f,client_8527a891e2,55.2,monitor,monitor,8.0,13,104,0.0
content_ff8ea1364b59,client_e629fa6598,55.2,monitor,monitor,10.7,170,22,0.0
content_a080bd4f0f51,client_4e07408562,55.2,monitor,monitor,32.4,797,104,0.0
content_45a47b55f918,client_f369cb89fc,55.2,monitor,monitor,13.0,2880,20,0.49
content_594686bcfe8a,client_4e07408562,55.2,monitor,monitor,32.2,801,104,0.0
content_cf18d0786169,client_8527a891e2,55.2,monitor,monitor,9.8,9,104,0.0
content_4b4e56e3301b,client_d029fa3a95,55.2,monitor,monitor,13.1,44,8,0.0
content_c2b6d4935838,client_f369cb89fc,55.2,monitor,monitor,17.9,101,20,0.99
content_b9cad3fb2eb1,client_4e07408562,55.2,monitor,monitor,23.1,4535,14,0.24
content_97b7779b8c3c,client_f369cb89fc,55.2,monitor,monitor,9.0,41,20,0.0
content_011ba6714bb6,client_4e07408562,55.2,monitor,monitor,61.9,7857,13,0.01
content_936f6af81f1f,client_4e07408562,55.2,monitor,monitor,7.1,49921,25,0.13
content_a5ee2196b6f9,client_4e07408562,55.2,monitor,monitor,19.7,26905,25,0.14
content_2388ea11be57,client_4e07408562,55.1,monitor,monitor,14.6,4445,14,0.31
content_d3b39602b416,client_8527a891e2,55.1,monitor,monitor,11.2,9,20,0.0
content_da362213d99e,client_d029fa3a95,55.1,monitor,monitor,18.5,17,20,0.0
content_54b554d74ecd,client_e629fa6598,55.1,monitor,monitor,7.3,4219,22,0.14
content_1671f930e1b2,client_d029fa3a95,55.1,monitor,monitor,8.7,20,20,0.0
content_5ef305add4a3,client_f369cb89fc,55.1,monitor,monitor,4.6,22,20,0.0
content_ac1bd950b003,client_4e07408562,55.1,monitor,monitor,15.0,730,13,0.14
content_373ec112d46d,client_4e07408562,55.1,monitor,monitor,7.4,1826,104,0.33
content_a32a03ed1465,client_d029fa3a95,55.1,monitor,monitor,6.8,26,20,0.0
content_ca363f32d934,client_4e07408562,55.1,monitor,monitor,20.2,1053,7,0.19
content_08f887455134,client_4e07408562,55.1,monitor,monitor,12.5,358,13,0.28
content_9850360d8d1b,client_d029fa3a95,55.1,monitor,monitor,33.0,163,20,0.0
content_601668f3aabe,client_4e07408562,55.0,monitor,monitor,11.0,360,13,0.28
content_3cdb898f8e47,client_f369cb89fc,55.0,monitor,monitor,6.4,39,20,2.56
content_ebb156249110,client_f369cb89fc,55.0,monitor,monitor,4.2,9,8,0.0
content_355a734d17c3,client_4e07408562,55.0,monitor,monitor,4.8,3330,104,0.96
content_0ac4a4e97bd9,client_8527a891e2,55.0,monitor,monitor,56.5,422,104,0.0
content_3ff02328d611,client_8527a891e2,55.0,monitor,monitor,49.9,430,104,0.0
content_b8300b053e43,client_4e07408562,55.0,monitor,monitor,5.9,7983,104,0.25
content_92cad67c3827,client_d029fa3a95,55.0,monitor,monitor,12.4,57,20,0.0
content_7703e04bff7a,client_f369cb89fc,55.0,monitor,monitor,3.3,41,20,2.44
content_ce9d0e4e4dd2,client_4e07408562,55.0,monitor,monitor,18.8,3854,25,0.36
content_251661eb804d,client_f369cb89fc,55.0,monitor,monitor,4.1,16,8,0.0
content_552a9396d8dc,client_8527a891e2,55.0,monitor,monitor,12.9,416,104,0.72
content_3261a57ccfeb,client_8527a891e2,55.0,monitor,monitor,9.6,8,92,0.0
content_20d5286b9afa,client_8527a891e2,55.0,monitor,monitor,6.6,16,92,0.0
content_4dae94f48477,client_d029fa3a95,55.0,monitor,monitor,10.0,12,20,0.0
content_f771dd30be73,client_e629fa6598,55.0,monitor,monitor,7.0,3214,22,0.12
content_2c2e7ab15ae6,client_4e07408562,55.0,monitor,monitor,33.0,2053,7,0.1
content_8e2937f1645f,client_4e07408562,55.0,monitor,monitor,14.0,1523,7,0.39
content_ee36185a4611,client_f369cb89fc,55.0,monitor,monitor,4.9,38,20,2.63
content_0ac90a7368b5,client_4e07408562,55.0,monitor,monitor,43.5,2721,104,0.0
content_2e71ee6eebc0,client_4e07408562,55.0,monitor,monitor,8.2,1318,7,0.3
content_b3a1d8ac4964,client_8527a891e2,55.0,monitor,monitor,7.4,14,8,0.0
content_c9fff7c4660c,client_8527a891e2,54.9,monitor,monitor,24.7,110,104,0.91
content_614f5408eab2,client_4e07408562,54.9,monitor,monitor,45.6,377,104,0.0
content_c51634cac476,client_f369cb89fc,54.9,monitor,monitor,4.2,5,20,0.0
content_f8c66e2fcefd,client_4e07408562,54.9,monitor,monitor,18.1,3439,20,0.06
content_cb68dbec7d3d,client_4e07408562,54.9,monitor,monitor,6.7,11228,25,0.39
content_690b4d8e58eb,client_4e07408562,54.9,monitor,monitor,12.2,1040,13,0.19
content_0d61e38b3645,client_4e07408562,54.9,monitor,monitor,16.1,1172,13,0.17
content_17e8b736fca7,client_8527a891e2,54.9,monitor,monitor,9.0,36,20,0.0
content_76a30972876b,client_4e07408562,54.9,monitor,monitor,13.9,386,104,0.0
content_f0c9af435cc7,client_434c9b5ae5,54.9,monitor,monitor,8.9,375,8,0.53
content_797cb8b2c397,client_8527a891e2,54.9,monitor,monitor,11.3,24,104,0.0
content_abe0ccdc1f64,client_4e07408562,54.9,monitor,monitor,12.2,3234,13,0.12
content_fc7b2c7c7bb7,client_f369cb89fc,54.9,monitor,monitor,4.3,18,8,0.0
content_f9b44af81656,client_e629fa6598,54.9,monitor,monitor,7.5,297,20,0.34
content_171c53b3914e,client_f369cb89fc,54.9,monitor,monitor,4.6,20,20,0.0
content_3728726012a6,client_4e07408562,54.8,monitor,monitor,14.0,2046,14,0.49
content_85c64634e986,client_f369cb89fc,54.8,monitor,monitor,6.5,863,20,1.62
content_679828cc0bfe,client_f369cb89fc,54.8,monitor,monitor,12.1,27,20,0.0
content_d58dd4ba9247,client_8527a891e2,54.8,monitor,monitor,82.4,1584,20,0.0
content_db296fcb6a53,client_f369cb89fc,54.8,monitor,monitor,2.5,53,20,1.89
content_3267ef2a83a7,client_4e07408562,54.8,monitor,monitor,8.1,7408,25,0.18
content_0549e8dc2084,client_e629fa6598,54.8,monitor,monitor,13.6,225,20,0.0
content_620e9c1f98e4,client_4e07408562,54.8,monitor,monitor,37.5,855,104,0.0
content_2f51ca262e66,client_434c9b5ae5,54.8,monitor,monitor,18.9,15,89,0.0
content_de365ef3ab06,client_4e07408562,54.8,monitor,monitor,18.0,247,13,0.0
content_e4ac3c6df79b,client_4e07408562,54.8,monitor,monitor,13.9,650,13,0.15
content_7ab556c9e0dc,client_e629fa6598,54.8,monitor,monitor,6.2,313,20,0.0
content_485a5eb0adf0,client_4e07408562,54.8,monitor,monitor,5.1,15399,25,0.2
content_809b527bca22,client_434c9b5ae5,54.7,monitor,monitor,7.9,28,89,0.0
content_56f4652c9b6e,client_4e07408562,54.7,monitor,monitor,6.6,5463,25,0.35
content_94aa12419622,client_f369cb89fc,54.7,monitor,monitor,4.7,183,20,2.19
content_4ee813262a51,client_4e07408562,54.7,monitor,monitor,6.4,9906,25,0.31
content_44a91994cce7,client_4e07408562,54.7,monitor,monitor,7.2,3451,20,0.32
content_38083c7ee912,client_4e07408562,54.7,monitor,monitor,10.4,6205,25,0.47
content_0ca85d2f49be,client_f369cb89fc,54.7,monitor,monitor,7.3,27,20,0.0
content_e6dff2507e2c,client_e629fa6598,54.7,monitor,monitor,22.1,708,20,0.0
content_a64878c7d468,client_f369cb89fc,54.7,monitor,monitor,44.2,6435,20,0.19
content_b3658670d2a5,client_4e07408562,54.7,monitor,monitor,31.8,429,13,0.0
content_0b50482209cd,client_bdd2d3af3a,54.7,monitor,monitor,5.7,10,8,0.0
content_abe37bcc8db9,client_434c9b5ae5,54.7,monitor,monitor,19.5,99,89,0.0
content_4101fc919060,client_8527a891e2,54.7,monitor,monitor,18.9,78,104,0.0
content_85d021f0a213,client_4e07408562,54.7,monitor,monitor,26.7,1070,13,0.28
content_a4fd2c3517e7,client_e629fa6598,54.7,monitor,monitor,20.5,38,104,0.0
content_9d393029065a,client_4e07408562,54.7,monitor,monitor,10.5,6223,25,0.21
content_93e1ede1502b,client_e629fa6598,54.7,monitor,monitor,8.8,268,22,0.0
content_a580f210e5e6,client_4e07408562,54.6,monitor,monitor,12.3,2046,13,0.1
content_1a400a80dc02,client_f369cb89fc,54.6,monitor,monitor,3.9,16,20,0.0
content_a4758ce256b5,client_4e07408562,54.6,monitor,monitor,7.2,1892,7,0.05
content_6ca73c6b0d9c,client_8527a891e2,54.6,monitor,monitor,38.3,448,104,0.0
content_4ebb11b334f1,client_f369cb89fc,54.6,monitor,monitor,4.0,23915,20,0.36
content_c053690e7e3a,client_f369cb89fc,54.6,monitor,monitor,12.5,53,20,0.0
content_bbb2fe57b49f,client_f369cb89fc,54.6,monitor,monitor,1.8,65,20,3.08
content_c76e5e55b95b,client_4e07408562,54.6,monitor,monitor,10.6,4741,25,0.38
content_3535b372cd43,client_f369cb89fc,54.6,monitor,monitor,10.7,29,20,0.0
content_adbb688a2223,client_4e07408562,54.6,monitor,monitor,15.3,3799,14,0.16
content_12f4cdf36d45,client_8527a891e2,54.6,monitor,monitor,11.5,21,104,0.0
content_093ab3c24de7,client_4e07408562,54.6,monitor,monitor,21.0,590,104,0.34
content_989ed7a15341,client_f369cb89fc,54.6,monitor,monitor,5.7,10,20,0.0
content_a77bd5e6de66,client_4e07408562,54.6,monitor,monitor,7.1,6623,25,0.17
content_51240b821461,client_4e07408562,54.6,monitor,monitor,4.1,2907,104,0.31
content_7bfb0288c1da,client_d029fa3a95,54.5,monitor,monitor,26.8,56,20,1.79
content_033ae3e7aecf,client_f369cb89fc,54.5,monitor,monitor,7.2,27,20,0.0
content_bfeb4fe71a02,client_4e07408562,54.5,monitor,monitor,33.0,492,13,0.41
content_490978694374,client_4e07408562,54.5,monitor,monitor,21.6,1902,13,0.16
content_df6f762cd770,client_f369cb89fc,54.5,monitor,monitor,5.1,18,20,0.0
content_3cb81c72e3c4,client_4e07408562,54.5,monitor,monitor,11.5,13180,25,0.14
content_cdab2c92c3a2,client_f369cb89fc,54.5,monitor,monitor,8.4,15,20,0.0
content_4573953c8d54,client_8527a891e2,54.5,monitor,monitor,9.2,50,20,0.0
content_e2e22643adae,client_4e07408562,54.5,monitor,monitor,19.5,1102,7,0.18
content_5ad0e75a5119,client_4e07408562,54.5,monitor,monitor,10.1,16955,25,0.08
content_210e39dc2bb5,client_4e07408562,54.4,monitor,monitor,30.8,2967,14,0.1
content_17a3d8717ebd,client_8527a891e2,54.4,monitor,monitor,10.5,12,92,0.0
content_594b6127b732,client_4e07408562,54.4,monitor,monitor,12.5,305,13,0.66
content_8b8d92de4642,client_4e07408562,54.4,monitor,monitor,12.8,922,5,0.33
content_ea06fbafff10,client_f369cb89fc,54.4,monitor,monitor,6.4,29,20,3.45
content_51295f0b7748,client_4e07408562,54.4,monitor,monitor,12.8,1271,7,0.39
content_6d865ecb282a,client_8527a891e2,54.4,monitor,monitor,10.7,27,104,0.0
content_07165f9eb2a1,client_f369cb89fc,54.4,monitor,monitor,6.1,49,20,2.04
content_2bde19bfd8f8,client_4e07408562,54.4,monitor,monitor,10.4,7639,25,0.08
content_0ce7d363d317,client_4e07408562,54.4,monitor,monitor,6.3,2294,14,0.35
content_1f76ff378fde,client_4e07408562,54.4,monitor,monitor,6.6,5247,14,0.3
content_f3f6bdc23b51,client_4e07408562,54.4,monitor,monitor,4.7,44952,104,0.37
content_50325435f4c4,client_d029fa3a95,54.4,monitor,monitor,19.6,43,20,0.0
content_5c4c5c953552,client_8527a891e2,54.4,monitor,monitor,41.7,205,20,0.0
content_a176eeb31e60,client_4e07408562,54.4,monitor,monitor,6.4,5659,13,0.19
content_880c2fc00805,client_4e07408562,54.4,monitor,monitor,33.9,792,13,0.13
content_fe055294e798,client_f369cb89fc,54.4,monitor,monitor,11.4,95,20,1.05
content_e1268d428b7b,client_f369cb89fc,54.4,monitor,monitor,5.0,44,20,2.27
content_656372ca5b8d,client_f369cb89fc,54.4,monitor,monitor,6.1,28,20,0.0
content_609c24246177,client_4e07408562,54.4,monitor,monitor,25.1,519,7,0.19
content_ee6ee1010d56,client_f369cb89fc,54.4,monitor,monitor,23.0,65,20,1.54
content_f601e3a69412,client_4e07408562,54.4,monitor,monitor,4.7,6368,104,0.96
content_575a423f570e,client_4e07408562,54.4,monitor,monitor,6.9,30960,20,0.2
content_045784691835,client_4e07408562,54.4,monitor,monitor,44.4,603,104,0.0
content_d8b9e818c1b9,client_f369cb89fc,54.4,monitor,monitor,7.4,48,8,0.0
content_30690bb675d2,client_f369cb89fc,54.3,monitor,monitor,6.2,82,20,2.44
content_6871b9e18506,client_f369cb89fc,54.3,monitor,monitor,10.7,25,20,0.0
content_a6544458b585,client_8527a891e2,54.3,monitor,monitor,40.6,152,104,0.0
content_a0ccf4e371fd,client_4e07408562,54.3,monitor,monitor,23.6,671,13,0.15
content_0aef7080e0ce,client_4e07408562,54.3,monitor,monitor,22.7,4739,14,0.17
content_f5334f59cc82,client_4e07408562,54.3,monitor,monitor,13.4,4305,20,0.21
content_95e06f0741c4,client_4e07408562,54.3,monitor,monitor,30.2,1954,7,0.1
content_1edbc8c5de7a,client_4e07408562,54.3,monitor,monitor,33.1,862,104,0.0
content_20ee9a01718a,client_f369cb89fc,54.3,monitor,monitor,15.1,41,8,0.0
content_be6eafb216ba,client_4e07408562,54.3,monitor,monitor,4.8,5910,13,0.22
content_dcdffbdd5995,client_8527a891e2,54.3,monitor,monitor,9.9,50,20,0.0
content_f4c657bc1ba2,client_f369cb89fc,54.3,monitor,monitor,5.5,20,20,5.0
content_709da7bf601e,client_f369cb89fc,54.3,monitor,monitor,5.3,18,20,0.0
content_1fd60831ce3e,client_4e07408562,54.3,monitor,monitor,34.6,10818,20,0.07
content_6361fbc431f2,client_8527a891e2,54.3,monitor,monitor,17.9,153,104,0.65
content_5755ad09b9d2,client_f369cb89fc,54.3,monitor,monitor,5.5,17,20,0.0
content_37fb0f66d2d8,client_f369cb89fc,54.3,monitor,monitor,6.1,1901,20,1.16
content_60a90d0ba16a,client_f369cb89fc,54.2,monitor,monitor,1.8,57709,20,0.27
content_0e377a1d8c78,client_f369cb89fc,54.2,monitor,monitor,6.4,6364,20,0.49
content_5c603e31aa18,client_f369cb89fc,54.2,monitor,monitor,6.1,105,20,0.95
content_7fa850f004ea,client_bdd2d3af3a,54.2,monitor,monitor,6.2,22,8,4.55
content_b7ab61937a1c,client_f369cb89fc,54.2,monitor,monitor,7.0,23,20,0.0
content_299ec9fd826c,client_f369cb89fc,54.2,monitor,monitor,5.7,630,20,1.27
content_f370347f8d22,client_8527a891e2,54.2,monitor,monitor,5.3,12,104,0.0
content_fdc4d9b36547,client_8527a891e2,54.2,monitor,monitor,9.3,49,20,0.0
content_5eb662584155,client_f369cb89fc,54.2,monitor,monitor,43.0,206,20,0.0
content_5a3d4457e7db,client_4e07408562,54.2,monitor,monitor,16.0,1296,7,0.08
content_1bdbccd74939,client_bdd2d3af3a,54.1,monitor,monitor,6.0,12,8,0.0
content_b27db044b0e6,client_4e07408562,54.1,monitor,monitor,35.8,2249,104,0.31
content_4ab1528abdbd,client_f369cb89fc,54.1,monitor,monitor,7.5,7403,20,0.38
content_fe4e78e9e73f,client_f369cb89fc,54.1,monitor,monitor,9.7,41,20,2.44
content_a8eb3c2b85c5,client_d029fa3a95,54.1,monitor,monitor,11.9,52,20,1.92
content_54af84f1e737,client_8527a891e2,54.1,monitor,monitor,33.6,352,104,0.28
content_0cb652bd058e,client_f369cb89fc,54.1,monitor,monitor,4.1,14,20,0.0
content_177c6d7d9558,client_f369cb89fc,54.1,monitor,monitor,5.6,155,20,1.94
content_d96e16834162,client_4e07408562,54.1,monitor,monitor,6.4,9930,20,0.42
content_8fe57443675e,client_4e07408562,54.1,monitor,monitor,8.0,26350,25,0.23
content_c41622fe1359,client_8527a891e2,54.1,monitor,monitor,80.3,1203,20,0.0
content_f52c1308a6e3,client_4e07408562,54.1,monitor,monitor,39.0,783,104,0.13
content_5ad0732245eb,client_4e07408562,54.0,monitor,monitor,20.0,2449,13,0.24
content_d6d6981499b6,client_4e07408562,54.0,monitor,monitor,9.1,5775,25,0.24
content_d885bca1f73f,client_4e07408562,54.0,monitor,monitor,11.1,22926,25,0.05
content_c6599698a7a7,client_f369cb89fc,54.0,monitor,monitor,10.2,19,20,0.0
content_97f8471b8879,client_f369cb89fc,54.0,monitor,monitor,4.9,23,20,0.0
content_f1c5bafd094e,client_f369cb89fc,54.0,monitor,monitor,4.2,11,20,0.0
content_81f571b6f52e,client_8527a891e2,54.0,monitor,monitor,8.3,12,20,0.0
content_0a4e3e70597a,client_4e07408562,54.0,monitor,monitor,6.6,24735,14,0.12
content_edd9dec2bf46,client_8527a891e2,54.0,monitor,monitor,11.0,7,20,0.0
content_942399f999b7,client_4e07408562,54.0,monitor,monitor,7.6,858,104,0.0
content_90a2b42a44c7,client_4e07408562,54.0,monitor,monitor,6.2,4816,13,0.35
content_4315e2ea3148,client_f369cb89fc,54.0,monitor,monitor,5.3,52,20,0.0
content_7a883d489406,client_8527a891e2,54.0,monitor,monitor,4.5,10,20,0.0
content_ae802e35d9a9,client_e629fa6598,54.0,monitor,monitor,8.5,39,104,0.0
content_7768e375a15e,client_4e07408562,53.9,monitor,monitor,19.1,1098,104,0.36
content_cb366b057a5d,client_4e07408562,53.9,monitor,monitor,16.4,4011,20,0.17
content_2d73ab8136fa,client_f369cb89fc,53.9,monitor,monitor,6.1,250,20,1.6
content_07f0d247ca66,client_bdd2d3af3a,53.9,monitor,monitor,5.7,234,20,1.28
content_7cd66839b508,client_8527a891e2,53.9,monitor,monitor,71.2,525,104,0.0
content_e1f897cb36ba,client_8527a891e2,53.9,monitor,monitor,10.6,22,104,0.0
content_ba467e170ece,client_f369cb89fc,53.9,monitor,monitor,12.6,14,20,0.0
content_c3ddd2a3a284,client_4e07408562,53.9,monitor,monitor,18.1,3041,13,0.2
content_d1bceb6ce6fa,client_d029fa3a95,53.9,monitor,monitor,15.5,10,20,0.0
content_7751a002ea43,client_8527a891e2,53.9,monitor,monitor,12.5,6,92,0.0
content_7a106c74ad1e,client_d029fa3a95,53.9,monitor,monitor,3.4,5,20,0.0
content_8d8eb914151b,client_4e07408562,53.9,monitor,monitor,11.4,2296,14,0.35
content_f61eed3c939b,client_f369cb89fc,53.9,monitor,monitor,8.7,20,20,0.0
content_ff252e67e9f7,client_f369cb89fc,53.9,monitor,monitor,1.9,15,20,0.0
content_4266f54b3960,client_d029fa3a95,53.9,monitor,monitor,13.0,60,20,0.0
content_7a84dac8961d,client_f369cb89fc,53.9,monitor,monitor,5.0,1963,20,0.97
content_5d861ff2ac94,client_f369cb89fc,53.9,monitor,monitor,6.8,48,20,2.08
content_20a9c1921b74,client_8527a891e2,53.8,monitor,monitor,69.7,338,104,0.0
content_929aa622b6a0,client_4e07408562,53.8,monitor,monitor,2.4,11301,104,0.03
content_820ae6792425,client_f369cb89fc,53.8,monitor,monitor,4.6,37,20,2.7
content_c3c0f999f8c1,client_e629fa6598,53.8,monitor,monitor,8.4,197,22,0.0
content_1aa08950fe0d,client_8527a891e2,53.8,monitor,monitor,9.8,35,8,0.0
content_4f9d6ea47a62,client_f369cb89fc,53.8,monitor,monitor,2.7,10,8,0.0
content_d896af65d5b6,client_4e07408562,53.8,monitor,monitor,6.0,64718,25,0.3
content_044135b038e6,client_4e07408562,53.8,monitor,monitor,7.8,3467,13,0.49
content_86fe1bcebbdf,client_4e07408562,53.8,monitor,monitor,33.6,1931,104,0.1
content_642745013260,client_f369cb89fc,53.8,monitor,monitor,6.9,282,20,1.42
content_454ad2864776,client_f369cb89fc,53.8,monitor,monitor,23.9,16190,106,0.29
content_ab4f555bd77b,client_434c9b5ae5,53.8,monitor,monitor,12.1,366,8,0.0
content_b6e0c24b198f,client_4e07408562,53.8,monitor,monitor,17.1,2157,7,0.23
content_f7a8c37e7eaa,client_f369cb89fc,53.8,monitor,monitor,5.5,13,20,0.0
content_29915df7a8d8,client_8527a891e2,53.8,monitor,monitor,5.7,15,20,0.0
content_e12868d1f396,client_4e07408562,53.8,monitor,monitor,2.9,149712,7,0.07
content_c0eabdedc403,client_f369cb89fc,53.7,monitor,monitor,29.0,438,20,0.91
content_451118cef0ac,client_4e07408562,53.7,monitor,monitor,21.6,3774,14,0.24
content_32f3f365f9d5,client_4e07408562,53.7,monitor,monitor,17.6,3547,14,0.54
content_e1bf08881dc6,client_8527a891e2,53.7,monitor,monitor,7.9,30,8,0.0
content_e7a2e37b6eff,client_4e07408562,53.7,monitor,monitor,16.4,3084,14,0.06
content_6554f95afdd7,client_8527a891e2,53.7,monitor,monitor,10.3,24,103,0.0
content_3d5da43ba340,client_8527a891e2,53.7,monitor,monitor,11.2,12,103,0.0
content_09a6b180e35c,client_e629fa6598,53.7,monitor,monitor,14.5,108,20,0.0
content_2293091e01f7,client_4e07408562,53.7,monitor,monitor,8.5,9640,25,0.23
content_b5efa0bd73ec,client_4e07408562,53.7,monitor,monitor,5.2,12083,14,0.46
content_a1b22f60cfdd,client_4e07408562,53.7,monitor,monitor,40.5,1057,104,0.0
content_0adbfc6a2e45,client_f369cb89fc,53.7,monitor,monitor,2.1,11,20,0.0
content_2b81f37b2b9b,client_f369cb89fc,53.7,monitor,monitor,8.1,20,20,0.0
content_0d7cadb3e82c,client_f369cb89fc,53.6,monitor,monitor,37.4,164,20,0.0
content_d9a643e38a0f,client_4e07408562,53.6,monitor,monitor,11.9,5757,25,0.17
content_721dd9bf180c,client_f369cb89fc,53.6,monitor,monitor,7.8,10,20,0.0
content_78226cac83fd,client_8527a891e2,53.6,monitor,monitor,18.4,31,104,0.0
content_52a55057b498,client_4e07408562,53.6,monitor,monitor,8.8,2196,14,0.18
content_27c2ca193308,client_4e07408562,53.6,monitor,monitor,25.6,1164,7,0.26
content_e68936f45a7a,client_f369cb89fc,53.6,monitor,monitor,6.0,124,20,1.61
content_3e274426ccca,client_4e07408562,53.6,monitor,monitor,11.2,3412,13,0.21
content_36ded68e6bf1,client_4e07408562,53.6,monitor,monitor,7.6,1926,7,0.47
content_c055fd483b87,client_8527a891e2,53.6,monitor,monitor,13.4,42,103,0.0
content_bbcde7de697e,client_8527a891e2,53.6,monitor,monitor,12.1,11,20,0.0
content_d92fe3883103,client_f369cb89fc,53.6,monitor,monitor,6.7,163,20,2.45
content_37e3e5682728,client_4e07408562,53.5,monitor,monitor,27.4,524,7,0.38
content_8d0c7eec258a,client_4e07408562,53.5,monitor,monitor,39.8,705,104,0.0
content_b4b6ec45d9e4,client_8527a891e2,53.5,monitor,monitor,22.7,707,104,0.57
content_0f218ca2462a,client_f369cb89fc,53.5,monitor,monitor,5.1,294,20,1.36
content_9f8414c1ede7,client_4e07408562,53.5,monitor,monitor,6.5,3776,104,0.05
content_bf77f5dbe703,client_4e07408562,53.5,monitor,monitor,14.2,9108,25,0.35
content_8399b3c2cd89,client_4e07408562,53.5,monitor,monitor,10.6,1379,5,0.22
content_365f191de6d2,client_4e07408562,53.5,monitor,monitor,11.7,14707,25,0.16
content_ac490f7df9fb,client_f369cb89fc,53.5,monitor,monitor,8.5,23,20,0.0
content_4aeb7ad6d5d3,client_4e07408562,53.5,monitor,monitor,32.1,1564,104,0.06
content_72cff2364343,client_d029fa3a95,53.5,monitor,monitor,12.7,16,20,0.0
content_a27cb3cc234c,client_4e07408562,53.5,monitor,monitor,9.2,8299,25,0.19
content_a6087b96819d,client_8527a891e2,53.5,monitor,monitor,4.9,9,102,0.0
content_9c897334f26f,client_f369cb89fc,53.5,monitor,monitor,3.1,9,8,0.0
content_2fafdc8bd015,client_d029fa3a95,53.5,monitor,monitor,15.1,23,20,0.0
content_a9a777f92572,client_434c9b5ae5,53.5,monitor,monitor,8.0,37,8,0.0
content_adaec15ef2e5,client_4e07408562,53.5,monitor,monitor,21.6,618,5,0.16
content_88ca90719c48,client_4e07408562,53.5,monitor,monitor,11.2,3687,25,0.35
content_474bc8a4a3cb,client_8527a891e2,53.5,monitor,monitor,5.7,3,98,0.0
content_807836f893a5,client_f369cb89fc,53.5,monitor,monitor,6.5,22,20,0.0
content_054affecaba3,client_f369cb89fc,53.5,monitor,monitor,8.5,8314,8,0.53
content_e03865e03821,client_4e07408562,53.4,monitor,monitor,28.3,582,13,0.17
content_27a2fd237adb,client_8527a891e2,53.4,monitor,monitor,35.3,54,20,0.0
content_896b4b3c39f7,client_4e07408562,53.4,monitor,monitor,17.1,508,13,0.39
content_d663eacf9688,client_4e07408562,53.4,monitor,monitor,24.9,1326,7,0.08
content_e4986c40c63f,client_4e07408562,53.4,monitor,monitor,26.1,4132,25,0.12
content_97ec8ce69833,client_8527a891e2,53.4,monitor,monitor,18.8,6,98,0.0
content_e40fb14ef126,client_4e07408562,53.4,monitor,monitor,29.4,2518,7,0.08
content_6cc7bf7f6721,client_f369cb89fc,53.4,monitor,monitor,0.9,17,20,0.0
content_2c62e3f7b08a,client_d029fa3a95,53.4,monitor,monitor,10.5,10,8,0.0
content_0663ba1a1822,client_4e07408562,53.4,monitor,monitor,19.1,300,13,0.33
content_11059b6cbd65,client_8527a891e2,53.4,monitor,monitor,7.7,14,20,0.0
content_f34a56ef21b0,client_4e07408562,53.4,monitor,monitor,7.1,1945,7,0.62
content_fb1443847c2e,client_f369cb89fc,53.4,monitor,monitor,1.9,15,20,0.0
content_b40c643dc40b,client_f369cb89fc,53.4,monitor,monitor,4.7,70,20,1.43
content_4d4aec31d213,client_4e07408562,53.3,monitor,monitor,36.8,543,13,0.0
content_f9b9996f6dcb,client_d029fa3a95,53.3,monitor,monitor,6.0,10,20,0.0
content_e90aee89497a,client_8527a891e2,53.3,monitor,monitor,5.1,7,20,0.0
content_2ca0ae59a3e0,client_4e07408562,53.3,monitor,monitor,24.0,1506,7,0.07
content_adc8d1c2b00c,client_f369cb89fc,53.3,monitor,monitor,7.4,4684,20,0.73
content_122dc46282c0,client_4e07408562,53.3,monitor,monitor,15.6,1859,14,0.05
content_a2fcd01d1de8,client_f369cb89fc,53.3,monitor,monitor,6.1,12,20,0.0
content_f54baf531356,client_f369cb89fc,53.3,monitor,monitor,15.0,55,20,1.82
content_72c8c4a76ef1,client_8527a891e2,53.3,monitor,monitor,11.6,5,98,0.0
content_479217b91e31,client_d029fa3a95,53.3,monitor,monitor,12.4,31,20,3.23
content_105301075b9a,client_4e07408562,53.3,monitor,monitor,45.1,2045,7,0.0
content_c81b352b270b,client_4e07408562,53.3,monitor,monitor,13.3,5041,20,0.16
content_c69056de7202,client_4e07408562,53.3,monitor,monitor,26.7,2150,7,0.09
content_1485c93358b3,client_f369cb89fc,53.3,monitor,monitor,6.0,14,20,0.0
content_2ecfb29cb4ac,client_f369cb89fc,53.3,monitor,monitor,26.9,64,20,0.0
content_a7452d4e5f24,client_4e07408562,53.3,monitor,monitor,24.9,12506,25,0.06
content_478d3475face,client_d029fa3a95,53.3,monitor,monitor,6.0,7,8,0.0
content_277879fdcbcd,client_4e07408562,53.3,monitor,monitor,5.8,1765,7,0.68
content_43fb79265218,client_8527a891e2,53.3,monitor,monitor,17.7,17,20,0.0
content_b2cb21940b47,client_f369cb89fc,53.3,monitor,monitor,7.8,124,20,1.61
content_5c8315e9eb01,client_4e07408562,53.3,monitor,monitor,30.8,1248,104,0.0
content_e8ee489ad4fd,client_4e07408562,53.3,monitor,monitor,10.3,3698,13,0.19
content_b33cdb38231c,client_f369cb89fc,53.3,monitor,monitor,2.1,14,8,0.0
content_8968688d17e7,client_d029fa3a95,53.3,monitor,monitor,10.0,23,20,0.0
content_83100747c9cb,client_8527a891e2,53.2,monitor,monitor,7.3,3,98,0.0
content_9cbc771ec4d9,client_8527a891e2,53.2,monitor,monitor,17.0,31,20,0.0
content_639b9e356f82,client_bdd2d3af3a,53.2,monitor,monitor,6.3,12,8,0.0
content_4179f6cc94e1,client_4e07408562,53.2,monitor,monitor,11.6,2284,7,0.31
content_01a1cc81e480,client_f369cb89fc,53.2,monitor,monitor,8.7,21,20,0.0
content_78f2e42abf96,client_f369cb89fc,53.2,monitor,monitor,5.3,47,20,4.26
content_8f10833e3ef2,client_4e07408562,53.2,monitor,monitor,9.5,1561,104,0.13
content_ead9ed9be0c4,client_f369cb89fc,53.2,monitor,monitor,5.4,15,8,0.0
content_03625cd1150b,client_4e07408562,53.2,monitor,monitor,28.8,249,13,0.0
content_c270dce26600,client_f369cb89fc,53.1,monitor,monitor,12.4,23,20,0.0
content_36af8e7cf843,client_4e07408562,53.1,monitor,monitor,36.6,5181,13,0.15
content_ceaa28bba4ca,client_4e07408562,53.1,monitor,monitor,3.9,43287,104,0.06
content_f86e97facebe,client_f369cb89fc,53.1,monitor,monitor,3.6,86,20,1.16
content_96448d6b2c9f,client_d029fa3a95,53.1,monitor,monitor,11.5,11,8,0.0
content_2db352cb378f,client_d029fa3a95,53.1,monitor,monitor,8.0,72,20,1.39
content_390fb5432bef,client_4e07408562,53.1,monitor,monitor,9.1,5225,25,0.52
content_a85809326edd,client_d029fa3a95,53.1,monitor,monitor,28.3,94,8,0.0
content_e04b14da018b,client_4e07408562,53.1,monitor,monitor,5.4,35865,20,0.24
content_f49660e074e9,client_8527a891e2,53.1,monitor,monitor,20.2,1432,102,0.35
content_a3b4f619337e,client_4e07408562,53.1,monitor,monitor,6.8,8347,20,0.16
content_5685fea05f2c,client_d029fa3a95,53.1,monitor,monitor,8.4,12,20,0.0
content_cc7d8d370b5d,client_4e07408562,53.0,monitor,monitor,9.6,722,104,0.0
content_da55530ba08e,client_4e07408562,53.0,monitor,monitor,6.4,2800,7,0.25
content_6bf79d7d0a4f,client_4e07408562,53.0,monitor,monitor,21.5,294,13,0.0
content_4616b55fe88b,client_f369cb89fc,53.0,monitor,monitor,6.2,564,20,0.89
content_41a872450dc5,client_f369cb89fc,53.0,monitor,monitor,5.0,156,20,1.28
content_c2e63e30e925,client_8527a891e2,53.0,monitor,monitor,1.0,3,20,0.0
content_5b10564b32ea,client_4e07408562,53.0,monitor,monitor,4.9,9371,14,0.3
content_e9e556620469,client_4e07408562,53.0,monitor,monitor,3.9,1728,7,0.17
content_0103f50ac92e,client_f369cb89fc,53.0,monitor,monitor,4.6,18,20,0.0
content_56b41848af2d,client_8527a891e2,53.0,monitor,monitor,7.5,21,92,0.0
content_08dd19ebe332,client_4e07408562,53.0,monitor,monitor,25.6,6405,25,0.12
content_ddf94c986f43,client_f369cb89fc,53.0,monitor,monitor,1.8,12,20,0.0
content_c9e010f15592,client_8527a891e2,53.0,monitor,monitor,8.4,20,104,0.0
content_1d83fef6f951,client_4e07408562,53.0,monitor,monitor,8.5,871,13,0.11
content_3d8e2761455e,client_f369cb89fc,53.0,monitor,monitor,5.6,12,20,0.0
content_ca70c2173fbc,client_f369cb89fc,52.9,monitor,monitor,5.3,24,20,0.0
content_dc936e2a4bed,client_f369cb89fc,52.9,monitor,monitor,9.5,38,20,0.0
content_f315b1234f5e,client_8527a891e2,52.9,monitor,monitor,20.4,30,20,0.0
content_9a512cba5332,client_d029fa3a95,52.9,monitor,monitor,7.2,11,20,0.0
content_023fc9d33cd0,client_e629fa6598,52.9,monitor,monitor,7.2,186,22,0.0
content_8f49713685cc,client_4e07408562,52.9,monitor,monitor,12.3,2914,14,0.1
content_db5a1e827e8b,client_f369cb89fc,52.9,monitor,monitor,14.5,53,20,0.0
content_4d6c160998d8,client_f369cb89fc,52.9,monitor,monitor,6.4,484,20,1.24
content_e5087c1ca2c9,client_e629fa6598,52.9,monitor,monitor,23.2,565,22,0.0
content_b996521be9c9,client_4e07408562,52.9,monitor,monitor,7.6,4488,25,0.29
content_14adfd402445,client_434c9b5ae5,52.9,monitor,monitor,9.1,19,89,0.0
content_1ee0de2d2fc6,client_f369cb89fc,52.8,monitor,monitor,9.6,17,20,0.0
content_4fdcfe417b36,client_4e07408562,52.8,monitor,monitor,21.6,2844,13,0.32
content_8b2001e96132,client_4e07408562,52.8,monitor,monitor,35.1,2273,7,0.09
content_720bbfb9c4c9,client_f369cb89fc,52.8,monitor,monitor,5.4,184,20,3.26
content_06f4bf7a9357,client_f369cb89fc,52.8,monitor,monitor,4.2,105,20,1.9
content_7a08dc784d80,client_4e07408562,52.8,monitor,monitor,13.5,1331,7,0.3
content_d4038d81b261,client_4e07408562,52.8,monitor,monitor,7.4,20732,25,0.22
content_a61f639a5927,client_f369cb89fc,52.8,monitor,monitor,12.3,31,8,0.0
content_f62069a9208a,client_e629fa6598,52.8,monitor,monitor,7.3,2654,22,0.23
content_0718b5188109,client_4e07408562,52.8,monitor,monitor,21.4,773,13,0.13
content_453f3a68e535,client_4e07408562,52.8,monitor,monitor,17.0,1790,7,0.11
content_118a6a1ab0f8,client_4e07408562,52.8,monitor,monitor,12.1,800,13,0.75
content_318098e3920c,client_f369cb89fc,52.8,monitor,monitor,3.3,16,20,0.0
content_7e0ec17bcdca,client_4e07408562,52.7,monitor,monitor,19.9,5670,25,0.21
content_dcda112812f6,client_4e07408562,52.7,monitor,monitor,5.8,462,104,0.65
content_a7a69ddb717a,client_f369cb89fc,52.7,monitor,monitor,6.0,14,8,0.0
content_76f0e21a69ed,client_d029fa3a95,52.7,monitor,monitor,23.9,34,20,0.0
content_c3f6d634ff00,client_8527a891e2,52.7,monitor,monitor,63.7,858,103,0.12
content_a869de96aa65,client_f369cb89fc,52.7,monitor,monitor,37.2,62,20,0.0
content_c473347996ee,client_f369cb89fc,52.7,monitor,monitor,5.8,42,20,0.0
content_3b3fcb7e1a90,client_f369cb89fc,52.7,monitor,monitor,30.0,49,20,0.0
content_1583bfd6f804,client_4e07408562,52.7,monitor,monitor,7.8,4256,7,0.19
content_6352ef618f56,client_4e07408562,52.7,monitor,monitor,5.0,24578,20,0.23
content_b004b6b25a63,client_f369cb89fc,52.7,monitor,monitor,7.8,30,20,0.0
content_dedca16a6aa5,client_f369cb89fc,52.7,monitor,monitor,9.5,23,8,0.0
content_1b4f5103df87,client_f369cb89fc,52.7,monitor,monitor,5.9,45,20,4.44
content_ee6b25664a03,client_8527a891e2,52.7,monitor,monitor,83.9,691,102,0.0
content_3dd6a3675a90,client_f369cb89fc,52.7,monitor,monitor,5.3,40,20,2.5
content_2fed36371e54,client_d029fa3a95,52.6,monitor,monitor,19.9,62,20,0.0
content_080edd3dfdf9,client_4e07408562,52.6,monitor,monitor,12.0,2004,13,0.25
content_f60f1e8bd3aa,client_4e07408562,52.6,monitor,monitor,7.7,5333,14,0.54
content_72096fc4ecce,client_e629fa6598,52.6,monitor,monitor,7.6,8721,22,0.07
content_706708d55936,client_8527a891e2,52.6,monitor,monitor,2.3,4,20,0.0
content_3a49576fd0e1,client_4e07408562,52.6,monitor,monitor,3.8,817,104,0.49
content_30c6570a99d5,client_4e07408562,52.6,monitor,monitor,15.1,824,13,0.12
content_f1c00fa6fa67,client_f369cb89fc,52.6,monitor,monitor,4.7,13,8,0.0
content_c0b15fff982f,client_d029fa3a95,52.6,monitor,monitor,9.4,12,20,0.0
content_cd145ae2eb8c,client_4e07408562,52.6,monitor,monitor,14.8,7305,25,0.25
content_24cb4e40ea15,client_d029fa3a95,52.6,monitor,monitor,6.3,43,20,0.0
content_fde14d5b0b8f,client_4e07408562,52.6,monitor,monitor,9.0,3700,13,0.19
content_b0b137336740,client_f369cb89fc,52.6,monitor,monitor,7.9,35,20,0.0
content_53b1751856e3,client_4e07408562,52.6,monitor,monitor,7.8,8538,25,0.07
content_5e534a835454,client_4e07408562,52.6,monitor,monitor,11.8,620,5,0.16
content_54d3d871d13e,client_4e07408562,52.6,monitor,monitor,8.2,5898,25,0.14
content_f0717373e86e,client_8527a891e2,52.5,monitor,monitor,10.1,9,8,0.0
content_487541f6730b,client_8527a891e2,52.5,monitor,monitor,4.6,10,8,0.0
content_df8d78d63c14,client_f369cb89fc,52.5,monitor,monitor,5.5,22,20,0.0
content_66945e57b109,client_4e07408562,52.5,monitor,monitor,13.5,8383,25,0.14
content_3a60fa065442,client_4e07408562,52.5,monitor,monitor,34.2,125,104,0.0
content_35c45cb034ab,client_8527a891e2,52.5,monitor,monitor,36.6,627,104,0.16
content_035b17df40a9,client_8527a891e2,52.5,monitor,monitor,14.3,9,20,0.0
content_7fc1fda3786d,client_8527a891e2,52.5,monitor,monitor,7.9,13,8,0.0
content_f94c2a0e9706,client_f369cb89fc,52.5,monitor,monitor,47.0,2275,8,0.13
content_aec533ecc99f,client_4e07408562,52.5,monitor,monitor,12.4,7083,25,0.32
content_4c17a0b47c68,client_4e07408562,52.5,monitor,monitor,20.3,2969,13,0.24
content_4b4a0c7d0b3f,client_8527a891e2,52.5,monitor,monitor,5.8,12,104,0.0
content_36a02b1565e3,client_4e07408562,52.5,monitor,monitor,5.6,26493,20,0.23
content_aa65fe944a87,client_4e07408562,52.5,monitor,monitor,8.8,32291,25,0.23
content_11bc0410d988,client_4e07408562,52.5,monitor,monitor,35.9,2219,104,0.09
content_32ff84795595,client_4e07408562,52.4,monitor,monitor,17.7,162,104,0.0
content_b275238955fe,client_f369cb89fc,52.4,monitor,monitor,4.2,548,20,1.28
content_5008a184a9ed,client_4e07408562,52.4,monitor,monitor,17.3,4400,14,0.14
content_2783e25b0710,client_4e07408562,52.4,monitor,monitor,8.2,6648,20,0.08
content_54289eb1f9e1,client_e629fa6598,52.4,monitor,monitor,18.2,2873,22,0.07
content_da79a131fbfb,client_d029fa3a95,52.4,monitor,monitor,13.8,56,20,0.0
content_c0821a6e99cf,client_f369cb89fc,52.4,monitor,monitor,4.4,17,20,0.0
content_d83aae71922d,client_f369cb89fc,52.4,monitor,monitor,5.8,19,20,0.0
content_047a51626131,client_d029fa3a95,52.4,monitor,monitor,7.6,34,20,0.0
content_10c8915d426e,client_4e07408562,52.4,monitor,monitor,23.3,2201,14,0.23
content_8f4950b33cf7,client_4e07408562,52.4,monitor,monitor,9.8,532,7,0.19
content_edb580f0a76f,client_4e07408562,52.3,monitor,monitor,6.0,6956,7,0.49
content_a597ab82b14c,client_4e07408562,52.3,monitor,monitor,22.0,1181,5,0.25
content_2021dc8bd93e,client_4e07408562,52.3,monitor,monitor,4.8,3406,104,0.29
content_848779dc2781,client_4e07408562,52.3,monitor,monitor,4.0,21807,14,0.31
content_d872af5e4d49,client_f369cb89fc,52.3,monitor,monitor,10.8,30,20,0.0
content_9f9191609d84,client_4e07408562,52.3,monitor,monitor,40.8,1074,104,0.0
content_f39c6a2b0a06,client_4e07408562,52.3,monitor,monitor,10.6,5181,20,0.23
content_aab0e66f746b,client_d029fa3a95,52.3,monitor,monitor,10.5,15,20,0.0
content_0ab852b18db8,client_f369cb89fc,52.3,monitor,monitor,3.8,123,20,0.81
content_ed7432d0bdff,client_8527a891e2,52.3,monitor,monitor,24.6,105,104,0.0
content_6ce5384eec9b,client_4e07408562,52.3,monitor,monitor,9.3,2051,7,0.44
content_62541a94734a,client_8527a891e2,52.3,monitor,monitor,9.7,3,98,0.0
content_c3e11dbcf1ad,client_4e07408562,52.3,monitor,monitor,8.0,1579,14,0.19
content_720edd4e1491,client_8527a891e2,52.2,monitor,monitor,13.8,1174,104,0.43
content_1062e150309f,client_f369cb89fc,52.2,monitor,monitor,3.1,9,20,0.0
content_fd1c9be3a841,client_8527a891e2,52.2,monitor,monitor,27.6,315,102,0.63
content_079ce3eb09e9,client_d029fa3a95,52.2,monitor,monitor,5.7,29,20,0.0
content_eac598de6d41,client_d029fa3a95,52.2,monitor,monitor,6.9,46,20,2.17
content_b98072a1dfd2,client_8527a891e2,52.2,monitor,monitor,5.7,26,20,0.0
content_a6280c3cc1ab,client_8527a891e2,52.2,monitor,monitor,7.4,18,20,0.0
content_70e91ffda1ce,client_f369cb89fc,52.2,monitor,monitor,20.1,655,20,0.76
content_d9a1fd095a7f,client_f369cb89fc,52.2,monitor,monitor,6.3,1281,20,0.7
content_984c4d31ce8c,client_f369cb89fc,52.2,monitor,monitor,5.4,76,20,1.32
content_5524fe000ffd,client_4e07408562,52.2,monitor,monitor,6.4,2614,14,0.27
content_3226dfeade69,client_d029fa3a95,52.2,monitor,monitor,7.2,19,20,0.0
content_d647466fe9f5,client_4e07408562,52.2,monitor,monitor,45.4,6360,13,0.02
content_e38fa75ec230,client_4e07408562,52.2,monitor,monitor,10.7,2856,13,0.14
content_2794fdb52470,client_f369cb89fc,52.2,monitor,monitor,5.1,9,20,0.0
content_1fa3af7deff2,client_f369cb89fc,52.2,monitor,monitor,7.9,24,20,0.0
content_55351455d2bc,client_e629fa6598,52.2,monitor,monitor,16.1,696,22,0.0
content_7f7e453e77d5,client_f369cb89fc,52.2,monitor,monitor,6.1,11134,8,0.4
content_48dd1fd1c0bc,client_f369cb89fc,52.1,monitor,monitor,5.9,15,20,0.0
content_5b4034650f3f,client_f369cb89fc,52.1,monitor,monitor,13.1,39,20,0.0
content_79c84727d50d,client_4e07408562,52.1,monitor,monitor,4.0,3758,104,1.01
content_17a0fc02d9e7,client_4e07408562,52.1,monitor,monitor,40.2,1303,104,0.08
content_3c8a47ddc9a2,client_f369cb89fc,52.1,monitor,monitor,9.8,1340,20,1.19
content_fdb0d6122e7f,client_f369cb89fc,52.1,monitor,monitor,27.3,198,20,0.51
content_da7ad11e10c3,client_4e07408562,52.1,monitor,monitor,3.4,9184,20,0.26
content_2c363f32b2ac,client_f369cb89fc,52.1,monitor,monitor,4.5,15,20,0.0
content_b855d7e44f8e,client_8527a891e2,52.1,monitor,monitor,2.8,4,20,0.0
content_c31e589ace36,client_4e07408562,52.1,monitor,monitor,30.6,372,13,0.27
content_c40391b61a4e,client_4e07408562,52.1,monitor,monitor,32.6,7273,13,0.1
content_657004394056,client_f369cb89fc,52.1,monitor,monitor,5.0,15,20,0.0
content_7d52e164c23c,client_8527a891e2,52.1,monitor,monitor,11.4,10,20,0.0
content_fe07b4b122f2,client_4e07408562,52.1,monitor,monitor,7.6,1761,14,0.34
content_3f137ad7e218,client_f369cb89fc,52.1,monitor,monitor,6.3,302,20,1.66
content_e0022c57c47e,client_8527a891e2,52.1,monitor,monitor,0.5,2,20,0.0
content_01184ecfcb70,client_f369cb89fc,52.1,monitor,monitor,4.6,16,20,0.0
content_1287402b44f4,client_4e07408562,52.0,monitor,monitor,35.3,1191,104,0.0
content_ee31908da7e5,client_e629fa6598,52.0,monitor,monitor,20.8,66,104,0.0
content_ec6b283c553e,client_f369cb89fc,52.0,monitor,monitor,10.9,95,20,2.11
content_3fe6530cd766,client_d029fa3a95,52.0,monitor,monitor,43.8,236,8,0.42
content_2e7e65ab8ea6,client_f369cb89fc,52.0,monitor,monitor,3.1,48,20,2.08
content_4ee593052755,client_d029fa3a95,52.0,monitor,monitor,14.8,38,20,0.0
content_75a92952cd1d,client_4e07408562,52.0,monitor,monitor,33.0,997,104,0.0
content_6bb4133ea8b7,client_f369cb89fc,52.0,monitor,monitor,22.3,71,20,0.0
content_e724dc58db30,client_8527a891e2,52.0,monitor,monitor,5.2,6,20,0.0
content_cc535f78c6c3,client_f369cb89fc,52.0,monitor,monitor,5.5,49,20,2.04
content_af865035b328,client_f369cb89fc,51.9,monitor,monitor,6.9,99,20,2.02
content_f7e0df0a9990,client_d029fa3a95,51.9,monitor,monitor,10.9,69,20,2.9
content_5edd8f8493ed,client_4e07408562,51.9,monitor,monitor,16.8,1220,13,0.25
content_50182d9d0505,client_4e07408562,51.9,monitor,monitor,16.8,1176,104,0.17
content_1a5b585a87b4,client_4e07408562,51.9,monitor,monitor,8.0,4751,25,0.48
content_66d0af18b66f,client_4e07408562,51.9,monitor,monitor,6.1,731,104,0.41
content_b33ed571eded,client_4e07408562,51.9,monitor,monitor,9.8,3042,13,0.13
content_77550231b2e2,client_d029fa3a95,51.9,monitor,monitor,2.6,11,20,0.0
content_93436a324e16,client_f369cb89fc,51.9,monitor,monitor,4.3,10,20,0.0
content_aa8208824668,client_4e07408562,51.9,monitor,monitor,10.3,4015,7,0.22
content_312067cebcd8,client_f369cb89fc,51.9,monitor,monitor,7.9,772,20,1.17
content_0af06ece7763,client_d029fa3a95,51.9,monitor,monitor,4.4,9,20,0.0
content_998108671821,client_f369cb89fc,51.9,monitor,monitor,5.1,11,20,0.0
content_db3e957e3665,client_f369cb89fc,51.8,monitor,monitor,12.3,12,20,0.0
content_a6b316cab1a8,client_4e07408562,51.8,monitor,monitor,14.9,4006,25,0.17
content_a1a5015186be,client_f369cb89fc,51.8,monitor,monitor,6.8,16,20,0.0
content_3d008db75274,client_f369cb89fc,51.8,monitor,monitor,6.5,117,20,2.56
content_0b8d7cb09e68,client_4e07408562,51.8,monitor,monitor,23.0,864,104,0.12
content_d7717da18304,client_f369cb89fc,51.8,monitor,monitor,5.6,18,20,0.0
content_4ccd43ea28b9,client_f369cb89fc,51.8,monitor,monitor,7.8,13,20,0.0
content_f643d52fa2c8,client_8527a891e2,51.8,monitor,monitor,16.4,21,20,0.0
content_0474319403e9,client_4e07408562,51.8,monitor,monitor,28.9,5010,20,0.14
content_306b690f0366,client_f369cb89fc,51.8,monitor,monitor,10.4,8,20,0.0
content_534ea4f34824,client_f369cb89fc,51.7,monitor,monitor,24.9,36,20,0.0
content_1f61c05e5a94,client_4e07408562,51.7,monitor,monitor,38.0,622,104,0.0
content_f6563999cf20,client_4e07408562,51.7,monitor,monitor,9.2,1101,7,0.73
content_f1c903c71329,client_4e07408562,51.7,monitor,monitor,19.7,649,7,0.15
content_2ee8ae59b9c6,client_4e07408562,51.7,monitor,monitor,7.0,33638,14,0.13
content_28479e269858,client_4e07408562,51.7,monitor,monitor,21.8,2589,13,0.12
content_2326b09b5e1f,client_4e07408562,51.7,monitor,monitor,6.7,13117,25,0.25
content_2d953d501d3c,client_8527a891e2,51.7,monitor,monitor,8.5,8,92,0.0
content_a2656a6179ff,client_f369cb89fc,51.6,monitor,monitor,7.4,89,20,1.12
content_a0bd500821a8,client_4e07408562,51.6,monitor,monitor,33.4,3959,104,0.08
content_a60a1d127749,client_4e07408562,51.6,monitor,monitor,7.9,19822,25,0.3
content_8f496feec94e,client_4e07408562,51.6,monitor,monitor,7.0,5651,25,0.46
content_e41c5adad0e5,client_f369cb89fc,51.6,monitor,monitor,4.7,34,20,2.94
content_05688a1937fe,client_4e07408562,51.6,monitor,monitor,7.4,11781,25,0.26
content_32e0398ac750,client_4e07408562,51.6,monitor,monitor,4.6,3514,104,0.23
content_7b3b6c08c78c,client_4e07408562,51.6,monitor,monitor,27.3,497,13,0.4
content_aad06835b82a,client_4e07408562,51.6,monitor,monitor,17.4,1149,13,0.0
content_617c14bb6cfa,client_4e07408562,51.6,monitor,monitor,11.2,41670,25,0.06
content_66e131a41173,client_8527a891e2,51.6,monitor,monitor,4.6,5,98,0.0
content_dccf69297579,client_4e07408562,51.6,monitor,monitor,10.5,725,104,0.28
content_56554b7e77eb,client_8527a891e2,51.5,monitor,monitor,10.3,49,20,0.0
content_9440a40f6f4a,client_8527a891e2,51.5,monitor,monitor,10.7,11,104,0.0
content_9f7e7378070a,client_8527a891e2,51.5,monitor,monitor,4.4,12,8,0.0
content_6cbc4c3512a6,client_4e07408562,51.5,monitor,monitor,34.2,611,104,0.0
content_d943da81dc4e,client_4e07408562,51.5,monitor,monitor,17.3,565,7,0.35
content_9148408891fe,client_d029fa3a95,51.5,monitor,monitor,12.0,47,20,2.13
content_dbaf899fbd96,client_4e07408562,51.5,monitor,monitor,23.0,446,104,0.22
content_3df908376904,client_4e07408562,51.5,monitor,monitor,48.5,739,104,0.0
content_a317044eb190,client_f369cb89fc,51.5,monitor,monitor,11.4,157,20,2.55
content_fbd7e6d85ff9,client_4e07408562,51.4,monitor,monitor,14.6,2382,14,0.17
content_2d177700b7ae,client_4e07408562,51.4,monitor,monitor,9.4,6914,25,0.35
content_379411b9a6c3,client_e629fa6598,51.4,monitor,monitor,20.6,1011,20,0.1
content_895ce765d29d,client_8527a891e2,51.4,monitor,monitor,29.7,197,104,0.51
content_45b7ba1087e0,client_8527a891e2,51.4,monitor,monitor,10.4,7,98,0.0
content_fadc1b872839,client_f369cb89fc,51.4,monitor,monitor,5.9,43,20,9.3
content_fef9ef17d5a8,client_f369cb89fc,51.4,monitor,monitor,4.3,76,20,2.63
content_cde3ff473d77,client_8527a891e2,51.4,monitor,monitor,5.2,13,8,0.0
content_70664afa98a4,client_f369cb89fc,51.4,monitor,monitor,11.9,19,20,0.0
content_ecb80fffef19,client_4e07408562,51.4,monitor,monitor,49.3,5137,13,0.06
content_c47e82e01e20,client_4e07408562,51.4,monitor,monitor,11.4,37344,25,0.14
content_5901aee4bc88,client_4e07408562,51.4,monitor,monitor,23.6,2635,14,0.15
content_7699bf350645,client_f369cb89fc,51.4,monitor,monitor,18.5,27,20,0.0
content_333c51fff258,client_e629fa6598,51.3,monitor,monitor,12.9,334,20,0.0
content_a2b67cf1e0bd,client_d029fa3a95,51.3,monitor,monitor,12.1,36,20,0.0
content_7954b7f440ce,client_4e07408562,51.3,monitor,monitor,25.1,742,13,0.13
content_e3a34c1706cf,client_8527a891e2,51.3,monitor,monitor,5.0,2,104,0.0
content_99c747369612,client_e629fa6598,51.3,monitor,monitor,6.6,3996,22,0.15
content_32948fbafc29,client_4e07408562,51.3,monitor,monitor,6.7,6199,25,0.31
content_7f3f9c3e3952,client_e629fa6598,51.3,monitor,monitor,6.4,839,22,0.12
content_515bb44a0009,client_4e07408562,51.3,monitor,monitor,50.9,1078,104,0.0
content_987cec01883e,client_f369cb89fc,51.3,monitor,monitor,7.0,25,8,4.0
content_1c19b0d3f7d0,client_f369cb89fc,51.3,monitor,monitor,5.8,24,20,0.0
content_63b0155fe5f8,client_4e07408562,51.3,monitor,monitor,11.8,1686,7,0.36
content_50f959fda206,client_4e07408562,51.3,monitor,monitor,6.8,43433,25,0.24
content_88d98058e66e,client_8527a891e2,51.3,monitor,monitor,3.1,23,20,0.0
content_3a07191f91a7,client_d029fa3a95,51.3,monitor,monitor,6.2,24,20,4.17
content_d3cc8451ff4f,client_8527a891e2,51.3,monitor,monitor,3.7,12,103,0.0
content_61cec6179092,client_4e07408562,51.3,monitor,monitor,23.5,1379,13,0.15
content_dfb4af26b57b,client_f369cb89fc,51.3,monitor,monitor,7.7,25,20,0.0
content_91ebaad39a3f,client_f369cb89fc,51.3,monitor,monitor,6.3,136,20,3.68
content_bfd5fbed5749,client_8527a891e2,51.3,monitor,monitor,18.4,45,92,0.0
content_54c6dd186259,client_8527a891e2,51.3,monitor,monitor,66.0,404,103,0.25
content_e75a4c8dcaf1,client_f369cb89fc,51.3,monitor,monitor,5.2,23,20,4.35
content_c28d92fa2e85,client_4e07408562,51.3,monitor,monitor,29.4,112,104,0.0
content_1cf3f202273e,client_4e07408562,51.2,monitor,monitor,15.4,717,7,0.84
content_4fe68329e821,client_f369cb89fc,51.2,monitor,monitor,7.6,17,20,0.0
content_9d07d493fe5b,client_e629fa6598,51.2,monitor,monitor,6.1,506,20,0.0
content_0d78cba0b985,client_f369cb89fc,51.2,monitor,monitor,7.4,16,20,0.0
content_56632b41c725,client_4e07408562,51.1,monitor,monitor,7.0,23047,20,0.19
content_b26ac45aca5d,client_4e07408562,51.1,monitor,monitor,36.8,2916,7,0.14
content_37767b424074,client_f369cb89fc,51.1,monitor,monitor,10.5,1064,20,1.22
content_2f99e0fa3453,client_4e07408562,51.1,monitor,monitor,10.1,23500,25,0.12
content_ec301d20bffd,client_8527a891e2,51.1,monitor,monitor,8.9,19,92,0.0
content_603c3519a065,client_8527a891e2,51.1,monitor,monitor,22.3,9,92,0.0
content_791a0ba510e4,client_f369cb89fc,51.1,monitor,monitor,9.7,11,20,0.0
content_1fc27b966881,client_4e07408562,51.1,monitor,monitor,12.4,4505,14,0.33
content_b34230d48f8e,client_8527a891e2,51.1,monitor,monitor,9.3,23,20,0.0
content_b2b7178dc27b,client_4e07408562,51.1,monitor,monitor,8.0,2982,7,0.1
content_234d710c86b9,client_4e07408562,51.1,monitor,monitor,13.5,3503,13,0.23
content_7e9d8f999b81,client_4e07408562,51.1,monitor,monitor,8.6,995,13,0.2
content_2200a477481d,client_8527a891e2,51.1,monitor,monitor,15.1,11,98,0.0
content_c9765c8fedea,client_f369cb89fc,51.0,monitor,monitor,7.0,12,8,0.0
content_42768733c331,client_4e07408562,51.0,monitor,monitor,22.1,1894,104,0.21
content_2a99104da82a,client_4e07408562,51.0,monitor,monitor,40.9,686,104,0.0
content_be298647e5c7,client_d029fa3a95,51.0,monitor,monitor,5.5,689,20,2.03
content_b45b7246ed2a,client_4e07408562,51.0,monitor,monitor,8.9,9019,25,0.26
content_47e03bf0b0b8,client_4e07408562,51.0,monitor,monitor,30.1,4406,20,0.11
content_4dbb75eecfdb,client_4e07408562,51.0,monitor,monitor,39.2,805,104,0.25
content_2d52b9444c90,client_f369cb89fc,51.0,monitor,monitor,9.6,1140,20,1.4
content_a411cfe253c1,client_e629fa6598,51.0,monitor,monitor,35.2,617,22,0.0
content_f9d4d7acb62e,client_4e07408562,51.0,monitor,monitor,22.7,1423,7,0.14
content_8ad4a25c246c,client_4e07408562,51.0,monitor,monitor,12.6,1239,104,0.48
content_54cd32de899d,client_d029fa3a95,51.0,monitor,monitor,12.4,14,8,0.0
content_63d78f63087f,client_4e07408562,51.0,monitor,monitor,24.8,9039,25,0.22
content_9106f1ec4a21,client_4e07408562,51.0,monitor,monitor,10.6,16312,25,0.15
content_f857e7bf7fc2,client_8527a891e2,51.0,monitor,monitor,31.7,85,104,0.0
content_a20c25627ed7,client_4e07408562,51.0,monitor,monitor,8.1,89007,25,0.12
content_eaea09d6891e,client_4e07408562,50.9,monitor,monitor,23.6,1035,13,0.0
content_58012808e022,client_4e07408562,50.9,monitor,monitor,23.4,7243,25,0.19
content_48934c596035,client_e629fa6598,50.9,monitor,monitor,4.8,618,20,0.0
content_145e3598d8fe,client_4e07408562,50.9,monitor,monitor,10.3,856,104,1.05
content_0e7efaeb2c67,client_4e07408562,50.9,monitor,monitor,53.6,623,104,0.0
content_a07cf932b2f1,client_f369cb89fc,50.9,monitor,monitor,20.8,26,20,0.0
content_4870cf275fec,client_4e07408562,50.9,monitor,monitor,15.4,353,104,0.0
content_70252984654c,client_4e07408562,50.9,monitor,monitor,27.1,3492,13,0.06
content_b5e9f5138959,client_f369cb89fc,50.9,monitor,monitor,4.0,13,20,0.0
content_62ece016c9d8,client_8527a891e2,50.9,monitor,monitor,9.4,11,92,0.0
content_6b42235cade4,client_f369cb89fc,50.9,monitor,monitor,5.9,35514,20,0.33
content_d001e0b9733e,client_f369cb89fc,50.9,monitor,monitor,9.0,17,20,0.0
content_da01e568d56b,client_4e07408562,50.9,monitor,monitor,11.1,5406,25,0.43
content_e7af0b1db174,client_e629fa6598,50.9,monitor,monitor,43.2,971,104,0.21
content_a818957b3a1f,client_4e07408562,50.9,monitor,monitor,9.0,9847,25,0.22
content_d54f809b260c,client_4e07408562,50.8,monitor,monitor,11.9,945,13,0.63
content_9483a12a1ecc,client_4e07408562,50.8,monitor,monitor,11.1,13246,25,0.41
content_cf1423480af0,client_4e07408562,50.8,monitor,monitor,38.3,188,104,0.0
content_4e6f49f69ab7,client_d029fa3a95,50.8,monitor,monitor,35.9,71,20,0.0
content_d7ccad3f6bbc,client_4e07408562,50.8,monitor,monitor,7.7,2585,7,0.19
content_0d634dfc7731,client_f369cb89fc,50.8,monitor,monitor,8.5,97,20,1.03
content_704dfa134e67,client_f369cb89fc,50.8,monitor,monitor,4.4,19,20,0.0
content_0bedb1ad4aca,client_4e07408562,50.8,monitor,monitor,9.5,7071,25,0.47
content_f7f7b664724b,client_4e07408562,50.8,monitor,monitor,8.7,6265,25,0.46
content_522b34ee8408,client_e629fa6598,50.8,monitor,monitor,8.5,106,22,0.0
content_6cfc1dadd083,client_f369cb89fc,50.8,monitor,monitor,16.6,20,20,0.0
content_fbe29bbd5001,client_4e07408562,50.7,monitor,monitor,31.9,1949,14,0.21
content_ab2a4711117d,client_4e07408562,50.7,monitor,monitor,29.2,5176,25,0.12
content_7ec8e8518ecf,client_e629fa6598,50.7,monitor,monitor,18.4,530,22,0.0
content_928c8c749d39,client_f369cb89fc,50.7,monitor,monitor,8.5,11,8,0.0
content_da8bb080012c,client_8527a891e2,50.7,monitor,monitor,19.5,316,20,0.63
content_d3d05fa95de8,client_f369cb89fc,50.7,monitor,monitor,12.1,32,20,0.0
content_c2d93e0c1e52,client_4e07408562,50.7,monitor,monitor,11.1,4805,14,0.25
content_8d201d588351,client_d029fa3a95,50.7,monitor,monitor,11.6,57,20,1.75
content_229689a85173,client_d029fa3a95,50.7,monitor,monitor,10.4,5,8,0.0
content_5f2bd2ed76fd,client_4e07408562,50.7,monitor,monitor,7.1,1415,13,0.64
content_1d2bd7c0a395,client_d029fa3a95,50.7,monitor,monitor,3.5,12241,20,0.56
content_6917e99ae191,client_f369cb89fc,50.7,monitor,monitor,6.7,264,20,2.27
content_96df9eee1651,client_f369cb89fc,50.7,monitor,monitor,19.9,51,20,0.0
content_c30c8488c0d1,client_4e07408562,50.7,monitor,monitor,41.9,424,104,0.24
content_f2ac0b4ca7b0,client_4e07408562,50.7,monitor,monitor,7.9,9035,25,0.28
content_0919434d503e,client_f369cb89fc,50.7,monitor,monitor,3.8,42774,20,0.35
content_1dcfec81d9b0,client_e629fa6598,50.7,monitor,monitor,6.7,200,22,0.0
content_d4cd013f21bb,client_4e07408562,50.6,monitor,monitor,4.2,9764,13,0.36
content_01118d5030d0,client_4e07408562,50.6,monitor,monitor,28.5,5929,104,0.25
content_131927c00278,client_4e07408562,50.6,monitor,monitor,4.3,662,104,0.15
content_1bc28a2fb472,client_d029fa3a95,50.6,monitor,monitor,10.1,11,20,0.0
content_66cece88eae7,client_8527a891e2,50.6,monitor,monitor,3.2,6,104,0.0
content_2fca178eb6f6,client_4e07408562,50.6,monitor,monitor,19.5,2067,13,0.19
content_45ae35901c09,client_f369cb89fc,50.6,monitor,monitor,3.1,16,20,0.0
content_28d5efaea9bf,client_8527a891e2,50.6,monitor,monitor,9.8,249,104,1.2
content_5214de409e4f,client_4e07408562,50.6,monitor,monitor,21.4,1517,13,0.07
content_54e54c775717,client_4e07408562,50.6,monitor,monitor,9.4,10265,25,0.18
content_bbe814c133ff,client_4e07408562,50.6,monitor,monitor,19.7,1977,13,0.4
content_35edaef5199e,client_4e07408562,50.6,monitor,monitor,3.4,3613,104,0.33
content_b564e590d42f,client_f369cb89fc,50.6,monitor,monitor,2.8,13,20,0.0
content_7ae89edc84f4,client_8527a891e2,50.6,monitor,monitor,18.1,7,104,0.0
content_167cb3631905,client_8527a891e2,50.6,monitor,monitor,67.2,369,104,0.0
content_66c2d265640d,client_4e07408562,50.5,monitor,monitor,21.2,791,7,0.25
content_3672013e1d63,client_4e07408562,50.5,monitor,monitor,42.3,2488,104,0.2
content_34a6b6ec32d3,client_f369cb89fc,50.5,monitor,monitor,8.6,15,20,0.0
content_1e43fd141a03,client_8527a891e2,50.5,monitor,monitor,8.8,11,104,0.0
content_df8e9474900c,client_4e07408562,50.5,monitor,monitor,13.6,1352,104,0.3
content_4a87ae4135a9,client_4e07408562,50.5,monitor,monitor,9.9,1971,14,0.25
content_6b68a9ffc96e,client_d029fa3a95,50.5,monitor,monitor,6.6,26,20,0.0
content_46a4efea2592,client_4e07408562,50.5,monitor,monitor,13.4,3224,13,0.22
content_669f4f90d41c,client_f369cb89fc,50.5,monitor,monitor,3.1,10,8,0.0
content_5de502fdd86c,client_8527a891e2,50.5,monitor,monitor,3.8,12,20,0.0
content_d21cea57447c,client_4e07408562,50.5,monitor,monitor,3.6,25852,14,0.29
content_925dd4890383,client_f369cb89fc,50.5,monitor,monitor,5.9,39313,8,0.53
content_4ff3d119662e,client_f369cb89fc,50.5,monitor,monitor,5.2,13,20,0.0
content_bd5daccdde52,client_f369cb89fc,50.5,monitor,monitor,12.4,672,20,1.64
content_cbb55a6e67e4,client_8527a891e2,50.5,monitor,monitor,7.2,14,20,0.0
content_c4ac5b91b3d9,client_4e07408562,50.5,monitor,monitor,5.3,5101,13,0.43
content_0444b03c0142,client_f369cb89fc,50.4,monitor,monitor,5.8,13,20,0.0
content_c447b66461f8,client_8527a891e2,50.4,monitor,monitor,8.7,14,20,0.0
content_b91726585c12,client_e629fa6598,50.4,monitor,monitor,6.2,593,20,0.17
content_cda73d3ca1a7,client_f369cb89fc,50.4,monitor,monitor,4.2,14,20,0.0
content_4b08ae561a4c,client_f369cb89fc,50.4,monitor,monitor,4.7,19,20,0.0
content_777a4dd39fd3,client_f369cb89fc,50.4,monitor,monitor,5.2,12,8,0.0
content_7886cb5e760f,client_f369cb89fc,50.4,monitor,monitor,8.0,25,8,0.0
content_871212880c20,client_f369cb89fc,50.4,monitor,monitor,4.1,63,8,3.17
content_f2c1fff28e86,client_d029fa3a95,50.4,monitor,monitor,9.8,22,20,0.0
content_65ce101bd739,client_8527a891e2,50.4,monitor,monitor,6.5,4,92,0.0
content_2b7bc8755e21,client_f369cb89fc,50.4,monitor,monitor,8.7,10,20,0.0
content_3eb42026ac67,client_8527a891e2,50.4,monitor,monitor,15.3,9,20,0.0
content_4f9eb48d371e,client_4e07408562,50.4,monitor,monitor,20.2,905,13,0.22
content_90fbb97f99f4,client_8527a891e2,50.3,monitor,monitor,11.7,18,103,0.0
content_45f595db0c86,client_f369cb89fc,50.3,monitor,monitor,4.6,12,20,0.0
content_961b69d507a9,client_bdd2d3af3a,50.3,monitor,monitor,15.7,13,20,0.0
content_7d6b3ac3ad96,client_f369cb89fc,50.3,monitor,monitor,6.9,11,20,0.0
content_da1c25c60d66,client_8527a891e2,50.3,monitor,monitor,23.1,8,92,0.0
content_8fdf7d642814,client_4e07408562,50.3,monitor,monitor,23.0,17782,25,0.11
content_bb98921063e3,client_4e07408562,50.3,monitor,monitor,17.1,4544,14,0.22
content_b93156c46bd9,client_4e07408562,50.3,monitor,monitor,35.3,2700,7,0.04
content_e6c34f7e22ed,client_d029fa3a95,50.3,monitor,monitor,46.6,115,20,0.0
content_aafbbe914e2c,client_8527a891e2,50.3,monitor,monitor,13.1,7,20,0.0
content_d05bd6c7105c,client_e629fa6598,50.3,monitor,monitor,6.3,226,20,0.0
content_3e33be121c9d,client_e629fa6598,50.2,monitor,monitor,10.2,514,20,0.19
content_6aba6589b1b4,client_f369cb89fc,50.2,monitor,monitor,36.4,1923,20,0.21
content_f14c84eb5c5e,client_8527a891e2,50.2,monitor,monitor,6.8,12,8,0.0
content_a7a057f8baea,client_4e07408562,50.2,monitor,monitor,10.8,1890,13,0.48
content_a849b24b9925,client_4e07408562,50.2,monitor,monitor,4.4,5955,5,0.39
content_95ed71e365b1,client_8527a891e2,50.2,monitor,monitor,11.0,28,20,0.0
content_f69861481e07,client_4e07408562,50.2,monitor,monitor,6.5,2173,104,0.23
content_07df47f48572,client_4e07408562,50.2,monitor,monitor,8.8,1268,104,0.39
content_f324b394c96f,client_f369cb89fc,50.2,monitor,monitor,6.2,583,20,1.54
content_315ef9b31f21,client_4e07408562,50.2,monitor,monitor,8.5,3059,13,0.29
content_780059759ff5,client_4e07408562,50.2,monitor,monitor,4.4,13210,20,0.36
content_3ee3ec52299c,client_4e07408562,50.2,monitor,monitor,10.0,511,13,2.15
content_f05beee7738a,client_434c9b5ae5,50.2,monitor,monitor,52.4,107,8,0.0
content_ccfaa94cd245,client_8527a891e2,50.2,monitor,monitor,7.4,19,104,0.0
content_023998ba5a1b,client_4e07408562,50.2,monitor,monitor,13.6,5326,20,0.32
content_451632c0629a,client_f369cb89fc,50.2,monitor,monitor,5.2,12,20,0.0
content_eb85eb8d89be,client_f369cb89fc,50.2,monitor,monitor,4.2,10,20,0.0
content_0bd63ac7a76b,client_4e07408562,50.2,monitor,monitor,42.4,6777,13,0.15
content_df33710fdefd,client_4e07408562,50.2,monitor,monitor,4.8,4891,104,0.43
content_3b53d042f230,client_8527a891e2,50.2,monitor,monitor,11.2,6,98,0.0
content_ab6ef50b3616,client_f369cb89fc,50.2,monitor,monitor,6.7,10,20,0.0
content_3f38d9d022e2,client_f369cb89fc,50.2,monitor,monitor,3.7,91906,8,0.21
content_12865e681d4a,client_f369cb89fc,50.1,monitor,monitor,4.0,12691,20,0.54
content_200a2f936288,client_4e07408562,50.1,monitor,monitor,4.5,6847,13,0.45
content_9f2ca3ad3165,client_4e07408562,50.1,monitor,monitor,38.4,3412,7,0.15
content_68436ebf1459,client_f369cb89fc,50.1,monitor,monitor,12.5,17,20,0.0
content_1cb5f2554714,client_f369cb89fc,50.1,monitor,monitor,7.2,38,20,2.63
content_8cbd08b4d595,client_8527a891e2,50.1,monitor,monitor,11.6,13,104,0.0
content_8fa3cd5f7191,client_8527a891e2,50.1,monitor,monitor,6.8,28,103,0.0
content_e1cd979ce9e6,client_f369cb89fc,50.1,monitor,monitor,7.3,567,20,1.41
content_a20142196d17,client_8527a891e2,50.1,monitor,monitor,22.6,10,92,0.0
content_29951869a199,client_f369cb89fc,50.1,monitor,monitor,8.7,42,20,2.38
content_4a6f39de6bad,client_d029fa3a95,50.0,monitor,monitor,10.5,227,8,1.76
content_542e00af2a40,client_8527a891e2,50.0,monitor,monitor,18.3,15,102,0.0
content_c4c6f568084e,client_f369cb89fc,50.0,monitor,monitor,7.2,12,20,0.0
content_df07516da8db,client_f369cb89fc,50.0,monitor,monitor,5.3,62,20,3.23
content_94c4557adbde,client_f369cb89fc,50.0,monitor,monitor,17.1,95,20,2.11
content_0bbf9f8f0ba1,client_4e07408562,50.0,monitor,monitor,6.1,7142,7,0.17
content_38f7cf7073f0,client_f369cb89fc,50.0,monitor,monitor,25.8,62,20,0.0
content_7ce6f63886c8,client_4e07408562,50.0,monitor,monitor,14.0,2779,13,0.11
content_9903cd8c08ee,client_8527a891e2,50.0,monitor,monitor,4.8,6,92,0.0
content_3f5cefdd2648,client_f369cb89fc,50.0,monitor,monitor,10.6,25,20,0.0
content_b6bb672d24a4,client_4e07408562,50.0,monitor,monitor,13.5,2900,13,0.34
content_f9673e9241fd,client_4e07408562,49.9,monitor,monitor,26.0,2446,13,0.12
content_5078bca8d0b0,client_4e07408562,49.9,monitor,monitor,26.1,188,13,0.0
content_ccff1ae0b99f,client_e629fa6598,49.9,monitor,monitor,12.5,356,22,0.0
content_cf77a963959c,client_4e07408562,49.9,monitor,monitor,16.2,8321,25,0.38
content_0e8bc9bda782,client_8527a891e2,49.9,monitor,monitor,5.0,4,20,0.0
content_5d5a8a61e23b,client_f369cb89fc,49.9,monitor,monitor,4.6,9015,20,0.61
content_7bf733e787cb,client_8527a891e2,49.8,monitor,monitor,42.7,42,20,0.0
content_b3259e046dfa,client_4e07408562,49.8,monitor,monitor,33.7,3348,7,0.09
content_297ffbe239f4,client_4e07408562,49.8,monitor,monitor,22.0,4735,25,0.06
content_1771a1a3c43c,client_f369cb89fc,49.8,monitor,monitor,10.1,7,20,0.0
content_05331cba6ad3,client_f369cb89fc,49.8,monitor,monitor,5.1,9,20,0.0
content_dadb8369df59,client_434c9b5ae5,49.8,monitor,monitor,13.6,53,20,0.0
content_c5a71a912e3f,client_f369cb89fc,49.8,monitor,monitor,17.3,20,20,0.0
content_3769a1b69016,client_4e07408562,49.8,monitor,monitor,4.9,9757,104,0.36
content_3ef6208d0f0e,client_f369cb89fc,49.8,monitor,monitor,9.9,277,20,1.08
content_aa2a81289728,client_f369cb89fc,49.8,monitor,monitor,0.8,6,8,0.0
content_afabddf1151c,client_4e07408562,49.8,monitor,monitor,21.2,704,7,0.28
content_251d298116e3,client_4e07408562,49.8,monitor,monitor,7.4,3177,13,0.28
content_2845ae788c61,client_4e07408562,49.8,monitor,monitor,6.0,7051,14,0.37
content_5072890ee893,client_f369cb89fc,49.8,monitor,monitor,9.0,42,20,2.38
content_474d63127936,client_e629fa6598,49.8,monitor,monitor,10.2,420,22,0.24
content_3af54e674244,client_f369cb89fc,49.8,monitor,monitor,7.8,31,20,3.23
content_1c0a41630b5c,client_4e07408562,49.8,monitor,monitor,10.5,8342,25,0.38
content_aa1b658b630d,client_4e07408562,49.7,monitor,monitor,10.3,2956,25,0.71
content_41fd9c8c5892,client_8527a891e2,49.7,monitor,monitor,46.2,241,104,0.0
content_520fe1dae737,client_8527a891e2,49.7,monitor,monitor,1.8,6,20,0.0
content_5ea475cd4c3b,client_f369cb89fc,49.7,monitor,monitor,4.3,7,20,0.0
content_f629bbef5c7a,client_f369cb89fc,49.7,monitor,monitor,6.8,12,20,0.0
content_29ffa7b58884,client_8527a891e2,49.7,monitor,monitor,21.3,149,104,0.67
content_cceb86aa5a80,client_f369cb89fc,49.6,monitor,monitor,12.9,16,20,0.0
content_fa014137b3ea,client_4e07408562,49.6,monitor,monitor,52.9,6275,7,0.03
content_c9dc6a27c2a5,client_4e07408562,49.6,monitor,monitor,11.2,626,104,0.16
content_a8993d400016,client_f369cb89fc,49.6,monitor,monitor,6.8,93,20,1.08
content_69b003d534fd,client_8527a891e2,49.6,monitor,monitor,7.2,9,20,0.0
content_a159d40b38cd,client_8527a891e2,49.6,monitor,monitor,6.3,6,104,0.0
content_f57b0c6391fb,client_4e07408562,49.6,monitor,monitor,13.8,1104,104,0.18
content_fe0a9670a08e,client_8527a891e2,49.6,monitor,monitor,5.7,7,104,0.0
content_5dfc8a15db06,client_8527a891e2,49.6,monitor,monitor,10.1,22,20,0.0
content_8eb5c9f2f73a,client_d029fa3a95,49.6,monitor,monitor,34.6,1015,20,0.2
content_3c95b60d73c0,client_f369cb89fc,49.6,monitor,monitor,43.8,1470,20,0.34
content_831cc0a27ac2,client_4e07408562,49.6,monitor,monitor,5.3,12431,7,0.47
content_9d70410bbefe,client_8527a891e2,49.5,monitor,monitor,5.6,5,104,0.0
content_0513586edfbc,client_4e07408562,49.5,monitor,monitor,8.6,10794,25,0.2
content_fe89530e5915,client_f369cb89fc,49.5,monitor,monitor,8.3,20,20,0.0
content_3a55fe05bade,client_f369cb89fc,49.5,monitor,monitor,21.2,33,20,0.0
content_da1d4b97f7f5,client_e629fa6598,49.5,monitor,monitor,25.7,658,22,0.0
content_55c69d9ac6ba,client_8527a891e2,49.5,monitor,monitor,2.3,3,20,0.0
content_b188975de550,client_f369cb89fc,49.5,monitor,monitor,4.1,15,20,0.0
content_b40e32d5df10,client_4e07408562,49.5,monitor,monitor,24.0,756,104,0.0
content_27fb9892d000,client_4e07408562,49.5,monitor,monitor,7.7,5137,25,0.49
content_be7835abed78,client_4e07408562,49.5,monitor,monitor,8.2,2554,7,0.39
content_1e9bca8d5b0a,client_f369cb89fc,49.5,monitor,monitor,9.8,85,20,0.0
content_ea865bea72fb,client_f369cb89fc,49.5,monitor,monitor,6.9,2527,20,1.07
content_79a9d81c2403,client_f369cb89fc,49.5,monitor,monitor,6.6,21,20,0.0
content_f41264b82587,client_8527a891e2,49.5,monitor,monitor,6.9,82,104,0.0
content_961dd6582177,client_f369cb89fc,49.5,monitor,monitor,2.6,7,20,0.0
content_b707d8ef5fd3,client_4e07408562,49.5,monitor,monitor,32.7,9358,25,0.2
content_6a56ebe835eb,client_f369cb89fc,49.4,monitor,monitor,9.9,18,20,0.0
content_a0d9819c4569,client_4e07408562,49.4,monitor,monitor,41.6,31783,104,0.06
content_c26f81d804cc,client_4e07408562,49.4,monitor,monitor,11.6,3091,13,0.26
content_a15c768760bd,client_f369cb89fc,49.4,monitor,monitor,9.7,10,8,0.0
content_38bab00f71e2,client_8527a891e2,49.4,monitor,monitor,2.3,3,92,0.0
content_349a310f6db7,client_f369cb89fc,49.4,monitor,monitor,7.9,23,20,0.0
content_9173ca4982b5,client_4e07408562,49.4,monitor,monitor,14.4,2366,13,0.13
content_6222ffd73b2c,client_f369cb89fc,49.4,monitor,monitor,6.9,10,20,0.0
content_3e10898d9fd4,client_8527a891e2,49.4,monitor,monitor,21.0,16,104,0.0
content_bede649d3b3e,client_4e07408562,49.3,monitor,monitor,18.2,821,7,0.24
content_be3e3375b277,client_f369cb89fc,49.3,monitor,monitor,5.0,38,20,2.63
content_9ecd60ff3bca,client_4e07408562,49.3,monitor,monitor,71.3,4543,104,0.0
content_542e2f789f23,client_f369cb89fc,49.3,monitor,monitor,8.2,546,20,1.28
content_43fc29019bad,client_e629fa6598,49.3,monitor,monitor,11.1,1154,20,0.26
content_9c6d0b4a1ee8,client_e629fa6598,49.3,monitor,monitor,22.7,2193,22,0.09
content_d4a139b1eb52,client_d029fa3a95,49.3,monitor,monitor,26.9,91,20,0.0
content_eed67fb12c02,client_4e07408562,49.3,monitor,monitor,6.6,13451,7,0.33
content_1a5295d1b61a,client_e629fa6598,49.3,monitor,monitor,6.7,609,22,0.0
content_35b56e13a9ba,client_4e07408562,49.3,monitor,monitor,44.6,6387,13,0.05
content_1f37eb0c4230,client_e629fa6598,49.3,monitor,monitor,6.9,1330,22,0.15
content_21612db808d2,client_4e07408562,49.2,monitor,monitor,31.9,7364,25,0.16
content_624b89ae5eba,client_f369cb89fc,49.2,monitor,monitor,2.3,32,20,3.13
content_6553f210db6d,client_8527a891e2,49.2,monitor,monitor,49.4,264,104,0.38
content_dcd38075ec2c,client_8527a891e2,49.2,monitor,monitor,6.0,3,104,0.0
content_f3a075fa8dff,client_4e07408562,49.2,monitor,monitor,9.6,4049,20,0.35
content_3f8c2b409817,client_f369cb89fc,49.2,monitor,monitor,27.4,335,20,0.6
content_63be0ba923f0,client_f369cb89fc,49.2,monitor,monitor,2.5,12,20,0.0
content_9cf876e274c8,client_4e07408562,49.2,monitor,monitor,17.9,751,104,0.0
content_c87919f2b762,client_f369cb89fc,49.2,monitor,monitor,8.5,12,20,0.0
content_ce388e027e1f,client_f369cb89fc,49.2,monitor,monitor,8.4,19,20,0.0
content_555b8d026295,client_4e07408562,49.2,monitor,monitor,6.4,7384,14,0.38
content_b03686077f5a,client_f369cb89fc,49.2,monitor,monitor,6.6,5,20,0.0
content_ab5f4addedcf,client_8527a891e2,49.2,monitor,monitor,9.0,3,104,0.0
content_c3b4f551e745,client_4e07408562,49.2,monitor,monitor,15.1,8808,25,0.25
content_5f33c103aa9f,client_e629fa6598,49.2,monitor,monitor,11.8,700,22,0.14
content_529faed5f67d,client_4e07408562,49.2,monitor,monitor,6.8,37662,14,0.17
content_ea397586b6f4,client_4e07408562,49.2,monitor,monitor,9.6,1984,7,0.35
content_f7b5dddcb87b,client_d029fa3a95,49.2,monitor,monitor,17.9,9,20,0.0
content_0193115aa8e6,client_f369cb89fc,49.2,monitor,monitor,9.1,171,20,1.17
content_566a83993169,client_4e07408562,49.2,monitor,monitor,26.8,3894,14,0.62
content_1aef96f28d03,client_8527a891e2,49.1,monitor,monitor,5.7,15,20,0.0
content_490609250ccd,client_8527a891e2,49.1,monitor,monitor,3.8,18,104,0.0
content_85fd92fe33ef,client_8527a891e2,49.1,monitor,monitor,45.5,66,104,0.0
content_3e8ab67ce1b6,client_4e07408562,49.1,monitor,monitor,17.3,3423,20,0.15
content_701d4ba4e25d,client_8527a891e2,49.1,monitor,monitor,24.5,28,20,0.0
content_ed3fe64f47d8,client_d029fa3a95,49.1,monitor,monitor,8.7,13,20,0.0
content_a553f5358ee1,client_8527a891e2,49.1,monitor,monitor,4.2,5,20,0.0
content_38d75361615f,client_8527a891e2,49.1,monitor,monitor,14.0,19,104,0.0
content_e91fbe999dc3,client_f369cb89fc,49.1,monitor,monitor,16.5,13,20,0.0
content_80b6497c3f9d,client_8527a891e2,49.1,monitor,monitor,5.5,2,98,0.0
content_e734ce8f057a,client_4e07408562,49.1,monitor,monitor,12.4,1516,13,0.33
content_e26d24aad104,client_f369cb89fc,49.1,monitor,monitor,6.7,33,8,3.03
content_cfabe9fd1d4f,client_f369cb89fc,49.1,monitor,monitor,6.0,211,20,2.37
content_23b6f939d30b,client_f369cb89fc,49.1,monitor,monitor,6.8,3334,20,1.2
content_a11f793d5f24,client_4e07408562,49.1,monitor,monitor,6.5,9868,7,0.21
content_25061c922b54,client_f369cb89fc,49.1,monitor,monitor,12.1,16,20,0.0
content_70d302cdbdec,client_8527a891e2,49.1,monitor,monitor,13.6,14,8,0.0
content_98f736f745a6,client_4e07408562,49.1,monitor,monitor,18.1,360,13,0.56
content_724a2783045d,client_4e07408562,49.1,monitor,monitor,11.5,187,13,1.07
content_739b312ae914,client_4e07408562,49.1,monitor,monitor,20.6,2844,13,0.04
content_a169d1caf094,client_4e07408562,49.1,monitor,monitor,11.6,5108,20,0.12
content_2af826becb07,client_f369cb89fc,49.0,monitor,monitor,5.9,15,20,0.0
content_cdec88cffa93,client_f369cb89fc,49.0,monitor,monitor,6.3,19,20,0.0
content_0354fa127deb,client_4e07408562,49.0,monitor,monitor,8.1,2872,13,0.52
content_0d3a62dce5e3,client_f369cb89fc,49.0,monitor,monitor,15.8,671,20,0.6
content_94d56e0730af,client_8527a891e2,49.0,monitor,monitor,5.7,25,20,0.0
content_e550bce46978,client_8527a891e2,49.0,monitor,monitor,15.4,22,104,0.0
content_fd290bdd9c91,client_8527a891e2,49.0,monitor,monitor,5.7,9,8,0.0
content_a688fd01341d,client_e629fa6598,49.0,monitor,monitor,6.4,2419,22,0.12
content_0692208777c2,client_4e07408562,49.0,monitor,monitor,5.1,3085,104,0.36
content_0a1954a48717,client_4e07408562,49.0,monitor,monitor,25.8,478,13,0.0
content_6fd9a41894ee,client_4e07408562,49.0,monitor,monitor,47.8,4226,104,0.02
content_e2e11ebffe0b,client_f369cb89fc,49.0,monitor,monitor,35.7,50,8,0.0
content_f427f138e9c6,client_8527a891e2,49.0,monitor,monitor,37.4,67,104,0.0
content_b65c621c6c0b,client_4e07408562,49.0,monitor,monitor,14.2,687,7,0.29
content_2f4d5fa274a0,client_f369cb89fc,49.0,monitor,monitor,5.2,2293,20,2.05
content_83a21bfa1807,client_bdd2d3af3a,49.0,monitor,monitor,7.0,35,8,2.86
content_028f9aa4ac3c,client_f369cb89fc,49.0,monitor,monitor,4.3,43,20,2.33
content_7ffc04e52e2e,client_4e07408562,49.0,monitor,monitor,33.9,1753,7,0.23
content_ea717c5db1ba,client_4e07408562,49.0,monitor,monitor,7.7,1420,13,0.7
content_cb317a98d402,client_4e07408562,48.9,monitor,monitor,22.2,1465,104,0.14
content_cf358d1c9b18,client_4e07408562,48.9,monitor,monitor,9.2,4493,14,0.31
content_aba4b4460e47,client_e629fa6598,48.9,monitor,monitor,50.1,1334,22,0.0
content_a94c52160bb9,client_f369cb89fc,48.9,monitor,monitor,4.3,8,20,0.0
content_37d03b4246ba,client_4e07408562,48.9,monitor,monitor,7.7,37173,25,0.19
content_52cf99c131bc,client_4e07408562,48.9,monitor,monitor,12.4,1887,7,0.48
content_3b8aad044ee2,client_4e07408562,48.9,monitor,monitor,13.4,2573,13,0.58
content_7d4761d607f7,client_e629fa6598,48.9,monitor,monitor,9.5,168,22,0.0
content_2665bb7de609,client_4e07408562,48.9,monitor,monitor,15.5,1125,7,0.8
content_5eda48e9e42e,client_4e07408562,48.9,monitor,monitor,39.6,701,7,0.14
content_a08f9daab49c,client_e629fa6598,48.9,monitor,monitor,28.5,478,22,0.0
content_d716815640bf,client_8527a891e2,48.9,monitor,monitor,1.0,4,8,0.0
content_ee405fb5af9b,client_8527a891e2,48.9,monitor,monitor,6.0,21,20,0.0
content_28789a01958b,client_4e07408562,48.8,monitor,monitor,8.5,691,7,0.29
content_562545a23ace,client_4e07408562,48.8,monitor,monitor,14.7,556,13,0.18
content_c282b558a116,client_f369cb89fc,48.8,monitor,monitor,6.0,13,20,0.0
content_0a954f7270fd,client_f369cb89fc,48.8,monitor,monitor,9.5,41,20,0.0
content_2e590ab028f9,client_f369cb89fc,48.8,monitor,monitor,9.7,27,20,0.0
content_f5bea636bfbb,client_8527a891e2,48.8,monitor,monitor,6.5,4,92,0.0
content_c19817a1ca36,client_f369cb89fc,48.8,monitor,monitor,5.8,12,20,0.0
content_fe90912d614c,client_4e07408562,48.8,monitor,monitor,14.0,5347,13,0.47
content_2c0bf11b4999,client_f369cb89fc,48.8,monitor,monitor,6.6,10,20,0.0
content_e29d4ca869bf,client_8527a891e2,48.7,monitor,monitor,12.5,6,20,0.0
content_c9b099f3ff17,client_f369cb89fc,48.7,monitor,monitor,6.5,19,20,0.0
content_2b169d27d9e5,client_4e07408562,48.7,monitor,monitor,42.3,3096,104,0.03
content_94cf0ae7ea8f,client_4e07408562,48.7,monitor,monitor,18.1,6333,25,0.52
content_addafe3df89b,client_bdd2d3af3a,48.7,monitor,monitor,5.4,7,8,0.0
content_3b55249bbf1a,client_8527a891e2,48.7,monitor,monitor,5.7,3,103,0.0
content_101ecdbccedc,client_f369cb89fc,48.7,monitor,monitor,5.6,5,20,0.0
content_ea6fd81eafba,client_d029fa3a95,48.7,monitor,monitor,19.5,8,20,0.0
content_2cb8b923f6d8,client_4e07408562,48.7,monitor,monitor,36.0,34796,20,0.05
content_04457320c920,client_d029fa3a95,48.7,monitor,monitor,13.1,23,20,0.0
content_304f48230142,client_f369cb89fc,48.7,monitor,monitor,10.6,3803,20,0.76
content_ce3ea992ab0f,client_434c9b5ae5,48.7,monitor,monitor,19.7,18,8,0.0
content_974949456f98,client_8527a891e2,48.7,monitor,monitor,3.8,5,20,0.0
content_e9c39bb6170f,client_4e07408562,48.7,monitor,monitor,20.1,3566,13,0.22
content_d6ce4e17f464,client_f369cb89fc,48.6,monitor,monitor,27.4,210,20,0.48
content_e428bc59072f,client_4e07408562,48.6,monitor,monitor,9.0,5814,14,0.34
content_48646ae101fe,client_f369cb89fc,48.6,monitor,monitor,5.2,285,20,1.75
content_17a7b75e1df2,client_8527a891e2,48.6,monitor,monitor,11.8,10,104,0.0
content_4cb8ceca114e,client_4e07408562,48.6,monitor,monitor,8.1,6017,25,0.55
content_b31d578ae5c8,client_f369cb89fc,48.6,monitor,monitor,3.6,14,20,0.0
content_ef298285d6bb,client_8527a891e2,48.6,monitor,monitor,24.6,59,104,0.0
content_21d79c60f58d,client_4e07408562,48.6,monitor,monitor,19.7,6714,25,0.22
content_62d0407f1998,client_4e07408562,48.6,monitor,monitor,13.0,2369,104,0.25
content_77ac7d024218,client_4e07408562,48.6,monitor,monitor,17.5,6383,25,0.28
content_95d1f3ddae61,client_8527a891e2,48.6,monitor,monitor,35.8,197,104,0.51
content_86d082c14077,client_4e07408562,48.5,monitor,monitor,35.0,6189,7,0.06
content_739ec77b846a,client_4e07408562,48.5,monitor,monitor,18.1,635,13,0.16
content_03bcb8092a4e,client_8527a891e2,48.5,monitor,monitor,5.5,6,92,0.0
content_e582f6082563,client_4e07408562,48.5,monitor,monitor,10.7,6069,25,0.23
content_93ebdcd73dd9,client_f369cb89fc,48.5,monitor,monitor,5.3,7,20,0.0
content_08fd124a6e6f,client_8527a891e2,48.5,monitor,monitor,8.8,23956,104,0.23
content_7bffd6c03696,client_4e07408562,48.5,monitor,monitor,6.1,3094,104,0.52
content_64a482194d7a,client_4e07408562,48.5,monitor,monitor,35.8,20971,20,0.06
content_e68adee72e4d,client_4e07408562,48.5,monitor,monitor,27.8,1032,13,0.0
content_524f1ad5eb79,client_e629fa6598,48.5,monitor,monitor,29.2,1320,20,0.08
content_e022dca246c3,client_8527a891e2,48.5,monitor,monitor,36.3,203,104,0.49
content_2a212876da21,client_e629fa6598,48.5,monitor,monitor,16.9,275,20,0.0
content_cff0e3db64d0,client_4e07408562,48.5,monitor,monitor,9.2,4312,13,0.19
content_cf9f8ecdf9de,client_8527a891e2,48.5,monitor,monitor,12.4,32,92,0.0
content_1bfbc228161a,client_f369cb89fc,48.5,monitor,monitor,4.1,23,20,0.0
content_eea87ba6f315,client_4e07408562,48.4,monitor,monitor,17.8,11329,25,0.26
content_f94c8457d590,client_4e07408562,48.4,monitor,monitor,40.4,12713,14,0.05
content_cc6c749bcdf2,client_8527a891e2,48.4,monitor,monitor,2.2,5,104,0.0
content_5e798568d56b,client_4e07408562,48.4,monitor,monitor,18.5,539,13,0.0
content_778a2ce1d5b7,client_8527a891e2,48.4,monitor,monitor,7.7,3,104,0.0
content_221bbee82734,client_4e07408562,48.4,monitor,monitor,8.4,5276,14,0.59
content_1fc9c8f39bfa,client_4e07408562,48.4,monitor,monitor,16.0,5917,20,0.51
content_307acf0a4233,client_8527a891e2,48.4,monitor,monitor,66.3,889,92,0.0
content_0d884f1a931e,client_4e07408562,48.4,monitor,monitor,10.1,3819,13,0.31
content_0d318a83f1a7,client_e629fa6598,48.4,monitor,monitor,29.5,1175,22,0.0
content_3da4f5c7b72e,client_8527a891e2,48.4,monitor,monitor,6.4,11,20,0.0
content_1c38841cd5a6,client_f369cb89fc,48.4,monitor,monitor,9.2,13,20,0.0
content_fcde068b12d7,client_f369cb89fc,48.4,monitor,monitor,38.1,562,20,0.36
content_2db251d1a841,client_f369cb89fc,48.3,monitor,monitor,5.6,198671,20,0.18
content_cec2180f0ac1,client_f369cb89fc,48.3,monitor,monitor,8.4,77,20,5.19
content_76e47929bc42,client_f369cb89fc,48.3,monitor,monitor,3.8,6,20,0.0
content_4d83f1356803,client_f369cb89fc,48.3,monitor,monitor,10.1,20,20,0.0
content_ea65024247a2,client_4e07408562,48.3,monitor,monitor,47.5,2035,104,0.05
content_7eb94099059e,client_4e07408562,48.3,monitor,monitor,12.3,8927,25,0.27
content_d6731b72c26f,client_f369cb89fc,48.3,monitor,monitor,5.5,11,20,0.0
content_479f8ec909fe,client_4e07408562,48.3,monitor,monitor,29.8,35429,104,0.04
content_28742531f88c,client_4e07408562,48.3,monitor,monitor,22.9,3937,13,0.15
content_661e0e54bdd8,client_8527a891e2,48.3,monitor,monitor,24.3,4,104,0.0
content_0ed7b8ecc468,client_d029fa3a95,48.3,monitor,monitor,7.5,14,20,0.0
content_5d4048cb5ff4,client_4e07408562,48.3,monitor,monitor,16.4,4043,20,0.27
content_885a25cd5e18,client_4e07408562,48.3,monitor,monitor,16.8,5805,25,0.43
content_357be7c784ab,client_f369cb89fc,48.3,monitor,monitor,12.1,13,20,0.0
content_e6f538d3b098,client_e629fa6598,48.3,monitor,monitor,23.9,1375,22,0.0
content_d2ee474d8489,client_4e07408562,48.3,monitor,monitor,40.9,777,104,0.0
content_32097c1cfc4e,client_f369cb89fc,48.3,monitor,monitor,5.0,7,20,0.0
content_348434e40ce7,client_4e07408562,48.3,monitor,monitor,4.6,6362,14,0.55
content_f0d896cab1ac,client_8527a891e2,48.3,monitor,monitor,4.0,2,92,0.0
content_c6eaf20a0189,client_4e07408562,48.2,monitor,monitor,10.4,8475,25,0.45
content_c8e7e069617c,client_f369cb89fc,48.2,monitor,monitor,8.6,7,20,0.0
content_6fedd340cb01,client_4e07408562,48.2,monitor,monitor,13.7,946,104,1.27
content_eae0d1cb0893,client_f369cb89fc,48.2,monitor,monitor,12.2,13,20,0.0
content_8eaadfa0d6c8,client_8527a891e2,48.2,monitor,monitor,7.8,19,20,0.0
content_2913ed7d4c8d,client_4e07408562,48.2,monitor,monitor,13.2,1441,7,0.21
content_1934287476ae,client_d029fa3a95,48.2,monitor,monitor,11.5,8,20,0.0
content_dee71b933e85,client_4e07408562,48.2,monitor,monitor,12.4,472,13,0.42
content_98104c021ff2,client_4e07408562,48.2,monitor,monitor,26.5,1916,14,0.21
content_7fae34a037fa,client_e629fa6598,48.2,monitor,monitor,22.6,206,20,0.0
content_eb1633fa9519,client_4e07408562,48.2,monitor,monitor,40.1,2911,104,0.1
content_f23784f17468,client_4e07408562,48.2,monitor,monitor,7.5,2885,13,0.59
content_33da44cb09c9,client_4e07408562,48.1,monitor,monitor,5.9,114528,14,0.18
content_8fbd1be8db88,client_4e07408562,48.1,monitor,monitor,7.8,19948,20,0.25
content_bc626e22516b,client_e629fa6598,48.1,monitor,monitor,48.4,1077,104,0.28
content_70f7d5f74c93,client_e629fa6598,48.1,monitor,monitor,7.7,252,20,0.4
content_f87ff9f55f70,client_4e07408562,48.1,monitor,monitor,18.1,2506,14,0.08
content_4d31418f2f3c,client_8527a891e2,48.1,monitor,monitor,10.3,12,20,0.0
content_2c52330077a0,client_4e07408562,48.1,monitor,monitor,9.1,1813,13,0.06
content_a1ab96494b7e,client_4e07408562,48.1,monitor,monitor,4.2,16795,14,0.58
content_d47a51e291f1,client_f369cb89fc,48.1,monitor,monitor,3.5,13,20,0.0
content_0b5ca97c254f,client_8527a891e2,48.1,monitor,monitor,8.0,3,104,0.0
content_e8be9cd2e1fe,client_8527a891e2,48.1,monitor,monitor,9.3,13,20,0.0
content_8bf0e80d273c,client_8527a891e2,48.1,monitor,monitor,60.5,393,92,0.25
content_99f7f3940ed4,client_8527a891e2,48.1,monitor,monitor,45.1,67,8,0.0
content_ea651db31344,client_f369cb89fc,48.1,monitor,monitor,6.1,12,20,0.0
content_2958879823a8,client_f369cb89fc,48.1,monitor,monitor,4.0,37,20,2.7
content_165eddf73584,client_e629fa6598,48.1,monitor,monitor,44.4,1105,22,0.0
content_61f5643dedd8,client_4e07408562,48.1,monitor,monitor,47.7,841,104,0.0
content_eacbef5e9c0a,client_f369cb89fc,48.0,monitor,monitor,3.6,9477,20,0.87
content_63a7db0259ce,client_4e07408562,48.0,monitor,monitor,62.7,2921,7,0.03
content_6a5c64af1faa,client_f369cb89fc,48.0,monitor,monitor,3.9,9,20,0.0
content_9c1862fddbbb,client_f369cb89fc,48.0,monitor,monitor,6.2,13,20,0.0
content_4a8ed6268c17,client_4e07408562,48.0,monitor,monitor,12.5,2524,14,0.4
content_204d81c4117d,client_4e07408562,48.0,monitor,monitor,8.6,3606,20,0.42
content_2204f2f125c2,client_4e07408562,48.0,monitor,monitor,15.1,10420,25,0.18
content_f3a2520e3120,client_4e07408562,48.0,monitor,monitor,23.5,651,13,0.31
content_9625b0d86d2d,client_4e07408562,48.0,monitor,monitor,11.0,1746,104,0.0
content_8b088301586d,client_4e07408562,48.0,monitor,monitor,17.5,736,104,0.14
content_d68e83f92ed9,client_4e07408562,48.0,monitor,monitor,8.5,4314,20,0.32
content_763d128ecc54,client_d029fa3a95,48.0,monitor,monitor,9.2,16,183,6.25
content_28aba8137d93,client_4e07408562,48.0,monitor,monitor,9.2,2877,20,0.21
content_d0b3aef66944,client_8527a891e2,47.9,monitor,monitor,7.5,2,92,0.0
content_843f4dd5213f,client_4e07408562,47.9,monitor,monitor,26.8,2489,13,0.16
content_a9ca62a8a9eb,client_8527a891e2,47.9,monitor,monitor,9.2,79,8,0.0
content_8161f4ec6442,client_4e07408562,47.9,monitor,monitor,23.7,7369,25,0.3
content_5551a4c5ed02,client_f369cb89fc,47.9,monitor,monitor,13.0,9,20,0.0
content_86e1ddabc10a,client_f369cb89fc,47.9,monitor,monitor,16.3,24,20,0.0
content_fd1a1fa2723e,client_f369cb89fc,47.9,monitor,monitor,16.2,159,20,0.63
content_776e52192745,client_f369cb89fc,47.8,monitor,monitor,4.3,7,20,0.0
content_ccbfd2913c5b,client_f369cb89fc,47.8,monitor,monitor,11.5,470,20,1.49
content_a6ca0feab051,client_4e07408562,47.8,monitor,monitor,3.9,3924,104,0.28
content_58f93a020d56,client_e629fa6598,47.8,monitor,monitor,9.4,1314,104,0.61
content_7a6171f6389c,client_4e07408562,47.8,monitor,monitor,9.3,3818,14,0.16
content_1bfca0e6bb66,client_4e07408562,47.8,monitor,monitor,6.2,12038,20,0.27
content_f8b8f0d7e315,client_8527a891e2,47.8,monitor,monitor,14.3,28,20,0.0
content_41b771c5fc0c,client_f369cb89fc,47.8,monitor,monitor,15.4,19,8,0.0
content_b98709292db4,client_f369cb89fc,47.8,monitor,monitor,1.2,5,8,0.0
content_89c6d52042f5,client_4e07408562,47.8,monitor,monitor,9.8,2052,13,0.44
content_8c4b5fce81d0,client_8527a891e2,47.8,monitor,monitor,53.1,153,102,0.0
content_6fc3e66c8c58,client_f369cb89fc,47.7,monitor,monitor,2.2,10,20,0.0
content_216a54125880,client_8527a891e2,47.7,monitor,monitor,58.1,282,104,0.0
content_882555fb1b4a,client_4e07408562,47.7,monitor,monitor,15.6,6663,25,0.23
content_e29a758c8e12,client_8527a891e2,47.7,monitor,monitor,4.6,5,20,0.0
content_10631c73d253,client_8527a891e2,47.7,monitor,monitor,30.9,48,102,0.0
content_7e08ff98fa58,client_4e07408562,47.7,monitor,monitor,7.4,4104,20,0.54
content_c103df72e15c,client_4e07408562,47.7,monitor,monitor,11.5,10205,25,0.17
content_e9e8c1c0840d,client_f369cb89fc,47.7,monitor,monitor,17.9,27,20,0.0
content_6264e171fb5f,client_f369cb89fc,47.7,monitor,monitor,34.3,249,20,0.0
content_faaf1b1e4d65,client_8527a891e2,47.6,monitor,monitor,40.4,102,20,0.0
content_31ecff0e6412,client_8527a891e2,47.6,monitor,monitor,2.0,2,8,0.0
content_643711d5a1ef,client_f369cb89fc,47.6,monitor,monitor,1.0,8,20,0.0
content_3d216e1fd032,client_4e07408562,47.6,monitor,monitor,53.7,410,104,0.0
content_754c0acf2e40,client_4e07408562,47.6,monitor,monitor,17.5,1076,104,0.09
content_b05bf72d3ece,client_f369cb89fc,47.6,monitor,monitor,10.9,195,20,1.54
content_116ce667b79e,client_d029fa3a95,47.6,monitor,monitor,19.4,37,20,0.0
content_5eb2f48aab0f,client_4e07408562,47.6,monitor,monitor,34.1,3001,7,0.17
content_374e795aab68,client_f369cb89fc,47.6,monitor,monitor,31.0,235,20,0.85
content_4ada3922dcb2,client_f369cb89fc,47.6,monitor,monitor,4.6,7,20,0.0
content_b893116caf50,client_4e07408562,47.6,monitor,monitor,18.7,2852,13,0.14
content_0e5cf35a8fa6,client_4e07408562,47.5,monitor,monitor,8.6,639,7,0.0
content_3d25f2a8e2ff,client_8527a891e2,47.5,monitor,monitor,8.7,3,20,0.0
content_fecb8624f9d6,client_f369cb89fc,47.5,monitor,monitor,4.6,10,20,10.0
content_dc0eaf635a88,client_8527a891e2,47.5,monitor,monitor,8.9,10,92,0.0
content_1423cc413c6a,client_4e07408562,47.5,monitor,monitor,48.3,16142,14,0.03
content_f04ff50b05fd,client_d029fa3a95,47.5,monitor,monitor,6.6,18,20,0.0
content_23f366c08715,client_8527a891e2,47.5,monitor,monitor,53.6,108,104,0.0
content_2dc97df1e8aa,client_f369cb89fc,47.5,monitor,monitor,14.2,18,20,0.0
content_b97c5ddb8a21,client_4e07408562,47.5,monitor,monitor,39.6,2677,104,0.26
content_b2ba04fe6f20,client_4e07408562,47.5,monitor,monitor,24.1,6861,25,0.26
content_28c3420d0a12,client_f369cb89fc,47.5,monitor,monitor,6.8,4668,20,0.96
content_eda0e20d4956,client_f369cb89fc,47.5,monitor,monitor,23.7,34,20,0.0
content_60b1715cb390,client_8527a891e2,47.5,monitor,monitor,7.9,8,104,0.0
content_3d5952c5cf7e,client_4e07408562,47.4,monitor,monitor,14.6,1825,14,0.27
content_3e8b99272731,client_4e07408562,47.4,monitor,monitor,42.3,504,104,0.0
content_eac441c4b753,client_8527a891e2,47.4,monitor,monitor,11.8,8,20,0.0
content_28fdc9b17c26,client_4e07408562,47.4,monitor,monitor,31.6,1023,104,0.2
content_691548b1ea0a,client_4e07408562,47.4,monitor,monitor,25.0,1008,13,0.2
content_8234f295edb1,client_e629fa6598,47.4,monitor,monitor,8.1,258,22,0.0
content_414de552cad7,client_4e07408562,47.4,monitor,monitor,32.4,658,104,0.15
content_e4f2c3ab5b54,client_4e07408562,47.4,monitor,monitor,16.5,5876,14,0.17
content_7bd067d7f354,client_8527a891e2,47.4,monitor,monitor,6.4,11,20,0.0
content_92c1ef947ff8,client_4e07408562,47.4,monitor,monitor,26.3,5486,14,0.09
content_14b91a8ba3cc,client_434c9b5ae5,47.4,monitor,monitor,6.5,259,8,1.16
content_98ce9ef715b2,client_8527a891e2,47.3,monitor,monitor,20.6,14,20,0.0
content_39a104f6d921,client_f369cb89fc,47.3,monitor,monitor,8.9,16,20,0.0
content_23bcee6836bd,client_f369cb89fc,47.3,monitor,monitor,4.3,8,20,0.0
content_7886b1e2013b,client_4e07408562,47.3,monitor,monitor,11.5,3958,13,0.15
content_9b97cccdaefb,client_e629fa6598,47.3,monitor,monitor,20.4,221,22,0.0
content_961ada8ff7ee,client_8527a891e2,47.3,monitor,monitor,11.4,11,104,0.0
content_8c434732ef50,client_d029fa3a95,47.3,monitor,monitor,4.3,4,8,0.0
content_a5d1c12af407,client_8527a891e2,47.3,monitor,monitor,11.0,6,104,0.0
content_4daed47d4c91,client_4e07408562,47.3,monitor,monitor,6.6,2262,13,1.02
content_58c4b92b92aa,client_8527a891e2,47.2,monitor,monitor,8.5,2,98,0.0
content_a428af48d0c7,client_4e07408562,47.2,monitor,monitor,18.7,1258,13,0.16
content_e8729b6fec38,client_4e07408562,47.2,monitor,monitor,10.2,6570,25,0.76
content_55a06edcc229,client_8527a891e2,47.2,monitor,monitor,12.3,7,20,0.0
content_8ae493fb4fb8,client_f369cb89fc,47.2,monitor,monitor,6.6,23888,20,0.46
content_c3b109c7b1e3,client_4e07408562,47.2,monitor,monitor,45.7,607,104,0.0
content_da476514f660,client_8527a891e2,47.2,monitor,monitor,22.0,13,104,0.0
content_a86f00a2e0ce,client_4e07408562,47.2,monitor,monitor,27.6,21976,25,0.25
content_aeb5d182368b,client_4e07408562,47.2,monitor,monitor,34.0,1209,13,0.08
content_a6a201a10053,client_f369cb89fc,47.2,monitor,monitor,0.5,2,20,0.0
content_5158ffc16039,client_8527a891e2,47.2,monitor,monitor,6.5,13,20,0.0
content_fa37cba3a692,client_4e07408562,47.2,monitor,monitor,14.5,2343,13,0.26
content_8b88debf6d35,client_4e07408562,47.2,monitor,monitor,5.4,4515,104,0.44
content_a0fff30c920a,client_4e07408562,47.1,monitor,monitor,19.4,2118,13,0.19
content_24dc00e22625,client_f369cb89fc,47.1,monitor,monitor,3.7,242,20,2.48
content_cfbb81c693df,client_e629fa6598,47.1,monitor,monitor,13.7,4540,22,0.0
content_ed356a0df49b,client_f369cb89fc,47.1,monitor,monitor,4.0,6,20,0.0
content_61d443ec18ae,client_e629fa6598,47.1,monitor,monitor,5.8,817,22,0.12
content_0e22f3e72c38,client_8527a891e2,47.1,monitor,monitor,13.3,54,20,0.0
content_809b50c43cad,client_4e07408562,47.1,monitor,monitor,29.7,579,13,0.0
content_395a0b5c7287,client_4e07408562,47.1,monitor,monitor,5.7,2577,104,0.5
content_98e305f0cacc,client_4e07408562,47.1,monitor,monitor,9.6,436,13,0.0
content_a178dec7e550,client_434c9b5ae5,47.1,monitor,monitor,5.8,10,8,0.0
content_e3c80264bcf6,client_4e07408562,47.1,monitor,monitor,30.3,1101,13,0.09
content_3cf332981a39,client_8527a891e2,47.1,monitor,monitor,12.9,124,104,4.84
content_53e38ea20dcd,client_4e07408562,47.1,monitor,monitor,11.2,1797,7,0.61
content_379dd89231c7,client_8527a891e2,47.1,monitor,monitor,71.1,162,104,0.0
content_5e1febd65aa2,client_4e07408562,47.1,monitor,monitor,7.6,2091,7,0.29
content_1853f4c1d3b6,client_4e07408562,47.1,monitor,monitor,7.4,3525,13,0.45
content_2340513245dd,client_4e07408562,47.1,monitor,monitor,12.1,3958,14,0.35
content_cd444afadcc6,client_4e07408562,47.1,monitor,monitor,10.0,52313,25,0.2
content_41d6ee667372,client_4e07408562,47.0,monitor,monitor,24.3,717,104,0.14
content_9e2f3f2d8b39,client_4e07408562,47.0,monitor,monitor,5.4,3761,104,0.32
content_5e4e7b5040b9,client_4e07408562,47.0,monitor,monitor,26.7,470,13,0.43
content_deabeb979acb,client_4e07408562,47.0,monitor,monitor,16.1,2146,104,0.14
content_08eb507fdfc2,client_4e07408562,47.0,monitor,monitor,57.7,4222,104,0.05
content_676074f0d01d,client_8527a891e2,47.0,monitor,monitor,14.4,12,92,0.0
content_af276dd998e0,client_4e07408562,47.0,monitor,monitor,11.2,344,13,0.58
content_6e49b6d291af,client_4e07408562,47.0,monitor,monitor,19.5,2248,13,0.13
content_d03a54ef72a8,client_4e07408562,47.0,monitor,monitor,25.2,14076,25,0.2
content_f239c6b2fceb,client_8527a891e2,47.0,monitor,monitor,2.6,7,8,0.0
content_ea9db7a9f75b,client_4e07408562,47.0,monitor,monitor,4.3,3957,13,0.2
content_7c9b3e0182d1,client_4e07408562,47.0,monitor,monitor,8.0,27563,25,0.25
content_5dbab5726d5e,client_4e07408562,47.0,monitor,monitor,36.9,167,104,0.0
content_46b360d48f83,client_4e07408562,47.0,monitor,monitor,26.7,2777,13,0.18
content_a4df4a987bec,client_f369cb89fc,47.0,monitor,monitor,35.5,72,20,0.0
content_5498901f83fb,client_4e07408562,47.0,monitor,monitor,27.1,1242,13,0.24
content_132a80648ff5,client_f369cb89fc,47.0,monitor,monitor,4.4,24,20,4.17
content_3538e71354dc,client_4e07408562,47.0,monitor,monitor,4.0,2046,104,0.88
content_5c5c9a925d23,client_f369cb89fc,46.9,monitor,monitor,7.2,19,20,5.26
content_b35a7acdc3a8,client_8527a891e2,46.9,monitor,monitor,2.0,3,20,0.0
content_b0981fa41b7a,client_4e07408562,46.9,monitor,monitor,7.4,61930,25,0.16
content_0a38b4739f62,client_4e07408562,46.9,monitor,monitor,10.9,754,7,0.27
content_e6519623a098,client_f369cb89fc,46.9,monitor,monitor,22.3,18,20,0.0
content_f3fc70cb226d,client_4e07408562,46.9,monitor,monitor,20.5,2653,104,0.08
content_9abd76d902c3,client_4e07408562,46.9,monitor,monitor,20.8,2290,13,0.48
content_6bedb14141c9,client_e629fa6598,46.9,monitor,monitor,7.9,5641,22,0.11
content_9e3816a4198e,client_4e07408562,46.9,monitor,monitor,10.6,1650,13,0.18
content_09a0dcb0bb26,client_4e07408562,46.9,monitor,monitor,7.5,19180,25,0.16
content_d9cf8835e2a7,client_4e07408562,46.9,monitor,monitor,6.4,2529,104,0.36
content_d0b3e7ec062a,client_f369cb89fc,46.9,monitor,monitor,8.1,7,20,0.0
content_63f1438cb612,client_f369cb89fc,46.9,monitor,monitor,3.0,7,20,0.0
content_4668ed45b73e,client_8527a891e2,46.9,monitor,monitor,5.0,5,20,0.0
content_09916526d65e,client_f369cb89fc,46.9,monitor,monitor,54.9,402,20,0.0
content_753b8b5e0b81,client_8527a891e2,46.8,monitor,monitor,28.6,143,104,0.7
content_2cb5e2e836e6,client_e629fa6598,46.8,monitor,monitor,12.4,156,22,0.0
content_97703a2d36b7,client_8527a891e2,46.8,monitor,monitor,12.3,12,20,0.0
content_d15e6b71a021,client_8527a891e2,46.8,monitor,monitor,12.0,4,20,0.0
content_f68a0cf4e545,client_e629fa6598,46.8,monitor,monitor,10.9,139,22,0.0
content_466386c747aa,client_4e07408562,46.8,monitor,monitor,14.1,10554,25,0.24
content_56b20dc4693f,client_f369cb89fc,46.8,monitor,monitor,6.1,114,20,3.51
content_f258849b08ca,client_4e07408562,46.8,monitor,monitor,8.9,1457,13,0.41
content_5b328cf43d53,client_4e07408562,46.8,monitor,monitor,39.0,3144,104,0.0
content_a851ef13c4b5,client_8527a891e2,46.8,monitor,monitor,15.9,7,20,0.0
content_d8b40bc1326d,client_4e07408562,46.8,monitor,monitor,22.3,14886,25,0.28
content_5f3fbd7e5521,client_f369cb89fc,46.8,monitor,monitor,1.9,8,20,12.5
content_a200afcd5609,client_8527a891e2,46.7,monitor,monitor,17.0,9,98,0.0
content_c7da8834e84f,client_f369cb89fc,46.7,monitor,monitor,5.6,8,20,0.0
content_c3071ba6b02b,client_f369cb89fc,46.7,monitor,monitor,2.5,7872,20,0.98
content_2f51445dae6e,client_f369cb89fc,46.7,monitor,monitor,26.6,71,20,0.0
content_ac3d60f67cb8,client_4e07408562,46.7,monitor,monitor,48.7,282,104,0.0
content_344ddf4c03d6,client_4e07408562,46.7,monitor,monitor,13.7,43817,25,0.17
content_17e6df28a5d5,client_f369cb89fc,46.7,monitor,monitor,31.2,155,20,0.65
content_86185661ae1f,client_e629fa6598,46.7,monitor,monitor,6.7,188,22,0.0
content_1e9de4c9542e,client_e629fa6598,46.7,monitor,monitor,30.6,762,22,0.0
content_1033787c1e0e,client_8527a891e2,46.7,monitor,monitor,33.1,9,92,0.0
content_ed042e51f683,client_4e07408562,46.7,monitor,monitor,15.7,1948,104,0.41
content_8d0a8cbf9d1e,client_4e07408562,46.7,monitor,monitor,47.7,5090,104,0.0
content_1b8d40b05698,client_434c9b5ae5,46.7,monitor,monitor,8.0,3,89,0.0
content_2cb87e388022,client_4e07408562,46.7,monitor,monitor,32.1,6097,104,0.13
content_84b564f96061,client_4e07408562,46.7,monitor,monitor,50.9,1680,7,0.06
content_9de8749fb755,client_4e07408562,46.7,monitor,monitor,10.2,3447,14,0.55
content_4fe3714b9736,client_4e07408562,46.7,monitor,monitor,8.8,5274,25,0.32
content_8c5dcc367672,client_8527a891e2,46.7,monitor,monitor,8.5,2,103,0.0
content_124103b6a88e,client_8527a891e2,46.6,monitor,monitor,83.2,461,104,0.0
content_f78faba0af78,client_4e07408562,46.6,monitor,monitor,5.6,13011,104,0.55
content_dd4ac84ca18a,client_8527a891e2,46.6,monitor,monitor,16.1,49,20,0.0
content_95c980a35562,client_4e07408562,46.6,monitor,monitor,5.3,4019,104,0.3
content_eb3f1d1ef2ea,client_8527a891e2,46.6,monitor,monitor,1.4,7,8,0.0
content_3d49ab508c58,client_4e07408562,46.5,monitor,monitor,41.5,720,104,0.0
content_6ecc6812ff7b,client_8527a891e2,46.5,monitor,monitor,12.4,5,104,0.0
content_c24703aeed68,client_4e07408562,46.5,monitor,monitor,16.1,408,104,0.25
content_5d961699903f,client_e629fa6598,46.5,monitor,monitor,22.6,979,20,0.0
content_a0ebfeb791bf,client_f369cb89fc,46.5,monitor,monitor,2.7,7,8,0.0
content_9369f0b2380b,client_e629fa6598,46.5,monitor,monitor,7.6,360,20,0.28
content_414627c66f75,client_8527a891e2,46.5,monitor,monitor,15.6,8,102,0.0
content_e25a5ef7ae33,client_4e07408562,46.5,monitor,monitor,15.7,4610,25,0.15
content_291e5716005f,client_4e07408562,46.5,monitor,monitor,15.7,18834,25,0.13
content_94defa9a6783,client_f369cb89fc,46.5,monitor,monitor,6.2,19,20,0.0
content_c9fc2aac0673,client_f369cb89fc,46.5,monitor,monitor,22.1,26,20,0.0
content_5dbfd76e584f,client_4e07408562,46.5,monitor,monitor,5.9,36460,104,0.18
content_b9104a222d01,client_f369cb89fc,46.4,monitor,monitor,6.2,25,20,4.0
content_a1d3c702561a,client_e629fa6598,46.4,monitor,monitor,12.1,1606,22,0.19
content_805c94a358c1,client_4e07408562,46.4,monitor,monitor,16.9,610,13,0.33
content_9be3fc199752,client_434c9b5ae5,46.4,monitor,monitor,3.6,5,8,0.0
content_c18521c05222,client_8527a891e2,46.4,monitor,monitor,23.1,13,104,0.0
content_8c9b4df92b7b,client_f369cb89fc,46.4,monitor,monitor,5.2,10,8,0.0
content_b00fb34f71f7,client_d029fa3a95,46.4,monitor,monitor,27.8,2488,20,0.32
content_f0f639eb2f80,client_4e07408562,46.4,monitor,monitor,10.3,4506,25,0.71
content_a52c1485b2dd,client_f369cb89fc,46.4,monitor,monitor,42.6,314,20,0.32
content_5b60954a7dde,client_8527a891e2,46.4,monitor,monitor,42.9,85,104,1.18
content_ff48c7c2225b,client_f369cb89fc,46.4,monitor,monitor,7.1,30,20,3.33
content_ce2f6ebc3eea,client_d029fa3a95,46.3,monitor,monitor,5.5,36382,20,0.18
content_01dd96037a80,client_f369cb89fc,46.3,monitor,monitor,15.9,41427,8,0.31
content_eb183a3fdf61,client_f369cb89fc,46.3,monitor,monitor,5.2,6,8,0.0
content_2b7643543b19,client_8527a891e2,46.3,monitor,monitor,7.0,7,20,0.0
content_670b08a87508,client_4e07408562,46.3,monitor,monitor,6.6,6898,104,0.29
content_ccd5d403a598,client_e629fa6598,46.3,monitor,monitor,13.5,202,20,0.0
content_3b2ffe259549,client_d029fa3a95,46.3,monitor,monitor,28.5,54,20,0.0
content_0969af623440,client_4e07408562,46.3,monitor,monitor,8.4,3061,20,0.29
content_32b39bf12b85,client_4e07408562,46.3,monitor,monitor,9.3,2318,13,0.17
content_1254ff8eb21b,client_d029fa3a95,46.3,monitor,monitor,17.6,12,20,0.0
content_cea79ef51519,client_f369cb89fc,46.3,monitor,monitor,5.2,208798,20,0.23
content_0588cb9e1922,client_f369cb89fc,46.2,monitor,monitor,3.8,8,20,0.0
content_5b7fb45e8435,client_4e07408562,46.2,monitor,monitor,8.6,2803,13,0.43
content_a4d677c4395d,client_e629fa6598,46.2,monitor,monitor,27.6,853,22,0.0
content_e0b08ad65f5b,client_4e07408562,46.2,monitor,monitor,6.2,69460,14,0.12
content_fa81397b5422,client_4e07408562,46.2,monitor,monitor,22.0,2292,13,0.35
content_57efee64224c,client_8527a891e2,46.2,monitor,monitor,16.3,8,20,0.0
content_79878d990b26,client_8527a891e2,46.2,monitor,monitor,53.6,433,104,0.23
content_5ed756f018b6,client_f369cb89fc,46.2,monitor,monitor,4.1,8,8,0.0
content_5d01e2a93be7,client_e629fa6598,46.2,monitor,monitor,18.2,295,22,0.0
content_21b65e455525,client_4e07408562,46.2,monitor,monitor,5.0,58487,20,0.18
content_bd164997ed9b,client_f369cb89fc,46.2,monitor,monitor,4.7,13,20,0.0
content_c1ae3265aed4,client_4e07408562,46.2,monitor,monitor,12.2,1890,14,0.32
content_aed00caec333,client_f369cb89fc,46.2,monitor,monitor,12.5,17,20,0.0
content_314822ae53de,client_4e07408562,46.2,monitor,monitor,22.2,192,13,0.52
content_548036123034,client_f369cb89fc,46.2,monitor,monitor,4.6,5,20,0.0
content_c2710bb91ff3,client_4e07408562,46.1,monitor,monitor,19.9,12685,25,0.13
content_a01cdf6f5e79,client_f369cb89fc,46.1,monitor,monitor,5.1,11,20,9.09
content_4a078332f41c,client_8527a891e2,46.1,monitor,monitor,61.9,125,92,0.0
content_a16d664f3f07,client_e629fa6598,46.1,monitor,monitor,17.7,1196,22,0.25
content_de917854fd2a,client_8527a891e2,46.1,monitor,monitor,7.2,13,20,7.69
content_f58e588951ba,client_4e07408562,46.1,monitor,monitor,13.3,7017,25,0.26
content_de8e9909d824,client_8527a891e2,46.1,monitor,monitor,4.5,2,20,0.0
content_2f3532702ecc,client_4e07408562,46.1,monitor,monitor,6.6,7622,20,0.52
content_3504a42dccf2,client_4e07408562,46.1,monitor,monitor,13.8,628,7,0.32
content_b53c61eb766b,client_e629fa6598,46.1,monitor,monitor,8.2,77,22,0.0
content_d6d891125266,client_e629fa6598,46.1,monitor,monitor,7.8,8121,22,0.11
content_7f11755b690f,client_8527a891e2,46.1,monitor,monitor,8.3,15,20,0.0
content_3921a7d7066d,client_4e07408562,46.1,monitor,monitor,74.1,1625,104,0.0
content_a8178a8101ee,client_4e07408562,46.1,monitor,monitor,9.4,981,104,0.41
content_de8736cc0484,client_4e07408562,46.0,monitor,monitor,12.2,3206,20,0.28
content_51761c4f95a3,client_4e07408562,46.0,monitor,monitor,30.4,8995,14,0.21
content_5e387e075b1e,client_4e07408562,46.0,monitor,monitor,6.4,1125,104,0.18
content_4a24ce40377e,client_f369cb89fc,46.0,monitor,monitor,2.2,6,20,0.0
content_de74413100cf,client_4e07408562,46.0,monitor,monitor,9.3,74399,25,0.15
content_5888602cf5d2,client_8527a891e2,46.0,monitor,monitor,63.6,141,8,0.0
content_dc533773e97e,client_8527a891e2,46.0,monitor,monitor,15.5,6,104,0.0
content_e69538673155,client_4e07408562,46.0,monitor,monitor,27.7,6976,7,0.13
content_8a6c6eaff6c1,client_4e07408562,46.0,monitor,monitor,9.1,3221,13,0.53
content_c170ab55d53b,client_4e07408562,46.0,monitor,monitor,7.2,1573,7,0.45
content_39fdb8374b46,client_4e07408562,45.9,monitor,monitor,4.1,26771,104,0.52
content_f8f308d0b776,client_4e07408562,45.9,monitor,monitor,8.2,9770,25,0.44
content_73c2db014054,client_e629fa6598,45.9,monitor,monitor,45.6,357,22,0.0
content_d30f062eab20,client_4e07408562,45.9,monitor,monitor,12.4,1971,13,0.66
content_78434abcbc10,client_4e07408562,45.9,monitor,monitor,44.3,2428,7,0.08
content_a45145406e5f,client_8527a891e2,45.9,monitor,monitor,50.7,160,104,0.0
content_a0e0cffaef37,client_8527a891e2,45.9,monitor,monitor,15.2,6,98,0.0
content_9430301e2692,client_4e07408562,45.9,monitor,monitor,7.4,8122,25,0.52
content_29851de826f8,client_4e07408562,45.9,monitor,monitor,46.5,3979,104,0.15
content_823fd81e88da,client_4e07408562,45.9,monitor,monitor,12.3,7893,25,0.52
content_8b29757eee97,client_4e07408562,45.9,monitor,monitor,14.1,774,13,0.26
content_3bf9bfbc3e88,client_8527a891e2,45.9,monitor,monitor,5.3,4,20,0.0
content_617ce64d3266,client_4e07408562,45.9,monitor,monitor,25.1,217,104,0.46
content_7a09da8ecc46,client_4e07408562,45.9,monitor,monitor,6.4,1761,7,0.74
content_ed46f81f54d1,client_4e07408562,45.9,monitor,monitor,21.6,1862,13,0.27
content_8fe5aff59d1f,client_4e07408562,45.8,monitor,monitor,33.7,281,13,0.0
content_8533c9e2c066,client_8527a891e2,45.8,monitor,monitor,10.8,14,20,0.0
content_b573ebf82028,client_4e07408562,45.8,monitor,monitor,4.9,8742,20,0.37
content_082eb79ae608,client_8527a891e2,45.8,monitor,monitor,3.0,2,92,0.0
content_70c192d2e677,client_8527a891e2,45.8,monitor,monitor,0.6,5,8,0.0
content_6e2088b6b6b6,client_f369cb89fc,45.8,monitor,monitor,6.9,9,20,0.0
content_d50e451c8ce5,client_f369cb89fc,45.8,monitor,monitor,6.0,4,20,0.0
content_e38ce65f50a8,client_4e07408562,45.8,monitor,monitor,31.0,11667,20,0.1
content_f15b56cac59f,client_e629fa6598,45.8,monitor,monitor,7.7,7795,22,0.17
content_e172e24d3024,client_4e07408562,45.8,monitor,monitor,23.1,373,13,0.27
content_17ca7a51731c,client_4e07408562,45.8,monitor,monitor,18.7,16287,25,0.26
content_8d2efba45f13,client_4e07408562,45.8,monitor,monitor,63.1,370,104,0.0
content_f136cd37e105,client_8527a891e2,45.7,monitor,monitor,20.8,4,20,0.0
content_632fb68f9191,client_4e07408562,45.7,monitor,monitor,20.7,19160,25,0.07
content_64c9e22f23f7,client_8527a891e2,45.7,monitor,monitor,17.3,8,20,0.0
content_d63c11c0e82c,client_e629fa6598,45.7,monitor,monitor,23.4,158,22,0.0
content_5fb8424bac43,client_f369cb89fc,45.7,monitor,monitor,5.2,5,20,0.0
content_08eeb3ea4955,client_8527a891e2,45.7,monitor,monitor,69.3,117,104,0.0
content_b69b7a7bebd1,client_8527a891e2,45.7,monitor,monitor,20.8,13,104,0.0
content_f1743a78cb16,client_8527a891e2,45.7,monitor,monitor,2.0,3,92,0.0
content_8693951b77ad,client_8527a891e2,45.7,monitor,monitor,6.2,9,8,0.0
content_a62b745f8be3,client_8527a891e2,45.7,monitor,monitor,32.5,15,20,0.0
content_dc7b81fd2fff,client_4e07408562,45.7,monitor,monitor,43.9,837,104,0.12
content_95cf24054018,client_f369cb89fc,45.7,monitor,monitor,16.3,18367,20,0.42
content_a07e64a2cea4,client_4e07408562,45.7,monitor,monitor,19.3,460,13,0.43
content_d389b3cd65c2,client_f369cb89fc,45.7,monitor,monitor,5.0,349,20,2.58
content_76f30eda1e45,client_4e07408562,45.7,monitor,monitor,24.4,1090,13,0.09
content_c66f2e695f40,client_f369cb89fc,45.7,monitor,monitor,43.6,73,20,0.0
content_17dde6e2a013,client_f369cb89fc,45.7,monitor,monitor,16.8,42,20,2.38
content_2fcff7dd0889,client_4e07408562,45.7,monitor,monitor,7.8,7022,25,0.27
content_e56b47d2847f,client_4e07408562,45.7,monitor,monitor,5.5,2569,104,0.47
content_6bdf69aa45ec,client_4e07408562,45.7,monitor,monitor,4.8,29841,14,0.31
content_d116b2be0501,client_d029fa3a95,45.6,monitor,monitor,12.6,5,20,0.0
content_26da1548ae16,client_4e07408562,45.6,monitor,monitor,5.3,13450,14,0.26
content_e6441a0aadd5,client_f369cb89fc,45.6,monitor,monitor,5.8,12,20,0.0
content_90f84ecc4cca,client_4e07408562,45.6,monitor,monitor,43.9,951,104,0.0
content_23b5cceed86f,client_f369cb89fc,45.6,monitor,monitor,5.5,388,20,1.29
content_68679a49bd03,client_8527a891e2,45.6,monitor,monitor,12.7,6,20,0.0
content_468aa3110cc6,client_4e07408562,45.6,monitor,monitor,5.9,16951,104,0.09
content_6363a3126c33,client_f369cb89fc,45.6,monitor,monitor,31.6,34,20,0.0
content_69e92ae08f64,client_8527a891e2,45.6,monitor,monitor,12.3,8,104,0.0
content_6da233543753,client_4e07408562,45.6,monitor,monitor,10.0,1271,13,0.16
content_6dcaf630155b,client_f369cb89fc,45.6,monitor,monitor,13.3,9,20,0.0
content_d4d2bef70f5a,client_8527a891e2,45.6,monitor,monitor,19.2,12,104,0.0
content_bc9233c49b68,client_4e07408562,45.5,monitor,monitor,37.8,5503,104,0.04
content_7fd3b038c9e6,client_f369cb89fc,45.5,monitor,monitor,5.3,14,20,7.14
content_261dc1c0fb9c,client_4e07408562,45.5,monitor,monitor,9.0,20302,25,0.21
content_001707c6d170,client_f369cb89fc,45.5,monitor,monitor,6.2,6,8,0.0
content_2cde073b39dd,client_4e07408562,45.5,monitor,monitor,25.6,815,13,0.25
content_9eeb75a6bf3b,client_8527a891e2,45.5,monitor,monitor,6.0,1,20,0.0
content_7446b0b2cec2,client_4e07408562,45.5,monitor,monitor,10.7,1353,5,0.67
content_0b5d174e7744,client_f369cb89fc,45.5,monitor,monitor,6.1,10,20,0.0
content_b6163eb31d41,client_f369cb89fc,45.5,monitor,monitor,3.5,2,8,0.0
content_05a2af517f14,client_f369cb89fc,45.5,monitor,monitor,3.3,6901,20,0.93
content_686ca4a146ff,client_8527a891e2,45.5,monitor,monitor,25.3,15,20,0.0
content_4086da47e0d7,client_f369cb89fc,45.5,monitor,monitor,32.8,41,20,0.0
content_47c8976129fc,client_e629fa6598,45.4,monitor,monitor,52.1,2934,22,0.03
content_4a05d299cf1b,client_4e07408562,45.4,monitor,monitor,8.7,6317,25,0.6
content_8a4f4f22c861,client_4e07408562,45.4,monitor,monitor,25.4,2055,14,0.15
content_d7e06239830f,client_f369cb89fc,45.4,monitor,monitor,6.3,22,20,4.55
content_db6479551754,client_4e07408562,45.4,monitor,monitor,7.9,5697,25,0.09
content_3a4704b3910b,client_f369cb89fc,45.4,monitor,monitor,1.3,4,20,0.0
content_886b73d4b098,client_4e07408562,45.4,monitor,monitor,9.3,4892,25,0.51
content_0c366323d241,client_8527a891e2,45.4,monitor,monitor,2.0,1,92,0.0
content_02c0b7bcc4d2,client_4e07408562,45.4,monitor,monitor,19.2,2166,13,0.18
content_d87561fb614e,client_f369cb89fc,45.4,monitor,monitor,4.3,7803,20,0.79
content_7e7f437c608b,client_4e07408562,45.4,monitor,monitor,34.5,1340,7,0.15
content_a9a4194566d0,client_f369cb89fc,45.4,monitor,monitor,2.0,6,20,0.0
content_848adc98b9ce,client_8527a891e2,45.4,monitor,monitor,10.1,8,103,0.0
content_a8f687741c21,client_f369cb89fc,45.3,monitor,monitor,1.0,1,8,0.0
content_9ac3d96b5b48,client_4e07408562,45.3,monitor,monitor,13.6,1811,7,0.22
content_2da6ae9d0882,client_e629fa6598,45.3,monitor,monitor,13.9,297,20,0.34
content_0c0d41e86269,client_f369cb89fc,45.3,monitor,monitor,54.5,333,20,0.0
content_1559ee264f78,client_4e07408562,45.3,monitor,monitor,9.9,9299,25,0.19
content_8ee575f72d40,client_f369cb89fc,45.3,monitor,monitor,1.4,5,20,0.0
content_e8baefc221d3,client_8527a891e2,45.3,monitor,monitor,20.4,7,104,0.0
content_405cbd1b3550,client_f369cb89fc,45.3,monitor,monitor,4.0,10,8,0.0
content_66849e29a8eb,client_4e07408562,45.3,monitor,monitor,6.5,22251,25,0.21
content_063b45493d44,client_f369cb89fc,45.3,monitor,monitor,8.5,6,20,0.0
content_f3a6399711da,client_4e07408562,45.3,monitor,monitor,5.4,1162,104,0.09
content_7f489ad8915c,client_4e07408562,45.3,monitor,monitor,8.5,8777,25,0.24
content_1ff006fc1ff9,client_4e07408562,45.3,monitor,monitor,25.8,1056,13,0.19
content_45b120bb0885,client_4e07408562,45.2,monitor,monitor,9.6,5374,25,0.24
content_7bf3ad78487a,client_8527a891e2,45.2,monitor,monitor,51.5,296,104,0.34
content_a6d7eae49665,client_f369cb89fc,45.2,monitor,monitor,0.8,4,20,0.0
content_6f24984bd099,client_4e07408562,45.2,monitor,monitor,21.2,432,104,0.0
content_aef354fe0cbd,client_f369cb89fc,45.2,monitor,monitor,6.8,4,124,0.0
content_99e950310e54,client_8527a891e2,45.2,monitor,monitor,10.2,10,20,0.0
content_06dd592a7b5e,client_8527a891e2,45.2,monitor,monitor,8.8,5,92,0.0
content_adb019dcde61,client_4e07408562,45.2,monitor,monitor,5.7,2898,104,0.31
content_cb889e05f912,client_4e07408562,45.1,monitor,monitor,28.5,2059,7,0.19
content_c1c66337d0ba,client_8527a891e2,45.1,monitor,monitor,6.5,6,20,0.0
content_1505ce3bb377,client_8527a891e2,45.1,monitor,monitor,3.0,1,98,0.0
content_365cced53e3e,client_f369cb89fc,45.1,monitor,monitor,2.2,5,8,0.0
content_55e155d5dddd,client_4e07408562,45.1,monitor,monitor,14.4,8434,25,0.26
content_4809d1306cd4,client_4e07408562,45.1,monitor,monitor,10.2,470,13,0.43
content_ad42c19afcdb,client_f369cb89fc,45.1,monitor,monitor,22.4,14,20,0.0
content_dfb3be68b7c7,client_8527a891e2,45.1,monitor,monitor,8.1,10,104,0.0
content_ace104f58973,client_4e07408562,45.1,monitor,monitor,19.8,563,13,0.36
content_01618358b525,client_4e07408562,45.1,monitor,monitor,7.9,2110,13,0.09
content_5dbc18c7697f,client_f369cb89fc,45.1,monitor,monitor,6.1,22,20,4.55
content_ed77f6eb13ea,client_e629fa6598,45.1,monitor,monitor,60.9,1989,20,0.0
content_3315313d6930,client_f369cb89fc,45.1,monitor,monitor,3.8,9,20,0.0
content_14b00ef222c4,client_8527a891e2,45.0,monitor,monitor,6.7,3,104,0.0
content_bc16ae58b10d,client_8527a891e2,45.0,monitor,monitor,13.0,14,20,0.0
content_1e7e9344ae09,client_8527a891e2,45.0,monitor,monitor,10.1,17,20,0.0
content_3335b2a38d5f,client_8527a891e2,45.0,monitor,monitor,30.3,11,103,0.0
content_6fa19b4611d7,client_8527a891e2,45.0,monitor,monitor,10.4,31,104,0.0
content_bb1ac706f47d,client_8527a891e2,45.0,monitor,monitor,3.0,3,20,0.0
content_b8dab8a0987f,client_4e07408562,45.0,monitor,monitor,8.5,405,104,0.49
content_2851eb1b0839,client_4e07408562,45.0,monitor,monitor,11.0,2964,13,0.3
content_20073d619610,client_4e07408562,45.0,monitor,monitor,51.0,4546,104,0.02
content_a5b06020eb2e,client_4e07408562,45.0,monitor,monitor,10.3,197,13,0.51
content_42605406bb2e,client_4e07408562,44.9,monitor,monitor,11.2,7816,25,0.5
content_f8d0a67e22fc,client_f369cb89fc,44.9,monitor,monitor,10.9,224,20,2.23
content_2ac6d92eda6c,client_4e07408562,44.9,monitor,monitor,5.7,17951,14,0.45
content_516d51b2955c,client_4e07408562,44.9,monitor,monitor,4.0,7965,20,0.84
content_ac0c3399dc03,client_e629fa6598,44.9,monitor,monitor,8.4,2960,22,0.03
content_a18a8aaed4a6,client_f369cb89fc,44.9,monitor,monitor,25.5,106,20,1.89
content_cff1608c60c4,client_8527a891e2,44.9,monitor,monitor,4.0,6,8,0.0
content_55f2315999cd,client_f369cb89fc,44.9,monitor,monitor,4.9,7,8,0.0
content_0ee62fc45459,client_bdd2d3af3a,44.9,monitor,monitor,6.7,56,20,3.57
content_0929b60950cb,client_4e07408562,44.9,monitor,monitor,11.9,2276,7,0.48
content_1742db057782,client_4e07408562,44.8,monitor,monitor,5.1,8079,13,0.82
content_6a035954876f,client_f369cb89fc,44.8,monitor,monitor,2.0,1,8,0.0
content_20a46ffa0f35,client_e629fa6598,44.8,monitor,monitor,24.2,404,22,0.0
content_a2713a5c710c,client_4e07408562,44.8,monitor,monitor,7.1,17733,25,0.24
content_f71b51242c56,client_f369cb89fc,44.8,monitor,monitor,10.1,47,20,2.13
content_6bb324a4b763,client_f369cb89fc,44.8,monitor,monitor,5.2,6,20,0.0
content_005d94fedb88,client_f369cb89fc,44.8,monitor,monitor,4.3,12,20,0.0
content_f0328d08cef9,client_8527a891e2,44.8,monitor,monitor,5.0,3,8,0.0
content_d32b28c9bae4,client_f369cb89fc,44.8,monitor,monitor,4.5,4,20,0.0
content_5bc63535003b,client_f369cb89fc,44.7,monitor,monitor,10.8,8,20,0.0
content_abe942de6952,client_f369cb89fc,44.7,monitor,monitor,20.4,16,8,0.0
content_2a0e5d999eb3,client_8527a891e2,44.7,monitor,monitor,4.0,1,104,0.0
content_e8699111381e,client_8527a891e2,44.7,monitor,monitor,8.3,4,8,0.0
content_c358125a167f,client_e629fa6598,44.7,monitor,monitor,8.0,1076,22,0.19
content_1b2599d94e29,client_8527a891e2,44.7,monitor,monitor,24.4,5,98,0.0
content_7799c7a38d8f,client_e629fa6598,44.7,monitor,monitor,6.7,73,22,0.0
content_87d0b0fed1c1,client_e629fa6598,44.7,monitor,monitor,7.7,421,22,0.24
content_fb15ed71f582,client_4e07408562,44.7,monitor,monitor,10.4,618,7,0.65
content_c00a56f387ba,client_8527a891e2,44.7,monitor,monitor,5.0,1,8,0.0
content_3c97b2d97f82,client_4e07408562,44.7,monitor,monitor,25.5,355,13,0.28
content_6c550167a36d,client_e629fa6598,44.7,monitor,monitor,22.6,218,20,0.46
content_793b7376a0e5,client_8527a891e2,44.7,monitor,monitor,55.8,64,20,0.0
content_163653924794,client_8527a891e2,44.7,monitor,monitor,18.4,11,103,0.0
content_93de0089bfe5,client_4e07408562,44.6,monitor,monitor,12.5,16580,25,0.41
content_dc4aa707636e,client_4e07408562,44.6,monitor,monitor,7.6,5941,25,0.47
content_ac2e5217e4f1,client_8527a891e2,44.6,monitor,monitor,15.5,4,92,0.0
content_d65aedae4975,client_8527a891e2,44.6,monitor,monitor,30.8,165,20,0.0
content_8454508fb369,client_4e07408562,44.6,monitor,monitor,45.9,891,104,0.0
content_cc797aa549c7,client_8527a891e2,44.6,monitor,monitor,4.8,8,103,0.0
content_c7e4dcbaae4a,client_f369cb89fc,44.6,monitor,monitor,3.0,3,20,0.0
content_6e2f3780a39e,client_f369cb89fc,44.6,monitor,monitor,7.3,23,20,4.35
content_503abe4cad3a,client_8527a891e2,44.6,monitor,monitor,7.0,2,20,0.0
content_9be18970d557,client_8527a891e2,44.6,monitor,monitor,34.3,139,20,0.0
content_e85fdb527b85,client_8527a891e2,44.6,monitor,monitor,9.0,3,104,0.0
content_2b084c9efd91,client_4e07408562,44.6,monitor,monitor,7.9,321,13,0.0
content_86f3362eefc9,client_8527a891e2,44.6,monitor,monitor,11.2,10,20,0.0
content_f3c7143e3354,client_8527a891e2,44.5,monitor,monitor,11.4,7,103,0.0
content_5a639aa6d642,client_8527a891e2,44.5,monitor,monitor,3.5,2,92,0.0
content_77c2de24ad94,client_f369cb89fc,44.5,monitor,monitor,5.0,1832,20,1.8
content_8551d2e9f9ca,client_4e07408562,44.5,monitor,monitor,26.9,686,13,0.44
content_4f2533184943,client_e629fa6598,44.5,monitor,monitor,19.4,1010,22,0.1
content_5c760dfcec68,client_4e07408562,44.5,monitor,monitor,27.3,70,20,0.0
content_43756d6227dd,client_8527a891e2,44.5,monitor,monitor,9.0,1,92,0.0
content_01de991d8888,client_e629fa6598,44.5,monitor,monitor,9.4,131,22,0.0
content_0f13b329aacb,client_4e07408562,44.5,monitor,monitor,26.1,302,104,0.33
content_430834d9caa6,client_4e07408562,44.5,monitor,monitor,25.4,885,13,0.34
content_99e81d2d0de1,client_8527a891e2,44.5,monitor,monitor,18.6,10,20,0.0
content_2c397ee9fc2b,client_f369cb89fc,44.5,monitor,monitor,43.6,86,20,0.0
content_c52c90c985dd,client_8527a891e2,44.5,monitor,monitor,14.3,4,98,0.0
content_47055dd56ef5,client_8527a891e2,44.5,monitor,monitor,38.5,31,20,0.0
content_dc67ab936666,client_e629fa6598,44.4,monitor,monitor,31.7,3396,22,0.06
content_9a5be97ce13c,client_bdd2d3af3a,44.4,monitor,monitor,9.6,7,20,0.0
content_ffc060f09c4c,client_4e07408562,44.4,monitor,monitor,36.1,133,20,0.0
content_7445048ec90b,client_8527a891e2,44.4,monitor,monitor,5.5,8,104,0.0
content_f8383c3435c7,client_8527a891e2,44.4,monitor,monitor,18.9,10,8,0.0
content_7fca9ecf75c0,client_f369cb89fc,44.4,monitor,monitor,3.3,8,20,0.0
content_f723386d3487,client_4e07408562,44.4,monitor,monitor,15.8,178,13,1.12
content_5fa0d2041379,client_4e07408562,44.4,monitor,monitor,51.0,292,104,0.0
content_6de8c512827f,client_4e07408562,44.4,monitor,monitor,28.0,2521,13,0.36
content_5d003ca169d3,client_8527a891e2,44.4,monitor,monitor,3.5,2,20,0.0
content_9b24023c059f,client_f369cb89fc,44.4,monitor,monitor,11.1,8,20,0.0
content_c03fcbd69eb7,client_d029fa3a95,44.4,monitor,monitor,11.0,2,20,0.0
content_bac3ceaede0e,client_8527a891e2,44.4,monitor,monitor,14.7,6,104,0.0
content_201a4a56f4d6,client_8527a891e2,44.4,monitor,monitor,1.0,2,98,0.0
content_39eaae5bce4a,client_4e07408562,44.4,monitor,monitor,9.9,4444,25,0.41
content_65b1c7d69af0,client_8527a891e2,44.4,monitor,monitor,3.0,3,104,0.0
content_c7db49821748,client_f369cb89fc,44.4,monitor,monitor,3.2,5,8,0.0
content_b567edd38e17,client_4e07408562,44.4,monitor,monitor,24.6,1109,7,0.54
content_5d6c8d441274,client_f369cb89fc,44.4,monitor,monitor,15.9,17,20,0.0
content_16cea6dfd98d,client_4e07408562,44.4,monitor,monitor,8.6,627,13,0.0
content_cd03fd02ad0f,client_4e07408562,44.4,monitor,monitor,25.6,863,104,0.12
content_771d1c101cda,client_f369cb89fc,44.4,monitor,monitor,6.8,29,20,3.45
content_f0e867fbba2d,client_4e07408562,44.3,monitor,monitor,5.0,23166,20,0.5
content_a9ca10b9f6d8,client_4e07408562,44.3,monitor,monitor,20.9,2126,7,0.47
content_46556f2240aa,client_f369cb89fc,44.3,monitor,monitor,4.8,27781,20,0.44
content_6f66c8d9c5b5,client_4e07408562,44.3,monitor,monitor,16.9,8027,25,0.19
content_7280552cadf0,client_e629fa6598,44.3,monitor,monitor,22.3,2120,22,0.19
content_d50a0cf19bc3,client_4e07408562,44.3,monitor,monitor,42.0,9843,20,0.06
content_17c2de35424d,client_8527a891e2,44.3,monitor,monitor,1.0,3,103,0.0
content_d809f53c0681,client_d029fa3a95,44.3,monitor,monitor,42.9,71,8,0.0
content_36c98f102a8d,client_e629fa6598,44.3,monitor,monitor,6.7,92,22,0.0
content_c9147cda01f0,client_4e07408562,44.3,monitor,monitor,7.7,27576,25,0.28
content_8945388e1fc3,client_f369cb89fc,44.3,monitor,monitor,5.6,5,8,0.0
content_712fbbbb3481,client_f369cb89fc,44.3,monitor,monitor,1.0,5,20,0.0
content_2beb015efc3b,client_f369cb89fc,44.2,monitor,monitor,12.8,6,20,0.0
content_236fdad5bfb8,client_f369cb89fc,44.2,monitor,monitor,2.8,19,20,5.26
content_6d0fa302a283,client_8527a891e2,44.2,monitor,monitor,13.7,22,20,0.0
content_eb394c77c762,client_f369cb89fc,44.2,monitor,monitor,7.9,329,20,2.13
content_80d1246ba555,client_f369cb89fc,44.2,monitor,monitor,20.1,18,20,0.0
content_27e6ada72037,client_f369cb89fc,44.2,monitor,monitor,2.0,2,8,0.0
content_908eb37ffde0,client_f369cb89fc,44.2,monitor,monitor,4.5,6,8,0.0
content_3864816aa8ee,client_e629fa6598,44.2,monitor,monitor,16.1,4294,22,0.12
content_ffc464755d07,client_8527a891e2,44.2,monitor,monitor,27.4,15,20,0.0
content_7bb178f70036,client_f369cb89fc,44.2,monitor,monitor,12.1,9,20,0.0
content_94cfdb2ced37,client_4e07408562,44.1,monitor,monitor,6.6,768,104,0.26
content_a005947b4184,client_f369cb89fc,44.1,monitor,monitor,2.6,5,20,0.0
content_2234af1a7aa0,client_d029fa3a95,44.1,monitor,monitor,16.8,8,20,0.0
content_42452f42c008,client_f369cb89fc,44.1,monitor,monitor,15.2,23,20,0.0
content_655bba05d0ab,client_f369cb89fc,44.1,monitor,monitor,4.5,2,20,0.0
content_7a24738c1004,client_4e07408562,44.1,monitor,monitor,5.8,11012,20,0.31
content_322ac9c5f39f,client_4e07408562,44.1,monitor,monitor,16.0,20014,25,0.25
content_c857b94269c6,client_8527a891e2,44.1,monitor,monitor,46.6,55,104,0.0
content_d97106195640,client_f369cb89fc,44.1,monitor,monitor,19.2,68,20,1.47
content_d41fcbf17a8a,client_4e07408562,44.1,monitor,monitor,7.3,6699,25,0.31
content_73ac7b16944a,client_e629fa6598,44.1,monitor,monitor,32.5,729,22,0.0
content_6cb62b0178a7,client_8527a891e2,44.1,monitor,monitor,2.0,1,8,0.0
content_f9a8592bbb17,client_bdd2d3af3a,44.1,monitor,monitor,6.6,3233,20,1.18
content_2f0d111f7ba6,client_4e07408562,44.1,monitor,monitor,12.3,2744,13,0.4
content_7ec48009a9f2,client_e629fa6598,44.1,monitor,monitor,36.4,357,20,0.0
content_0e32afb161b0,client_8527a891e2,44.1,monitor,monitor,43.6,47,104,0.0
content_f33bb11b4c2d,client_f369cb89fc,44.1,monitor,monitor,4.9,7,8,0.0
content_68fb5ccdc5a2,client_8527a891e2,44.1,monitor,monitor,13.3,8,20,0.0
content_a060b47e2355,client_8527a891e2,44.1,monitor,monitor,10.9,17,20,0.0
content_3c2ef1901bee,client_4e07408562,44.0,monitor,monitor,17.1,3040,14,0.16
content_5d19d2275db8,client_4e07408562,44.0,monitor,monitor,5.9,3649,7,0.49
content_26c2fdd8c0ac,client_4e07408562,44.0,monitor,monitor,13.3,3465,13,0.69
content_7fe7914ad0e0,client_4e07408562,44.0,monitor,monitor,9.6,1812,7,0.17
content_b5580fff8dcb,client_8527a891e2,44.0,monitor,monitor,72.0,259,20,0.0
content_b31aec9ff709,client_e629fa6598,44.0,monitor,monitor,8.4,94,20,0.0
content_21451907bcab,client_434c9b5ae5,44.0,monitor,monitor,28.2,74,20,0.0
content_624b2fd8dca5,client_8527a891e2,44.0,monitor,monitor,4.8,5,104,0.0
content_5a3ff6c13f43,client_8527a891e2,44.0,monitor,monitor,18.2,17,104,0.0
content_a4f5499a6122,client_4e07408562,44.0,monitor,monitor,17.5,759,13,0.53
content_413796c28a95,client_4e07408562,44.0,monitor,monitor,16.0,1586,13,0.25
content_09c517a3b56d,client_4e07408562,44.0,monitor,monitor,4.6,1027,104,0.68
content_ab3dcd0f960b,client_4e07408562,44.0,monitor,monitor,25.2,2931,13,0.41
content_426e2f454940,client_8527a891e2,44.0,monitor,monitor,8.3,4,104,0.0
content_15cfbe902e41,client_4e07408562,44.0,monitor,monitor,31.4,2873,104,0.14
content_ed6d0c40cf19,client_4e07408562,44.0,monitor,monitor,47.0,8954,20,0.08
content_4b60f0aa0601,client_8527a891e2,44.0,monitor,monitor,8.3,6,8,0.0
content_20f30ca9c2b1,client_f369cb89fc,44.0,monitor,monitor,4.8,23,20,0.0
content_afc42ff6c1f7,client_f369cb89fc,43.9,monitor,monitor,5.7,11,20,0.0
content_178bd4fd50c3,client_8527a891e2,43.9,monitor,monitor,19.0,30,20,0.0
content_755ee703ed7a,client_f369cb89fc,43.9,monitor,monitor,5.6,5,8,0.0
content_e05f3d9b6945,client_e629fa6598,43.9,monitor,monitor,8.7,455,20,0.0
content_8045caf2bb16,client_e629fa6598,43.9,monitor,monitor,10.9,53,22,0.0
content_aa512432a9b2,client_4e07408562,43.9,monitor,monitor,23.1,2776,14,0.47
content_cbe05c25a612,client_f369cb89fc,43.9,monitor,monitor,6.1,194,20,2.58
content_5c9c124097bc,client_4e07408562,43.9,monitor,monitor,7.1,4444,14,0.23
content_94d5e9cbd5d0,client_4e07408562,43.9,monitor,monitor,12.0,2921,13,0.31
content_9d477524d051,client_8527a891e2,43.9,monitor,monitor,1.5,2,20,0.0
content_ae8502b547de,client_4e07408562,43.9,monitor,monitor,38.4,3714,104,0.05
content_fe2a5f204cbd,client_8527a891e2,43.9,monitor,monitor,1.8,19,20,5.26
content_3ee1a418a1ff,client_8527a891e2,43.9,monitor,monitor,56.9,1421,104,0.14
content_0789d4559aa4,client_8527a891e2,43.8,monitor,monitor,34.9,19,20,0.0
content_39e71545d840,client_4e07408562,43.8,monitor,monitor,12.3,6283,25,0.43
content_4dc2c9e3f748,client_4e07408562,43.8,monitor,monitor,31.1,4548,13,0.2
content_93f25ee7d65d,client_4e07408562,43.8,monitor,monitor,4.2,10603,14,0.48
content_70b4376c2faa,client_d029fa3a95,43.8,monitor,monitor,5.8,17,20,5.88
content_611615ca6d4a,client_8527a891e2,43.8,monitor,monitor,9.6,5,98,0.0
content_e68467f4f883,client_4e07408562,43.8,monitor,monitor,24.0,1943,14,0.31
content_372449a18879,client_4e07408562,43.8,monitor,monitor,15.3,8049,25,0.5
content_f4136f6033ae,client_f369cb89fc,43.8,monitor,monitor,4.4,5,20,0.0
content_ead020fd600b,client_f369cb89fc,43.8,monitor,monitor,3.5,2,20,0.0
content_3d2aab459562,client_8527a891e2,43.8,monitor,monitor,12.1,11,20,0.0
content_3cdc1b30d728,client_f369cb89fc,43.8,monitor,monitor,39.0,45,20,0.0
content_d951985a1391,client_8527a891e2,43.8,monitor,monitor,16.0,23,104,0.0
content_fc34f96731ff,client_f369cb89fc,43.8,monitor,monitor,43.7,76,20,0.0
content_c33897073127,client_e629fa6598,43.8,monitor,monitor,12.6,648,22,0.31
content_bbfde34e9284,client_4e07408562,43.8,monitor,monitor,3.4,4921,104,0.87
content_a87f21d52681,client_4e07408562,43.8,monitor,monitor,7.8,5076,13,0.39
content_98873bc7ee8f,client_f369cb89fc,43.8,monitor,monitor,3.8,6,20,0.0
content_47fbca263b16,client_f369cb89fc,43.8,monitor,monitor,8.8,5,20,0.0
content_2c8956be0d58,client_4e07408562,43.7,monitor,monitor,12.2,16811,25,0.1
content_9c94ce9a26b5,client_f369cb89fc,43.7,monitor,monitor,0.3,3,8,0.0
content_8746651a8d7c,client_4e07408562,43.7,monitor,monitor,49.1,65,104,0.0
content_4502b805a249,client_4e07408562,43.7,monitor,monitor,7.9,8638,25,0.86
content_2b8bf3b855a2,client_4e07408562,43.7,monitor,monitor,23.5,1014,13,0.59
content_b767749a5f38,client_4e07408562,43.7,monitor,monitor,5.1,18458,13,0.3
content_6b87c3d0fc08,client_f369cb89fc,43.7,monitor,monitor,1.3,3,8,0.0
content_5c97197b4049,client_4e07408562,43.7,monitor,monitor,19.8,2378,7,0.13
content_4457e91aa4ef,client_8527a891e2,43.7,monitor,monitor,27.3,9,8,0.0
content_0ee9b22a5999,client_4e07408562,43.6,monitor,monitor,6.6,219,104,0.46
content_e5cc4f709373,client_d029fa3a95,43.6,monitor,monitor,17.5,8,8,0.0
content_d39a41ec2a0e,client_8527a891e2,43.6,monitor,monitor,1.0,2,20,0.0
content_720f4b195ab8,client_e629fa6598,43.6,monitor,monitor,8.8,579,22,0.17
content_380fcdf9e1a8,client_8527a891e2,43.6,monitor,monitor,17.4,20,20,0.0
content_a9c15ac24367,client_e629fa6598,43.6,monitor,monitor,7.6,172,20,0.0
content_eb2f30558e0e,client_d029fa3a95,43.6,monitor,monitor,23.2,18,20,0.0
content_194943497a85,client_f369cb89fc,43.6,monitor,monitor,6.7,13,8,0.0
content_db222ee144e9,client_e629fa6598,43.6,monitor,monitor,7.9,177,20,0.0
content_4db66d3d418c,client_4e07408562,43.6,monitor,monitor,28.2,553,13,0.0
content_93398333ccfb,client_e629fa6598,43.6,monitor,monitor,14.8,694,22,0.29
content_eea4d12e179b,client_e629fa6598,43.6,monitor,monitor,10.7,165,20,0.0
content_793c1449c556,client_4e07408562,43.6,monitor,monitor,39.1,168,104,0.0
content_ac46699625cd,client_8527a891e2,43.6,monitor,monitor,57.1,218,20,0.0
content_0422992eb963,client_f369cb89fc,43.5,monitor,monitor,8.6,7,20,0.0
content_b5518d4f3fea,client_4e07408562,43.5,monitor,monitor,6.2,3822,104,0.37
content_5fd6ce0b4236,client_8527a891e2,43.5,monitor,monitor,5.0,3,92,0.0
content_36ae8f8944d6,client_f369cb89fc,43.5,monitor,monitor,5.0,9,8,0.0
content_2e3ed35f801f,client_4e07408562,43.5,monitor,monitor,6.7,7587,7,0.29
content_3fd146b093c7,client_f369cb89fc,43.5,monitor,monitor,13.8,23,20,4.35
content_b870531044a5,client_e629fa6598,43.4,monitor,monitor,13.2,79,20,0.0
content_d37b32691eb4,client_4e07408562,43.4,monitor,monitor,7.2,16323,25,0.34
content_82572b951646,client_4e07408562,43.4,monitor,monitor,4.6,80655,14,0.25
content_0e70a832cb7a,client_4e07408562,43.4,monitor,monitor,22.6,173450,25,0.04
content_278982959883,client_8527a891e2,43.4,monitor,monitor,67.4,151,104,0.0
content_5cadc087c21a,client_4e07408562,43.4,monitor,monitor,9.8,1540,13,0.45
content_9955f4a562ef,client_4e07408562,43.4,monitor,monitor,6.2,28901,20,0.36
content_cb5611d87825,client_4e07408562,43.4,monitor,monitor,59.4,3781,104,0.05
content_75bbe9161b5d,client_8527a891e2,43.4,monitor,monitor,9.0,1,102,0.0
content_8eb23fb822ff,client_4e07408562,43.4,monitor,monitor,5.3,6985,13,0.6
content_7b3e020817ae,client_8527a891e2,43.4,monitor,monitor,4.3,3,92,0.0
content_156ec98bccba,client_f369cb89fc,43.3,monitor,monitor,3.4,5,8,0.0
content_d4e21a886ef8,client_4e07408562,43.3,monitor,monitor,5.7,10376,14,0.48
content_fefb9be71325,client_e629fa6598,43.3,monitor,monitor,7.6,144,20,0.0
content_3ca6b7126623,client_8527a891e2,43.3,monitor,monitor,29.0,22,20,0.0
content_c73439529814,client_8527a891e2,43.3,monitor,monitor,15.8,10,20,0.0
content_fd1cb7ce68f8,client_8527a891e2,43.3,monitor,monitor,17.9,8,104,0.0
content_37af3f678ecf,client_4e07408562,43.3,monitor,monitor,16.5,1368,13,0.22
content_a9826bd63b56,client_8527a891e2,43.3,monitor,monitor,3.0,2,103,0.0
content_5ac91b2d8b38,client_8527a891e2,43.3,monitor,monitor,72.9,354,104,0.0
content_de3344df3971,client_e629fa6598,43.3,monitor,monitor,47.0,463,22,0.0
content_baa2b50f271a,client_4e07408562,43.3,monitor,monitor,5.0,49936,104,0.25
content_6c3ce93e9680,client_4e07408562,43.3,monitor,monitor,14.5,2312,13,0.17
content_f834aa112122,client_f369cb89fc,43.3,monitor,monitor,24.1,22,20,0.0
content_7585e0f05e8b,client_d029fa3a95,43.3,monitor,monitor,15.8,31,20,0.0
content_55f8a29e2850,client_f369cb89fc,43.3,monitor,monitor,3.3,4,8,0.0
content_4688b93476a1,client_8527a891e2,43.3,monitor,monitor,17.5,4,104,0.0
content_c62c6e689038,client_4e07408562,43.2,monitor,monitor,10.0,1846,13,0.43
content_dfd3e6b03229,client_e629fa6598,43.2,monitor,monitor,24.1,184,20,0.0
content_203ee255b107,client_8527a891e2,43.2,monitor,monitor,22.9,362,104,1.38
content_908524a6828a,client_4e07408562,43.2,monitor,monitor,26.0,5676,25,0.39
content_5c36584161ef,client_8527a891e2,43.2,monitor,monitor,7.6,10,20,0.0
content_b4c32cbc78f6,client_4e07408562,43.2,monitor,monitor,12.6,4744,14,0.36
content_89bb2df725d0,client_bdd2d3af3a,43.2,monitor,monitor,3.9,8,8,0.0
content_5e4f1761806f,client_4e07408562,43.2,monitor,monitor,24.9,1965,7,0.46
content_9bab10667e8a,client_e629fa6598,43.2,monitor,monitor,25.1,607,22,0.16
content_a8e7c7cb4285,client_4e07408562,43.1,monitor,monitor,13.8,1081,7,0.46
content_52a0cf81179f,client_8527a891e2,43.1,monitor,monitor,61.3,77,104,0.0
content_142a0115209d,client_4e07408562,43.1,monitor,monitor,9.4,6503,25,0.37
content_d59fd5fe3b83,client_8527a891e2,43.1,monitor,monitor,44.8,129,104,0.0
content_86398e14cd53,client_4e07408562,43.1,monitor,monitor,30.6,9788,20,0.29
content_84d49c815397,client_4e07408562,43.1,monitor,monitor,21.2,1067,13,0.66
content_337aed6750c0,client_4e07408562,43.1,monitor,monitor,7.9,3584,13,0.56
content_be6adc2dbd63,client_4e07408562,43.1,monitor,monitor,12.7,3006,13,0.23
content_a610c1a64952,client_4e07408562,43.1,monitor,monitor,7.2,31284,25,0.36
content_60f6f7c82d6c,client_4e07408562,43.1,monitor,monitor,37.7,295,104,0.0
content_ada5a4ef9650,client_4e07408562,43.1,monitor,monitor,28.5,2156,14,0.28
content_aa2c05aee8a3,client_8527a891e2,43.0,monitor,monitor,52.0,82,102,0.0
content_01e6f180a032,client_8527a891e2,43.0,monitor,monitor,62.2,121,104,0.0
content_d55f9f377e5f,client_4e07408562,43.0,monitor,monitor,28.4,3360,20,0.24
content_e171a326dae2,client_e629fa6598,43.0,monitor,monitor,10.3,220,20,0.0
content_59d8f372c6f6,client_8527a891e2,43.0,monitor,monitor,27.9,16,20,0.0
content_040cd062a4cd,client_8527a891e2,43.0,monitor,monitor,3.0,1,8,0.0
content_9a7bf93d67da,client_4e07408562,43.0,monitor,monitor,24.1,431,13,0.0
content_5b2da7d78158,client_8527a891e2,43.0,monitor,monitor,22.8,4,20,0.0
content_ec5ed4cd5e41,client_4e07408562,43.0,monitor,monitor,8.1,271,13,0.0
content_9fdeb7a636e7,client_4e07408562,43.0,monitor,monitor,21.0,1646,14,0.67
content_873843eb5aa4,client_8527a891e2,43.0,monitor,monitor,0.5,2,20,0.0
content_a8c40fb2c87a,client_8527a891e2,43.0,monitor,monitor,3.3,3,20,0.0
content_ca8a4b9161eb,client_4e07408562,42.9,monitor,monitor,37.8,2740,104,0.26
content_a72c3d511056,client_4e07408562,42.9,monitor,monitor,34.1,2531,7,0.04
content_fe49ee6b87c4,client_f369cb89fc,42.9,monitor,monitor,2.6,5,20,0.0
content_9e3b6a5b09fd,client_8527a891e2,42.9,monitor,monitor,15.9,8,104,0.0
content_ace2126da180,client_e629fa6598,42.9,monitor,monitor,8.7,82,20,0.0
content_647f7e8b6a61,client_8527a891e2,42.9,monitor,monitor,2.7,3,102,0.0
content_74aa486106a1,client_4e07408562,42.9,monitor,monitor,8.7,14173,25,0.4
content_2e145e80dd08,client_f369cb89fc,42.9,monitor,monitor,3.3,4,20,0.0
content_abf0b1933511,client_8527a891e2,42.9,monitor,monitor,64.4,52,20,0.0
content_a34c1e4b676d,client_e629fa6598,42.8,monitor,monitor,7.5,218,22,0.0
content_a0f2c6f4145c,client_4e07408562,42.8,monitor,monitor,26.9,9727,25,0.33
content_81aacf180df3,client_4e07408562,42.8,monitor,monitor,9.7,1386,104,0.36
content_f27ccdb9bb1f,client_f369cb89fc,42.8,monitor,monitor,10.7,12,8,0.0
content_000c896649cc,client_8527a891e2,42.8,monitor,monitor,10.5,15,20,0.0
content_09b0c786fb69,client_f369cb89fc,42.8,monitor,monitor,4.0,7,20,0.0
content_db499a36bfa5,client_4e07408562,42.8,monitor,monitor,11.6,13271,25,0.32
content_50aa667977a7,client_4e07408562,42.8,monitor,monitor,25.7,7280,25,0.12
content_2ad130bda1a7,client_f369cb89fc,42.8,monitor,monitor,3.6,5,20,0.0
content_a1defa0ee34a,client_4e07408562,42.8,monitor,monitor,43.1,1415,104,0.0
content_0dd66564e9c8,client_d029fa3a95,42.7,monitor,monitor,17.6,47,20,0.0
content_18d02da422e6,client_8527a891e2,42.7,monitor,monitor,10.1,11,8,0.0
content_fb7d625be26f,client_e629fa6598,42.7,monitor,monitor,3.7,3495,22,0.54
content_037e2942d68b,client_8527a891e2,42.7,monitor,monitor,71.0,126,8,0.0
content_c88df307576d,client_4e07408562,42.7,monitor,monitor,6.1,4870,13,0.8
content_d7b2eb5af17b,client_e629fa6598,42.7,monitor,monitor,60.0,838,22,0.0
content_09a781f18604,client_e629fa6598,42.7,monitor,monitor,8.2,99,22,0.0
content_b347aa43c377,client_8527a891e2,42.7,monitor,monitor,15.4,13,20,0.0
content_59012b44adb8,client_4e07408562,42.7,monitor,monitor,18.9,11363,25,0.18
content_3d4f425c1828,client_4e07408562,42.7,monitor,monitor,12.2,16658,25,0.52
content_13609ca3013e,client_8527a891e2,42.7,monitor,monitor,12.6,14,20,0.0
content_b255884694cd,client_d029fa3a95,42.7,monitor,monitor,24.8,28,20,0.0
content_73d19517bd77,client_4e07408562,42.7,monitor,monitor,34.1,22293,14,0.23
content_e51c7ac8f2a8,client_4e07408562,42.6,monitor,monitor,6.9,2763,13,0.62
content_ff3f7e86a221,client_8527a891e2,42.6,monitor,monitor,2.8,4,20,0.0
content_29e0a52ad77a,client_8527a891e2,42.6,monitor,monitor,5.3,4,20,0.0
content_d5898d99ed25,client_f369cb89fc,42.6,monitor,monitor,6.0,5,20,0.0
content_1687b2824fab,client_f369cb89fc,42.6,monitor,monitor,7.5,4,20,0.0
content_77d69642e2cb,client_f369cb89fc,42.6,monitor,monitor,34.4,85,20,1.18
content_933e662b8973,client_8527a891e2,42.6,monitor,monitor,6.0,3,20,0.0
content_3d8dbd98077e,client_4e07408562,42.6,monitor,monitor,42.0,782,104,0.0
content_931a4ddcbb47,client_4e07408562,42.6,monitor,monitor,30.1,7939,25,0.1
content_c567607d2989,client_4e07408562,42.6,monitor,monitor,22.8,3020,13,0.26
content_ec9134ab6c04,client_bdd2d3af3a,42.6,monitor,monitor,3.0,2,20,0.0
content_84bd4d58119e,client_d029fa3a95,42.6,monitor,monitor,5.0,83948,20,0.18
content_7fa278a3cfeb,client_8527a891e2,42.6,monitor,monitor,1.5,2,20,0.0
content_06ce9797fd65,client_4e07408562,42.6,monitor,monitor,31.4,2117,7,0.47
content_6501dc199c51,client_4e07408562,42.5,monitor,monitor,22.1,1176,104,0.09
content_307faca13155,client_4e07408562,42.5,monitor,monitor,60.8,1159,104,0.0
content_49f71b7a8f19,client_f369cb89fc,42.5,monitor,monitor,3.0,1,8,0.0
content_fd65ddd3504b,client_4e07408562,42.5,monitor,monitor,22.2,2217,13,0.18
content_e55da9707bf5,client_4e07408562,42.5,monitor,monitor,7.5,22630,25,0.3
content_b914d613c73f,client_4e07408562,42.5,monitor,monitor,4.6,21203,104,0.42
content_827b209fa167,client_4e07408562,42.5,monitor,monitor,45.0,426,104,0.0
content_cc830be9dae1,client_4e07408562,42.5,monitor,monitor,31.2,1243,104,0.16
content_7270758c1e78,client_4e07408562,42.5,monitor,monitor,9.3,657,13,1.22
content_55099cf94bce,client_f369cb89fc,42.5,monitor,monitor,14.0,9,20,0.0
content_292efd8c2a22,client_e629fa6598,42.4,monitor,monitor,8.0,4774,104,0.71
content_500d7264d930,client_8527a891e2,42.4,monitor,monitor,7.0,1,104,0.0
content_399de7f4a3a0,client_f369cb89fc,42.4,monitor,monitor,1.8,4,20,0.0
content_804f6fedf09c,client_4e07408562,42.4,monitor,monitor,7.7,4334,14,0.67
content_604700f57416,client_e629fa6598,42.4,monitor,monitor,6.7,169,20,0.0
content_eace48a195da,client_4e07408562,42.4,monitor,monitor,17.6,17666,25,0.16
content_734260a21750,client_8527a891e2,42.4,monitor,monitor,6.9,14,8,0.0
content_ad79628ea677,client_8527a891e2,42.4,monitor,monitor,31.4,33,104,0.0
content_6f29337ddf5c,client_8527a891e2,42.4,monitor,monitor,10.5,23,20,0.0
content_3ad79557bbdf,client_8527a891e2,42.4,monitor,monitor,12.9,17,20,0.0
content_266991be9399,client_8527a891e2,42.4,monitor,monitor,23.5,4,20,0.0
content_ea30d6a7603d,client_4e07408562,42.3,monitor,monitor,9.4,7890,25,0.52
content_fcab0d9ead75,client_d029fa3a95,42.3,monitor,monitor,9.4,9,20,0.0
content_34ed0cec6ebf,client_4e07408562,42.3,monitor,monitor,29.4,525,7,0.57
content_8ab9f1033843,client_e629fa6598,42.3,monitor,monitor,37.2,1265,22,0.0
content_f14e5d1984c9,client_4e07408562,42.3,monitor,monitor,43.9,464,104,0.0
content_1f7b831ee01f,client_e629fa6598,42.3,monitor,monitor,69.1,1249,22,0.0
content_fc48c1737c57,client_8527a891e2,42.3,monitor,monitor,14.6,5,98,0.0
content_43d0fe93a4a3,client_8527a891e2,42.3,monitor,monitor,12.4,5,20,0.0
content_6a72195dffc0,client_4e07408562,42.3,monitor,monitor,22.7,18293,25,0.12
content_d516275e106e,client_8527a891e2,42.2,monitor,monitor,6.6,8,103,0.0
content_d67ed233baac,client_8527a891e2,42.2,monitor,monitor,5.6,5,104,0.0
content_9f891a53f544,client_f369cb89fc,42.2,monitor,monitor,12.6,7,8,0.0
content_5b4202c5f7f0,client_4e07408562,42.2,monitor,monitor,21.2,6814,25,0.26
content_f615d968944f,client_4e07408562,42.2,monitor,monitor,10.2,6163,25,0.52
content_96dc9018b2c9,client_bdd2d3af3a,42.2,monitor,monitor,3.5,2,20,0.0
content_d94334a6b69f,client_f369cb89fc,42.2,monitor,monitor,8.8,9,20,0.0
content_1db1b15bf418,client_8527a891e2,42.2,monitor,monitor,8.0,7,20,0.0
content_d956330d0864,client_f369cb89fc,42.2,monitor,monitor,7.6,8,8,0.0
content_01375f53651c,client_4e07408562,42.2,monitor,monitor,8.7,1759,7,0.68
content_bb12fc5a6af7,client_4e07408562,42.1,monitor,monitor,25.0,1257,7,0.08
content_8287d0133a5d,client_f369cb89fc,42.1,monitor,monitor,14.1,7,20,0.0
content_7171b15dd9f9,client_8527a891e2,42.1,monitor,monitor,29.0,15,92,0.0
content_c3e4ddfb8650,client_8527a891e2,42.1,monitor,monitor,4.7,7,92,0.0
content_1cc4c660d80f,client_4e07408562,42.1,monitor,monitor,6.9,4045,14,0.15
content_7a80a53817b0,client_e629fa6598,42.1,monitor,monitor,24.2,173,22,0.0
content_93e1ebff27b8,client_8527a891e2,42.1,monitor,monitor,33.9,19,20,0.0
content_0fc4e547c299,client_f369cb89fc,42.1,monitor,monitor,4.5,6,8,0.0
content_576f7cb282da,client_4e07408562,42.1,monitor,monitor,23.8,7310,25,0.1
content_dc742294bac0,client_f369cb89fc,42.1,monitor,monitor,19.0,21,20,0.0
content_a3bc7e259402,client_8527a891e2,42.1,monitor,monitor,17.2,5,20,0.0
content_41480cbe54b2,client_4e07408562,42.1,monitor,monitor,17.3,2047,14,0.49
content_b43d011aff4f,client_4e07408562,42.1,monitor,monitor,22.4,14835,25,0.11
content_1c78cae469ad,client_e629fa6598,42.1,monitor,monitor,8.5,367,20,0.27
content_364d37dd7fb0,client_f369cb89fc,42.0,monitor,monitor,5.9,25,20,4.0
content_efe71ab31aca,client_f369cb89fc,42.0,monitor,monitor,12.5,8,20,0.0
content_72e938efb7ec,client_8527a891e2,42.0,monitor,monitor,84.9,325,20,0.0
content_45292078d88d,client_8527a891e2,42.0,monitor,monitor,20.3,6,20,0.0
content_1b36cd795189,client_4e07408562,42.0,monitor,monitor,14.4,649,13,0.77
content_4a0cb29a4fdb,client_8527a891e2,42.0,monitor,monitor,18.0,7,20,0.0
content_fd2d2b57f310,client_4e07408562,42.0,monitor,monitor,16.4,10969,25,0.54
content_ae191220c6c4,client_e629fa6598,42.0,monitor,monitor,11.6,1893,22,0.26
content_aba566f57757,client_f369cb89fc,42.0,monitor,monitor,2.7,3,8,0.0
content_cde8f1b6d71e,client_e629fa6598,42.0,monitor,monitor,39.8,364,22,0.0
content_06248e69dbfe,client_8527a891e2,41.9,monitor,monitor,4.5,2,20,0.0
content_e0da57a62e16,client_e629fa6598,41.9,monitor,monitor,12.6,72,22,0.0
content_3d72eab872f6,client_8527a891e2,41.9,monitor,monitor,19.4,12,104,0.0
content_3884c87c8828,client_f369cb89fc,41.9,monitor,monitor,44.2,37,20,0.0
content_59d53da68015,client_4e07408562,41.9,monitor,monitor,6.3,16913,25,0.31
content_bd9c8fa38bc8,client_f369cb89fc,41.9,monitor,monitor,1.0,3,20,0.0
content_ccfdda6793b4,client_e629fa6598,41.9,monitor,monitor,30.5,295,22,0.0
content_7a84a9b5bf05,client_4e07408562,41.9,monitor,monitor,46.4,15006,104,0.07
content_56846ce78c82,client_4e07408562,41.9,monitor,monitor,3.1,20069,14,0.69
content_ab56207ce530,client_f369cb89fc,41.8,monitor,monitor,4.8,4,8,0.0
content_5e78fe1e1f35,client_8527a891e2,41.8,monitor,monitor,8.9,8,20,0.0
content_80f00957d4e7,client_e629fa6598,41.8,monitor,monitor,26.0,963,22,0.21
content_60d81e7dd1eb,client_8527a891e2,41.8,monitor,monitor,21.3,9,103,0.0
content_57366dedc8a1,client_e629fa6598,41.8,monitor,monitor,13.5,397,22,0.0
content_c9189c302ff1,client_4e07408562,41.8,monitor,monitor,17.6,11812,25,0.34
content_50099eee4104,client_8527a891e2,41.8,monitor,monitor,70.5,169,104,0.0
content_0281fdd35705,client_f369cb89fc,41.8,monitor,monitor,9.5,15,20,6.67
content_78b101b5baac,client_e629fa6598,41.8,monitor,monitor,30.5,1075,22,0.0
content_d337d54366ae,client_8527a891e2,41.8,monitor,monitor,6.0,2,104,0.0
content_a0d2632eefb3,client_f369cb89fc,41.8,monitor,monitor,53.1,157,20,0.0
content_d857462cbbc0,client_f369cb89fc,41.8,monitor,monitor,6.0,4,8,0.0
content_1ce4fc771953,client_e629fa6598,41.8,monitor,monitor,14.8,402,20,0.0
content_3cf1dc2271b5,client_4e07408562,41.8,monitor,monitor,29.9,2180,14,0.18
content_4695a276b1ea,client_f369cb89fc,41.8,monitor,monitor,1.7,3,8,0.0
content_122b8ff9d581,client_f369cb89fc,41.8,monitor,monitor,5.8,4,8,0.0
content_808ba8c29edb,client_4e07408562,41.8,monitor,monitor,15.9,114,104,0.0
content_6a312aed27fd,client_e629fa6598,41.7,monitor,monitor,8.0,150,22,0.67
content_e6147cc5d806,client_e629fa6598,41.7,monitor,monitor,7.5,1649,20,0.24
content_36f368fd0015,client_d029fa3a95,41.7,monitor,monitor,9.2,30522,20,0.26
content_4935defa3607,client_8527a891e2,41.7,monitor,monitor,20.5,8,20,0.0
content_125c53fdf1e7,client_4e07408562,41.7,monitor,monitor,32.7,664,13,0.3
content_ba5aae545945,client_4e07408562,41.7,monitor,monitor,8.5,1363,14,0.73
content_41ea44538492,client_d029fa3a95,41.7,monitor,monitor,9.5,46,20,2.17
content_40c4fad48474,client_4e07408562,41.7,monitor,monitor,12.9,2922,13,0.41
content_fc20dc014f77,client_4e07408562,41.7,monitor,monitor,16.8,11011,25,0.41
content_2d6c50388f53,client_4e07408562,41.7,monitor,monitor,47.4,14736,7,0.05
content_ffd6816424b1,client_8527a891e2,41.7,monitor,monitor,27.0,23,104,0.0
content_af6010d1a527,client_8527a891e2,41.7,monitor,monitor,20.8,13,20,0.0
content_6fafe30f1c8c,client_f369cb89fc,41.7,monitor,monitor,7.1,532,20,0.75
content_3b11268af36e,client_8527a891e2,41.7,monitor,monitor,9.0,1,104,0.0
content_de479c6d77d8,client_4e07408562,41.6,monitor,monitor,8.3,5659,25,0.72
content_064a15965ec5,client_e629fa6598,41.6,monitor,monitor,18.0,407,22,0.25
content_e1b2e152e7fc,client_8527a891e2,41.6,monitor,monitor,11.9,28,104,3.57
content_cadb2b699020,client_f369cb89fc,41.6,monitor,monitor,10.3,4,8,0.0
content_8f9d4e7f20ec,client_4e07408562,41.6,monitor,monitor,8.4,5569,14,0.41
content_d5e5a318ca7c,client_4e07408562,41.6,monitor,monitor,21.4,5204,25,0.54
content_6659c30f0631,client_4e07408562,41.6,monitor,monitor,10.2,2012,13,0.45
content_beaff0b75e20,client_8527a891e2,41.6,monitor,monitor,14.0,5,92,0.0
content_9a0d8500dd3e,client_8527a891e2,41.6,monitor,monitor,20.6,13,20,0.0
content_ca79acba2440,client_8527a891e2,41.6,monitor,monitor,6.2,14,104,7.14
content_777f6b11a8eb,client_4e07408562,41.6,monitor,monitor,4.9,10730,7,1.21
content_434a511ae53e,client_f369cb89fc,41.6,monitor,monitor,15.7,15,8,6.67
content_8fd245d1965b,client_8527a891e2,41.5,monitor,monitor,6.0,4,104,0.0
content_131749bcd0b8,client_4e07408562,41.5,monitor,monitor,19.3,4592,14,0.59
content_8b52bc828676,client_8527a891e2,41.5,monitor,monitor,18.3,6,104,0.0
content_6f56be29dcf1,client_4e07408562,41.5,monitor,monitor,26.1,152,13,0.0
content_cb5032bdf834,client_4e07408562,41.5,monitor,monitor,33.6,291,13,0.34
content_ba8edc136162,client_4e07408562,41.5,monitor,monitor,16.2,13082,25,0.44
content_5bf77ae1f2bf,client_4e07408562,41.5,monitor,monitor,25.5,2171,7,0.6
content_88d68955c5e2,client_4e07408562,41.5,monitor,monitor,16.3,4429,14,0.43
content_0a55ebc4234b,client_8527a891e2,41.5,monitor,monitor,30.3,24,20,0.0
content_8ec395d92334,client_8527a891e2,41.5,monitor,monitor,3.0,1,98,0.0
content_328de8c25c7c,client_4e07408562,41.5,monitor,monitor,28.3,465,104,0.0
content_783e06a43f8c,client_8527a891e2,41.5,monitor,monitor,4.3,3,20,0.0
content_f4112cc1e668,client_8527a891e2,41.4,monitor,monitor,17.8,4,92,0.0
content_f8087e7dab5d,client_e629fa6598,41.4,monitor,monitor,7.6,58,20,0.0
content_adb76cf9c286,client_e629fa6598,41.4,monitor,monitor,45.5,350,22,0.0
content_d8a3c9484a1b,client_e629fa6598,41.4,monitor,monitor,36.5,523,22,0.0
content_4c81259a2c9a,client_8527a891e2,41.4,monitor,monitor,18.0,10,20,0.0
content_c4e07dca1672,client_8527a891e2,41.4,monitor,monitor,20.7,6,20,0.0
content_ff0b9154b156,client_e629fa6598,41.4,monitor,monitor,18.2,1464,22,0.14
content_d79526b7eb95,client_8527a891e2,41.4,monitor,monitor,61.1,3013,103,0.1
content_1a7da676ab36,client_8527a891e2,41.4,monitor,monitor,20.7,6,20,0.0
content_9432d8024b8e,client_4e07408562,41.4,monitor,monitor,22.5,313,104,0.0
content_3900e2a1012f,client_4e07408562,41.3,monitor,monitor,6.1,30692,20,0.36
content_24a63ec7c93b,client_4e07408562,41.3,monitor,monitor,14.0,1643,7,0.43
content_2d33a679ef65,client_8527a891e2,41.3,monitor,monitor,3.0,3,20,0.0
content_868305952b99,client_4e07408562,41.3,monitor,monitor,25.6,2243,13,0.31
content_03610a21ae97,client_4e07408562,41.3,monitor,monitor,6.4,8202,25,0.95
content_a88192732159,client_4e07408562,41.3,monitor,monitor,8.4,29459,25,0.47
content_26be1febe596,client_8527a891e2,41.3,monitor,monitor,27.3,9,20,0.0
content_2b52f4ec6d10,client_e629fa6598,41.3,monitor,monitor,11.3,1662,22,0.18
content_222dca007515,client_e629fa6598,41.3,monitor,monitor,6.8,66,22,0.0
content_95284f69cbc4,client_8527a891e2,41.3,monitor,monitor,6.6,30,20,3.33
content_1f3b8e699416,client_4e07408562,41.2,monitor,monitor,35.2,59474,104,0.06
content_6da3125ed2a5,client_4e07408562,41.2,monitor,monitor,5.3,11260,20,0.45
content_db6997105471,client_4e07408562,41.2,monitor,monitor,7.3,45611,20,0.21
content_107d00223a30,client_f369cb89fc,41.2,monitor,monitor,3.0,1,8,0.0
content_5e27752e101e,client_4e07408562,41.2,monitor,monitor,15.8,1200,13,0.67
content_f39d455f5d38,client_4e07408562,41.2,monitor,monitor,18.9,10053,25,0.16
content_2a2cfff3f8ec,client_e629fa6598,41.2,monitor,monitor,7.2,184,20,0.0
content_7df9caffac62,client_8527a891e2,41.2,monitor,monitor,13.0,2,103,0.0
content_b25d6a51fdda,client_f369cb89fc,41.2,monitor,monitor,1.8,4,8,0.0
content_136040f6cced,client_4e07408562,41.2,monitor,monitor,20.1,1933,7,0.16
content_d70867535282,client_e629fa6598,41.1,monitor,monitor,41.0,207,104,0.0
content_c9bf83ce9dd1,client_f369cb89fc,41.1,monitor,monitor,3.7,3,20,0.0
content_d147fe67910a,client_8527a891e2,41.1,monitor,monitor,10.5,4,20,0.0
content_d96be2c363a4,client_8527a891e2,41.1,monitor,monitor,6.0,6,104,0.0
content_b1b1392882f8,client_f369cb89fc,41.1,monitor,monitor,14.8,5,20,0.0
content_228971770cc3,client_4e07408562,41.1,monitor,monitor,12.5,70,20,0.0
content_b2c531fd32f1,client_8527a891e2,41.1,monitor,monitor,8.3,3,92,0.0
content_a3a47d734b8a,client_8527a891e2,41.1,monitor,monitor,24.7,15,20,0.0
content_30597609fcc6,client_e629fa6598,41.1,monitor,monitor,11.0,903,22,0.44
content_a1877c99268d,client_f369cb89fc,41.1,monitor,monitor,1.0,2,8,0.0
content_28591c5b87c7,client_4e07408562,41.0,monitor,monitor,6.7,8500,25,0.64
content_2b3baf9bf9df,client_4e07408562,41.0,monitor,monitor,3.9,20499,104,0.43
content_17ca2437325a,client_f369cb89fc,41.0,monitor,monitor,8.3,7,20,0.0
content_f8b86708bbeb,client_8527a891e2,41.0,monitor,monitor,6.2,6,20,0.0
content_e1db7ede3c55,client_8527a891e2,41.0,monitor,monitor,55.6,79,104,0.0
content_d84a04fb1ebf,client_4e07408562,41.0,monitor,monitor,31.0,4750,13,0.36
content_d1be24388003,client_4e07408562,41.0,monitor,monitor,13.5,8432,25,0.64
content_4e20d8f86ef3,client_8527a891e2,41.0,monitor,monitor,36.8,234,104,0.85
content_26085fbfb7ee,client_e629fa6598,41.0,monitor,monitor,8.3,53,22,0.0
content_d7ec7ff45d7f,client_e629fa6598,41.0,monitor,monitor,26.7,1723,22,0.12
content_191ccacae9fa,client_8527a891e2,41.0,monitor,monitor,28.4,20,20,0.0
content_efc38750921d,client_8527a891e2,41.0,monitor,monitor,16.0,10,104,0.0
content_d8f4eb2d1a32,client_f369cb89fc,41.0,monitor,monitor,10.8,23,20,4.35
content_e02b544b7a9a,client_f369cb89fc,41.0,monitor,monitor,6.2,5,20,0.0
content_f9f6d07ef81e,client_4e07408562,41.0,monitor,monitor,25.8,11285,25,0.2
content_c4c8842a0986,client_f369cb89fc,40.9,monitor,monitor,3.0,7,8,0.0
content_ac38c61cc1d4,client_e629fa6598,40.9,monitor,monitor,9.6,76,20,0.0
content_3474a43ad37f,client_8527a891e2,40.9,monitor,monitor,4.0,4,104,0.0
content_bf9940e614a3,client_f369cb89fc,40.9,monitor,monitor,7.6,7,20,0.0
content_9cb43a654c9b,client_8527a891e2,40.9,monitor,monitor,19.5,2,103,0.0
content_e85cf998e5d2,client_8527a891e2,40.9,monitor,monitor,10.4,5,8,0.0
content_d80af9aac3c7,client_e629fa6598,40.9,monitor,monitor,20.0,108,22,0.0
content_b7b598d56a50,client_4e07408562,40.8,monitor,monitor,39.8,1472,7,0.0
content_6dfc96ae463c,client_8527a891e2,40.8,monitor,monitor,19.3,3,8,0.0
content_f9563540cd75,client_f369cb89fc,40.8,monitor,monitor,1.3,3,20,0.0
content_67fdb41b1cc4,client_e629fa6598,40.8,monitor,monitor,13.6,47,20,0.0
content_e331f45208a0,client_f369cb89fc,40.8,monitor,monitor,9.2,6,20,0.0
content_905daf4b6ccc,client_4e07408562,40.8,monitor,monitor,11.0,3434,20,0.87
content_28319e608567,client_4e07408562,40.8,monitor,monitor,7.5,24008,25,0.27
content_97fb04e5dda6,client_8527a891e2,40.7,monitor,monitor,25.3,18,20,0.0
content_3ffc8a7a40ee,client_8527a891e2,40.7,monitor,monitor,3.0,1,8,0.0
content_e8f12f8191d3,client_f369cb89fc,40.7,monitor,monitor,7.3,8,8,0.0
content_ac24ae398a75,client_e629fa6598,40.7,monitor,monitor,31.9,1357,20,0.07
content_4466cd3c0ca5,client_e629fa6598,40.7,monitor,monitor,22.1,233,22,0.0
content_d72d7c2f021d,client_f369cb89fc,40.7,monitor,monitor,11.5,8,20,0.0
content_6fffcdfb9fbb,client_f369cb89fc,40.7,monitor,monitor,15.1,27,20,0.0
content_e446ed72b5c1,client_4e07408562,40.6,monitor,monitor,5.5,14731,20,0.42
content_6919e5d1471f,client_8527a891e2,40.6,monitor,monitor,23.4,21,104,0.0
content_2841dad7e57a,client_4e07408562,40.6,monitor,monitor,7.1,4886,7,0.35
content_cbfbf617a0d1,client_4e07408562,40.6,monitor,monitor,23.6,832,13,0.6
content_2d82d4f4442e,client_f369cb89fc,40.6,monitor,monitor,37.9,33,20,0.0
content_6e73a9ee394d,client_4e07408562,40.6,monitor,monitor,7.4,3322,7,0.27
content_33c35acea80b,client_8527a891e2,40.6,monitor,monitor,10.3,8,104,0.0
content_587596d045d3,client_4e07408562,40.6,monitor,monitor,14.4,29519,25,0.27
content_fafc4ea796a9,client_e629fa6598,40.6,monitor,monitor,31.0,1309,22,0.0
content_3efd1f7a5dde,client_f369cb89fc,40.6,monitor,monitor,22.8,63,20,0.0
content_5f72fd7c6698,client_4e07408562,40.6,monitor,monitor,12.2,2933,25,0.41
content_ba260429079f,client_8527a891e2,40.6,monitor,monitor,7.5,2,92,0.0
content_e6ac4ef9f617,client_4e07408562,40.5,monitor,monitor,55.9,2398,104,0.04
content_0409acd934fb,client_4e07408562,40.5,monitor,monitor,8.3,28135,25,0.16
content_3b36899453fe,client_4e07408562,40.5,monitor,monitor,20.4,16630,25,0.37
content_78b1c955565a,client_e629fa6598,40.5,monitor,monitor,58.4,117,104,0.0
content_51e019b46a0f,client_e629fa6598,40.5,monitor,monitor,12.1,26,20,0.0
content_15a4a8732401,client_f369cb89fc,40.5,monitor,monitor,15.5,6,8,0.0
content_5ace8eec26ba,client_f369cb89fc,40.5,monitor,monitor,5.0,38,20,5.26
content_bfb0f696b1e3,client_4e07408562,40.5,monitor,monitor,3.4,39527,104,0.45
content_accceffe127e,client_4e07408562,40.5,monitor,monitor,22.5,103,104,0.97
content_91fa6e846341,client_e629fa6598,40.4,monitor,monitor,7.8,33,22,0.0
content_a860ee9e7ae4,client_8527a891e2,40.4,monitor,monitor,8.0,1,104,0.0
content_293f28898512,client_e629fa6598,40.4,monitor,monitor,5.6,650,22,0.15
content_fc1213c8f132,client_8527a891e2,40.4,monitor,monitor,15.0,1,98,0.0
content_689902381684,client_8527a891e2,40.4,monitor,monitor,3.0,2,20,0.0
content_3ec53b0f33fc,client_8527a891e2,40.4,monitor,monitor,6.3,4,20,0.0
content_ff131dc63405,client_e629fa6598,40.4,monitor,monitor,8.0,536,22,0.0
content_b0547c48f8ee,client_4e07408562,40.4,monitor,monitor,20.4,1870,14,0.43
content_686fa08e4136,client_8527a891e2,40.4,monitor,monitor,3.0,1,20,0.0
content_93a2b2c62298,client_4e07408562,40.4,monitor,monitor,24.1,51945,25,0.1
content_83e97bdb0ea2,client_8527a891e2,40.4,monitor,monitor,12.0,1,92,0.0
content_c445345f9a21,client_f369cb89fc,40.3,monitor,monitor,19.9,7,20,0.0
content_12e3dbb55fb7,client_4e07408562,40.3,monitor,monitor,3.9,3161,104,0.98
content_c740eac349f3,client_8527a891e2,40.3,monitor,monitor,14.3,4,104,0.0
content_93172cd5b05f,client_f369cb89fc,40.3,monitor,monitor,25.2,65,20,0.0
content_8dcf8c4b3e9a,client_e629fa6598,40.3,monitor,monitor,7.9,312,22,0.32
content_b3e1de4781f5,client_8527a891e2,40.2,monitor,monitor,22.6,5,92,0.0
content_003380cff485,client_f369cb89fc,40.2,monitor,monitor,12.5,4,20,0.0
content_03ed3468f07e,client_f369cb89fc,40.2,monitor,monitor,5.5,2,8,0.0
content_59096ebd4b04,client_8527a891e2,40.2,monitor,monitor,23.3,21,20,0.0
content_fc980d6e8f57,client_8527a891e2,40.2,monitor,monitor,71.9,545,103,0.18
content_35aeed8caca0,client_f369cb89fc,40.2,monitor,monitor,8.0,117,20,3.42
content_6a552ab4e642,client_8527a891e2,40.2,monitor,monitor,74.6,64,20,0.0
content_1df00efe44a1,client_e629fa6598,40.2,monitor,monitor,20.7,370,22,0.0
content_62a83935e642,client_8527a891e2,40.2,monitor,monitor,68.8,257,104,0.0
content_68815fc0cee8,client_8527a891e2,40.2,monitor,monitor,13.2,21,103,0.0
content_c1e40f7d1fa5,client_4e07408562,40.2,monitor,monitor,8.9,1451,13,0.62
content_8d65431b49ac,client_f369cb89fc,40.1,monitor,monitor,14.9,56302,20,0.35
content_4995288adcef,client_f369cb89fc,40.1,monitor,monitor,7.0,1,8,0.0
content_cfc48d50b238,client_4e07408562,40.1,monitor,monitor,4.7,15888,104,0.75
content_1b5a245cf579,client_4e07408562,40.1,monitor,monitor,8.7,5026,20,0.46
content_5401533af67f,client_e629fa6598,40.1,monitor,monitor,39.6,618,22,0.0
content_fa84a88741eb,client_4e07408562,40.1,monitor,monitor,4.5,8015,104,0.84
content_fb6a65a234fb,client_4e07408562,40.1,monitor,monitor,7.0,91852,25,0.22
content_283fb243c9b8,client_4e07408562,40.1,monitor,monitor,11.7,173,20,0.58
content_20bc9a3dbbc8,client_4e07408562,40.1,monitor,monitor,21.1,347,104,0.58
content_f35bdfbc3b7e,client_4e07408562,40.1,monitor,monitor,20.4,4580,20,0.46
content_4d18563af8b9,client_f369cb89fc,40.1,monitor,monitor,12.1,49,20,6.12
content_ab021a40c0da,client_8527a891e2,40.1,monitor,monitor,68.0,102,20,0.0
content_16a6b1b4934e,client_8527a891e2,40.1,monitor,monitor,44.1,57,20,0.0
content_0288dc0ec63e,client_8527a891e2,40.1,monitor,monitor,26.8,17,104,0.0
content_04ff4a56bacf,client_f369cb89fc,40.0,monitor,monitor,6.3,6,20,0.0
content_cf9cdc6cbae6,client_f369cb89fc,40.0,monitor,monitor,5.0,3,20,0.0
content_0f1399caa1ae,client_e629fa6598,40.0,monitor,monitor,49.0,1123,22,0.0
content_240b4740fa30,client_8527a891e2,40.0,monitor,monitor,11.3,3,20,0.0
content_004291184aa0,client_f369cb89fc,40.0,monitor,monitor,4.7,3,20,0.0
content_35f8d6d44e84,client_f369cb89fc,40.0,monitor,monitor,12.8,16,20,6.25
content_607f0f3bceae,client_e629fa6598,40.0,monitor,monitor,25.5,110,22,0.0
content_f8a2a1141001,client_4e07408562,40.0,monitor,monitor,27.6,2540,7,0.24
content_6a933d70a7f6,client_8527a891e2,40.0,monitor,monitor,16.0,6,103,0.0
content_71019fde780d,client_8527a891e2,40.0,monitor,monitor,7.5,2,103,0.0
content_ea01009bcb57,client_4e07408562,40.0,monitor,monitor,29.3,1740,14,0.69
content_89db08be16ee,client_e629fa6598,39.9,monitor,monitor,18.3,789,22,0.25
content_c64d980fa748,client_8527a891e2,39.9,monitor,monitor,44.8,46,20,0.0
content_b85bf0f7330b,client_4e07408562,39.9,monitor,monitor,34.7,9030,20,0.18
content_d52d69802c75,client_4e07408562,39.9,monitor,monitor,11.3,7691,25,0.74
content_8680b7cb8313,client_f369cb89fc,39.9,monitor,monitor,6.7,19,20,5.26
content_b408f71a4bc9,client_d029fa3a95,39.9,monitor,monitor,14.3,13,20,0.0
content_8fb3cacf624f,client_4e07408562,39.9,monitor,monitor,36.7,5454,7,0.22
content_b5735741b78d,client_f369cb89fc,39.9,monitor,monitor,15.6,8,20,0.0
content_d34c82e5ddeb,client_4e07408562,39.8,monitor,monitor,15.2,6200,25,0.65
content_51358c64f062,client_4e07408562,39.8,monitor,monitor,15.2,10088,25,0.29
content_49f3c8563f5e,client_f369cb89fc,39.8,monitor,monitor,40.5,82,20,0.0
content_5d0a1ea004df,client_4e07408562,39.8,monitor,monitor,5.7,3522,104,0.11
content_a3aee9f9c8ac,client_8527a891e2,39.8,monitor,monitor,8.0,1,8,0.0
content_56b0727d6509,client_8527a891e2,39.8,monitor,monitor,8.7,3,20,0.0
content_23c380f126ad,client_8527a891e2,39.8,monitor,monitor,10.9,15,8,0.0
content_933b7d8e3c4f,client_4e07408562,39.8,monitor,monitor,7.5,11443,25,0.45
content_727fd10b04fc,client_e629fa6598,39.8,monitor,monitor,8.9,1710,22,0.12
content_27ff53b220e1,client_e629fa6598,39.8,monitor,monitor,7.2,27,20,0.0
content_6edf4065b1a5,client_4e07408562,39.8,monitor,monitor,3.7,6928,13,0.68
content_e34f363dbf39,client_4e07408562,39.8,monitor,monitor,5.5,8857,104,0.95
content_f305ff772dd8,client_e629fa6598,39.8,monitor,monitor,7.8,46,20,0.0
content_76c0dda8c65f,client_f369cb89fc,39.8,monitor,monitor,10.8,4,8,0.0
content_7018b8ebc6ee,client_f369cb89fc,39.7,monitor,monitor,5.3,4,20,0.0
content_dc34dac6e5f4,client_e629fa6598,39.7,monitor,monitor,40.0,500,20,0.0
content_684d7808f894,client_f369cb89fc,39.7,monitor,monitor,18.7,52,20,1.92
content_945104091464,client_8527a891e2,39.7,monitor,monitor,11.4,10,20,0.0
content_62f73707683b,client_4e07408562,39.7,monitor,monitor,19.9,729,104,0.27
content_02c4842fefe7,client_8527a891e2,39.7,monitor,monitor,9.0,2,98,0.0
content_5d2f707b88e8,client_434c9b5ae5,39.7,monitor,monitor,18.2,6,89,0.0
content_16757dfdbd5d,client_f369cb89fc,39.7,monitor,monitor,3.3,9,8,0.0
content_984a2da87f96,client_e629fa6598,39.7,monitor,monitor,7.4,17,20,0.0
content_4b25a482ad4d,client_e629fa6598,39.7,monitor,monitor,31.4,531,22,0.0
content_f696d77c96fd,client_f369cb89fc,39.7,monitor,monitor,55.0,101,8,0.0
content_118b0ee61e54,client_8527a891e2,39.7,monitor,monitor,10.5,2,102,0.0
content_01c129ed7519,client_4e07408562,39.7,monitor,monitor,12.5,6185,25,0.27
content_019209346a55,client_4e07408562,39.7,monitor,monitor,48.8,315,104,0.0
content_2b45109000cf,client_e629fa6598,39.7,monitor,monitor,21.2,94,22,0.0
content_0a95ca5e3efa,client_4e07408562,39.7,monitor,monitor,12.5,238,13,0.0
content_ad25fc1532c8,client_4e07408562,39.6,monitor,monitor,10.1,4372,25,0.48
content_97f118816812,client_4e07408562,39.6,monitor,monitor,6.0,1493,7,1.41
content_73091035a5a4,client_8527a891e2,39.6,monitor,monitor,12.0,9,20,0.0
content_e50a21ac4fd2,client_8527a891e2,39.6,monitor,monitor,20.2,24,20,0.0
content_6507e3864625,client_8527a891e2,39.6,monitor,monitor,14.5,17,20,5.88
content_cf2d28cf95ec,client_e629fa6598,39.6,monitor,monitor,25.6,85,22,0.0
content_d67d4369c4a3,client_f369cb89fc,39.6,monitor,monitor,3.3,23594,20,0.94
content_8b165f742450,client_8527a891e2,39.6,monitor,monitor,2.7,3,20,0.0
content_80ccd59a719f,client_4e07408562,39.6,monitor,monitor,16.2,2314,104,0.35
content_b32c56556a77,client_f369cb89fc,39.6,monitor,monitor,13.5,8,20,0.0
content_d4d0b65e5582,client_8527a891e2,39.6,monitor,monitor,15.0,7,20,0.0
content_cb946d3f8571,client_e629fa6598,39.6,monitor,monitor,20.1,260,20,0.38
content_8350242b2df4,client_4e07408562,39.5,monitor,monitor,5.5,42441,25,0.17
content_47d1c96b333f,client_8527a891e2,39.5,monitor,monitor,12.3,23,20,4.35
content_3120486b0647,client_f369cb89fc,39.5,monitor,monitor,17.9,19,20,0.0
content_520c30e40873,client_e629fa6598,39.5,monitor,monitor,34.2,1300,22,0.38
content_837b79ca14f9,client_4e07408562,39.5,monitor,monitor,6.3,1019,104,2.45
content_ad8987041ecb,client_f369cb89fc,39.5,monitor,monitor,8.8,6,8,0.0
content_da4145924178,client_8527a891e2,39.5,monitor,monitor,14.3,6,104,0.0
content_25d4eaa6ee1f,client_4e07408562,39.5,monitor,monitor,18.6,10803,25,0.2
content_456941ba1541,client_8527a891e2,39.5,monitor,monitor,15.7,3,20,0.0
content_8cffa6e45ec3,client_e629fa6598,39.5,monitor,monitor,7.0,47,20,0.0
content_c9b10b7896a1,client_8527a891e2,39.5,monitor,monitor,10.3,6,92,0.0
content_2bcaea970c89,client_f369cb89fc,39.5,monitor,monitor,5.0,3,8,0.0
content_fc041e073905,client_f369cb89fc,39.5,monitor,monitor,4.3,4,20,0.0
content_61f1658abb27,client_4e07408562,39.4,monitor,monitor,5.1,10134,20,0.44
content_65f5983ec5f7,client_4e07408562,39.4,monitor,monitor,3.0,48637,14,0.44
content_cc0fbd76e442,client_4e07408562,39.4,monitor,monitor,56.1,3550,104,0.03
content_b8c3aaba4f8e,client_4e07408562,39.4,monitor,monitor,13.1,17151,25,0.38
content_167dac1b8e51,client_e629fa6598,39.4,monitor,monitor,23.9,259,22,0.0
content_ed6385c45ca3,client_4e07408562,39.4,monitor,monitor,16.2,112,104,1.79
content_222a0181afee,client_e629fa6598,39.4,monitor,monitor,10.7,2655,22,0.26
content_58785735f95f,client_4e07408562,39.4,monitor,monitor,11.0,885,7,0.11
content_7ccd303329e2,client_4e07408562,39.4,monitor,monitor,16.5,10974,25,0.51
content_6d772c85e856,client_e629fa6598,39.4,monitor,monitor,28.3,291,22,0.0
content_fbc10a3efc41,client_f369cb89fc,39.4,monitor,monitor,2.7,3,20,0.0
content_815d19a0553b,client_4e07408562,39.3,monitor,monitor,22.2,605,13,0.17
content_3ebeade99cf0,client_8527a891e2,39.3,monitor,monitor,50.0,38,20,0.0
content_41444315ad9d,client_8527a891e2,39.3,monitor,monitor,25.1,10,20,0.0
content_6e6e8c6fcd2a,client_e629fa6598,39.3,monitor,monitor,41.9,342,22,0.0
content_e8a468328f1a,client_8527a891e2,39.3,monitor,monitor,41.7,32,8,0.0
content_7f7d3a9330bd,client_8527a891e2,39.3,monitor,monitor,7.2,13,20,0.0
content_4368a8cc3092,client_e629fa6598,39.3,monitor,monitor,8.2,219,22,0.91
content_4989b0404949,client_4e07408562,39.3,monitor,monitor,20.0,383,104,1.04
content_e3bf6539b4ba,client_bdd2d3af3a,39.3,monitor,monitor,8.4,9,8,0.0
content_ba60a05324e3,client_4e07408562,39.2,monitor,monitor,15.2,19513,25,0.32
content_d7a422362fe5,client_8527a891e2,39.2,monitor,monitor,52.5,101,20,0.0
content_7b4261f5afa3,client_4e07408562,39.2,monitor,monitor,71.6,1844,104,0.05
content_339f96ee9de3,client_e629fa6598,39.2,monitor,monitor,9.5,84,22,0.0
content_2f367b4cf4d1,client_8527a891e2,39.2,monitor,monitor,11.3,10,20,0.0
content_b4acf154448d,client_8527a891e2,39.2,monitor,monitor,11.0,2,104,0.0
content_bc805497f866,client_4e07408562,39.2,monitor,monitor,47.0,225,104,0.0
content_925b5a08d70d,client_f369cb89fc,39.2,monitor,monitor,3.0,2,20,0.0
content_74f585f21ba3,client_4e07408562,39.2,monitor,monitor,9.8,2536,7,0.63
content_f8acd89eb9ef,client_e629fa6598,39.2,monitor,monitor,22.3,489,22,0.0
content_62c82e9e70b8,client_8527a891e2,39.2,monitor,monitor,51.2,159,104,0.0
content_41ba077972d9,client_8527a891e2,39.2,monitor,monitor,7.3,6,8,0.0
content_ccd5e4c20eae,client_4e07408562,39.2,monitor,monitor,36.1,1180,104,0.08
content_c3e4231878b4,client_4e07408562,39.1,monitor,monitor,15.5,15613,25,0.54
content_ba144a526cbb,client_4e07408562,39.1,monitor,monitor,8.3,3292,13,0.88
content_205796bdf030,client_8527a891e2,39.1,monitor,monitor,13.3,15,20,0.0
content_e0720ca9366c,client_8527a891e2,39.1,monitor,monitor,5.3,4,92,0.0
content_8573adbc32cc,client_f369cb89fc,39.1,monitor,monitor,27.1,16,20,0.0
content_6a8c4838e1ae,client_8527a891e2,39.1,monitor,monitor,5.5,2,8,0.0
content_5fc851327097,client_4e07408562,39.1,monitor,monitor,25.0,87,104,2.3
content_aa522a6beecb,client_4e07408562,39.0,monitor,monitor,11.3,13790,25,0.37
content_c55f5b73d663,client_4e07408562,39.0,monitor,monitor,21.4,26127,25,0.4
content_dac0bab9c931,client_4e07408562,39.0,monitor,monitor,12.1,6093,25,0.26
content_7e5ae8620fc5,client_4e07408562,39.0,monitor,monitor,22.8,20223,25,0.12
content_b3bb1add4be2,client_8527a891e2,39.0,monitor,monitor,10.0,17,20,0.0
content_5bf25bc67ebd,client_4e07408562,39.0,monitor,monitor,13.2,19402,25,0.57
content_64373b8be1b4,client_4e07408562,39.0,monitor,monitor,6.4,153520,25,0.18
content_665727ccadb3,client_4e07408562,38.9,monitor,monitor,6.9,4421,20,0.72
content_33e1340be022,client_8527a891e2,38.9,monitor,monitor,5.0,1,102,0.0
content_271e832920f9,client_f369cb89fc,38.9,monitor,monitor,7.8,4,8,0.0
content_971787b181dd,client_4e07408562,38.9,monitor,monitor,13.2,1005,7,0.1
content_714b0fd9ee80,client_e629fa6598,38.9,monitor,monitor,10.7,7915,22,0.18
content_b9d209fe1deb,client_4e07408562,38.9,monitor,monitor,11.1,1144,7,0.79
content_e888c01e45bb,client_e629fa6598,38.8,monitor,monitor,40.3,894,22,0.0
content_bc6ff35fa85b,client_8527a891e2,38.8,monitor,monitor,24.9,19,102,0.0
content_fff8e7360d01,client_4e07408562,38.8,monitor,monitor,4.9,28336,14,0.41
content_62193710bde8,client_8527a891e2,38.8,monitor,monitor,31.9,14,20,0.0
content_f9e278aebf72,client_f369cb89fc,38.8,monitor,monitor,3.9,33093,20,0.45
content_b20d97950e9d,client_8527a891e2,38.8,monitor,monitor,31.0,7,92,0.0
content_ee65fbaffa57,client_4e07408562,38.8,monitor,monitor,10.4,12434,35,0.17
content_56bd4a2427ac,client_8527a891e2,38.8,monitor,monitor,18.0,4,20,0.0
content_49477c375c09,client_8527a891e2,38.8,monitor,monitor,7.2,36,20,0.0
content_672947e34836,client_4e07408562,38.8,monitor,monitor,45.5,310,104,0.0
content_67a8646a7b6e,client_8527a891e2,38.8,monitor,monitor,10.3,4,104,0.0
content_349da7283258,client_f369cb89fc,38.8,monitor,monitor,3.4,11,20,9.09
content_576a0f27a454,client_4e07408562,38.8,monitor,monitor,65.0,1120,104,0.18
content_c57990e5d51b,client_e629fa6598,38.7,monitor,monitor,6.9,951,22,0.63
content_2a5f06c2bfd2,client_f369cb89fc,38.7,monitor,monitor,22.1,14,20,0.0
content_fac19fcdfb85,client_4e07408562,38.7,monitor,monitor,5.7,126611,104,0.25
content_3c54e95a9ac8,client_4e07408562,38.7,monitor,monitor,18.6,1387,104,0.07
content_5e953735aba5,client_8527a891e2,38.7,monitor,monitor,25.3,18,20,0.0
content_56301f051c6d,client_e629fa6598,38.7,monitor,monitor,6.7,108,22,0.0
content_9669cd41358f,client_4e07408562,38.7,monitor,monitor,10.2,6017,25,0.76
content_3b96c7da8a60,client_4e07408562,38.7,monitor,monitor,21.9,4302,25,0.28
content_618d0682a463,client_8527a891e2,38.7,monitor,monitor,34.1,12,20,0.0
content_78964ea28e65,client_4e07408562,38.7,monitor,monitor,3.9,10753,104,0.47
content_9b0075a45056,client_f369cb89fc,38.7,monitor,monitor,19.2,12,20,0.0
content_d660fc1fba2c,client_8527a891e2,38.6,monitor,monitor,25.5,69,104,1.45
content_508acf9b9ee0,client_d029fa3a95,38.6,monitor,monitor,14.9,7,20,0.0
content_a6e263d9542e,client_f369cb89fc,38.6,monitor,monitor,3.5,2,8,0.0
content_33d1b80a149c,client_4e07408562,38.6,monitor,monitor,16.6,12808,25,0.3
content_fd80a1010807,client_4e07408562,38.6,monitor,monitor,10.7,1195,13,0.67
content_193dfde4a2d3,client_4e07408562,38.6,monitor,monitor,10.4,6557,25,0.15
content_a011cbc303be,client_8527a891e2,38.6,monitor,monitor,2.0,1,20,0.0
content_884c1bebd58d,client_4e07408562,38.6,monitor,monitor,15.8,1509,14,0.46
content_1346eb73396d,client_4e07408562,38.6,monitor,monitor,37.4,2825,7,0.25
content_3b4446e9659d,client_e629fa6598,38.6,monitor,monitor,5.3,2137,22,0.14
content_27ed481de5d1,client_f369cb89fc,38.5,monitor,monitor,14.0,8,20,0.0
content_c979a888e4ab,client_8527a891e2,38.5,monitor,monitor,20.5,2,104,0.0
content_f663c691f998,client_8527a891e2,38.5,monitor,monitor,2.0,1,8,0.0
content_82dab8cbf876,client_4e07408562,38.5,monitor,monitor,17.4,2419,13,0.33
content_f8c0a48792e2,client_4e07408562,38.5,monitor,monitor,23.4,266,13,0.38
content_10efef7b5004,client_e629fa6598,38.5,monitor,monitor,38.4,903,22,0.11
content_c9f2c81b4687,client_e629fa6598,38.5,monitor,monitor,6.5,71,20,0.0
content_7efca55e8633,client_e629fa6598,38.5,monitor,monitor,10.6,59,22,0.0
content_ddd78ab60f97,client_e629fa6598,38.5,monitor,monitor,8.5,82,22,0.0
content_1c189411f713,client_4e07408562,38.5,monitor,monitor,39.8,1400,104,0.07
content_5787a7c37cfb,client_4e07408562,38.5,monitor,monitor,8.8,3471,14,0.52
content_883e8d89903a,client_8527a891e2,38.5,monitor,monitor,3.0,5,20,0.0
content_47abc023a16a,client_f369cb89fc,38.5,monitor,monitor,38.5,51,20,0.0
content_597457ba3cd5,client_f369cb89fc,38.5,monitor,monitor,5.5,2,8,0.0
content_cd641f3210bd,client_4e07408562,38.4,monitor,monitor,9.1,17891,25,0.68
content_937a87e42eb4,client_8527a891e2,38.4,monitor,monitor,19.4,14,20,0.0
content_e4d33e5e54a6,client_4e07408562,38.4,monitor,monitor,6.0,27047,14,0.51
content_4ffdd573fb33,client_e629fa6598,38.4,monitor,monitor,7.8,150,22,0.0
content_fe95a108e96a,client_f369cb89fc,38.4,monitor,monitor,2.5,2,8,0.0
content_f68fc903dd4f,client_f369cb89fc,38.4,monitor,monitor,7.0,3,8,0.0
content_da6a103cafcf,client_4e07408562,38.4,monitor,monitor,8.9,18501,25,0.51
content_6001c2eabb75,client_8527a891e2,38.4,monitor,monitor,8.0,2,98,0.0
content_43d80ec82589,client_f369cb89fc,38.4,monitor,monitor,10.0,4,8,0.0
content_e3dff173ea81,client_e629fa6598,38.4,monitor,monitor,19.2,1609,22,0.12
content_43086d953bcc,client_e629fa6598,38.4,monitor,monitor,6.9,30,22,0.0
content_87845043b009,client_8527a891e2,38.4,monitor,monitor,7.0,2,103,0.0
content_93d5f1ac34c8,client_f369cb89fc,38.4,monitor,monitor,8.0,3,8,0.0
content_98c3a1265641,client_e629fa6598,38.4,monitor,monitor,8.4,1189,22,0.42
content_e20229ca23ea,client_4e07408562,38.4,monitor,monitor,33.6,1182,7,0.25
content_9357e2dc8d36,client_e629fa6598,38.3,monitor,monitor,9.4,40,22,0.0
content_bd21a274a381,client_8527a891e2,38.3,monitor,monitor,8.0,1,20,0.0
content_9b8bc70a7157,client_4e07408562,38.3,monitor,monitor,3.6,6106,104,0.34
content_5324c7411a7c,client_4e07408562,38.3,monitor,monitor,13.7,945,13,0.11
content_336505277c39,client_8527a891e2,38.3,monitor,monitor,4.0,1,98,0.0
content_7959cb7d586f,client_f369cb89fc,38.3,monitor,monitor,8.4,692,20,1.59
content_2c546f720c93,client_4e07408562,38.3,monitor,monitor,12.8,10175,25,0.39
content_62f7481ff472,client_8527a891e2,38.2,monitor,monitor,5.8,6,104,0.0
content_69dfd503ee88,client_4e07408562,38.2,monitor,monitor,51.2,1038,104,0.1
content_52a5b8e806e0,client_4e07408562,38.2,monitor,monitor,27.1,2108,25,0.14
content_6a96ab0bd63c,client_4e07408562,38.2,monitor,monitor,31.1,388,104,0.0
content_0733c992bdbf,client_8527a891e2,38.2,monitor,monitor,29.1,14,104,0.0
content_fa539334ab0e,client_f369cb89fc,38.2,monitor,monitor,28.1,8,20,0.0
content_920a46c32b74,client_4e07408562,38.2,monitor,monitor,8.4,3791,20,0.63
content_2b5359e179b0,client_4e07408562,38.2,monitor,monitor,11.5,3202,14,0.53
content_8475b08af71b,client_f369cb89fc,38.2,monitor,monitor,8.4,18,20,5.56
content_a4ffa2f040ad,client_8527a891e2,38.2,monitor,monitor,8.0,1,20,0.0
content_164f5bc59472,client_4e07408562,38.2,monitor,monitor,67.5,180,104,0.0
content_1c4abe3464d7,client_f369cb89fc,38.2,monitor,monitor,5.3,7529,20,1.18
content_796a5cdc793f,client_8527a891e2,38.2,monitor,monitor,60.1,122,103,0.0
content_3b66ce5fb84c,client_4e07408562,38.1,monitor,monitor,25.3,8674,20,0.25
content_a388f562e286,client_4e07408562,38.1,monitor,monitor,6.8,14334,14,0.15
content_dc01e2cc035d,client_e629fa6598,38.1,monitor,monitor,47.1,529,22,0.0
content_d8093280e426,client_8527a891e2,38.1,monitor,monitor,9.0,5,20,0.0
content_cb0b2b24814f,client_8527a891e2,38.1,monitor,monitor,22.6,12,20,0.0
content_66d756692c55,client_e629fa6598,38.1,monitor,monitor,9.9,487,20,1.03
content_2a8b933ad17e,client_f369cb89fc,38.1,monitor,monitor,8.5,2,8,0.0
content_4b9726e167a8,client_e629fa6598,38.1,monitor,monitor,6.3,3286,22,0.24
content_79c794728c6b,client_4e07408562,38.0,monitor,monitor,11.0,9202,25,0.13
content_64405ee1d117,client_4e07408562,38.0,monitor,monitor,4.8,5797,13,0.53
content_d9b26e252f36,client_f369cb89fc,38.0,monitor,monitor,1.5,2,8,0.0
content_8fa5820a87f9,client_e629fa6598,38.0,monitor,monitor,23.2,1157,22,0.09
content_3e0d4f33d0b8,client_8527a891e2,38.0,monitor,monitor,2.0,4,8,0.0
content_77d84ff69f78,client_4e07408562,38.0,monitor,monitor,5.9,9907,13,0.36
content_16b0c7bdba1f,client_8527a891e2,38.0,monitor,monitor,83.0,233,103,0.0
content_73efbabd83af,client_f369cb89fc,38.0,monitor,monitor,39.7,25,20,0.0
content_2d734af51f46,client_f369cb89fc,38.0,monitor,monitor,0.5,2,8,0.0
content_5825f1c45ece,client_4e07408562,38.0,monitor,monitor,6.3,2508,7,0.84
content_37db2a63c9c7,client_f369cb89fc,38.0,monitor,monitor,6.7,7,8,0.0
content_4baabeaad579,client_4e07408562,37.9,monitor,monitor,26.2,11747,25,0.17
content_3db5f4f440b0,client_4e07408562,37.9,monitor,monitor,4.4,19903,14,0.55
content_26cf459dc4a6,client_f369cb89fc,37.9,monitor,monitor,6.8,6,8,0.0
content_843cd874df3d,client_8527a891e2,37.9,monitor,monitor,9.7,3,20,0.0
content_1fc08ac27f1a,client_4e07408562,37.9,monitor,monitor,21.2,2771,13,0.58
content_c0438e3c5c6d,client_4e07408562,37.9,monitor,monitor,4.6,23446,20,0.51
content_dd2c71582793,client_4e07408562,37.9,monitor,monitor,27.3,13060,25,0.26
content_cccbfdb84e73,client_d029fa3a95,37.9,monitor,monitor,5.0,5,20,0.0
content_97ded6664747,client_f369cb89fc,37.9,monitor,monitor,3.5,17,20,11.76
content_1cba252b4de2,client_e629fa6598,37.9,monitor,monitor,38.4,305,22,0.0
content_c68487838986,client_8527a891e2,37.9,monitor,monitor,4.3,3,20,0.0
content_fca1bf3940c0,client_4e07408562,37.8,monitor,monitor,4.2,86170,7,0.33
content_f777bcb4fdad,client_8527a891e2,37.8,monitor,monitor,6.0,4,103,0.0
content_185382e3ca8a,client_e629fa6598,37.8,monitor,monitor,17.7,247,20,0.0
content_d6f685c3637e,client_8527a891e2,37.8,monitor,monitor,50.6,18,20,0.0
content_2af097f4fae4,client_f369cb89fc,37.8,monitor,monitor,5.2,29,20,3.45
content_3464adc98816,client_8527a891e2,37.8,monitor,monitor,5.0,2,8,0.0
content_99f32aaf9234,client_4e07408562,37.8,monitor,monitor,38.2,4120,104,0.05
content_d11aa36e122c,client_4e07408562,37.8,monitor,monitor,8.5,12291,34,0.28
content_b79633beb5ba,client_f369cb89fc,37.7,monitor,monitor,11.1,47904,20,0.49
content_3f5bc363a67d,client_4e07408562,37.7,monitor,monitor,10.6,13590,25,0.23
content_c395e96c3464,client_e629fa6598,37.7,monitor,monitor,8.5,518,22,0.39
content_b45cc3f5b6b6,client_4e07408562,37.7,monitor,monitor,16.7,34197,25,0.2
content_59ae69c1396f,client_4e07408562,37.7,monitor,monitor,28.4,50865,104,0.12
content_f58210f7b027,client_4e07408562,37.7,monitor,monitor,42.4,1098,20,0.0
content_17d206dcc70b,client_e629fa6598,37.7,monitor,monitor,35.8,1947,22,0.05
content_11997101ed2d,client_8527a891e2,37.7,monitor,monitor,8.0,2,20,0.0
content_58144ba2f74e,client_4e07408562,37.7,monitor,monitor,4.2,6199,104,0.13
content_947b1d18a006,client_8527a891e2,37.7,monitor,monitor,5.7,19,104,5.26
content_7d91b762b534,client_4e07408562,37.7,monitor,monitor,5.4,8979,20,0.55
content_b138c0b35a91,client_4e07408562,37.7,monitor,monitor,5.0,29545,7,0.38
content_3d6091dbb50e,client_8527a891e2,37.6,monitor,monitor,9.3,14,92,7.14
content_d2db220c5023,client_8527a891e2,37.6,monitor,monitor,7.0,2,20,0.0
content_676240affafe,client_4e07408562,37.6,monitor,monitor,11.0,6289,25,0.81
content_4f32a470ea32,client_4e07408562,37.6,monitor,monitor,25.5,6917,25,0.39
content_335f13ccec68,client_4e07408562,37.6,monitor,monitor,36.4,118,104,0.0
content_03311a103622,client_8527a891e2,37.6,monitor,monitor,10.0,2,20,0.0
content_1884353791a8,client_8527a891e2,37.6,monitor,monitor,5.5,2,8,0.0
content_cdb5fce0cfb1,client_e629fa6598,37.6,monitor,monitor,5.7,54,20,0.0
content_1f998be42e43,client_8527a891e2,37.6,monitor,monitor,11.0,1,8,0.0
content_3488f80b0d20,client_e629fa6598,37.6,monitor,monitor,32.5,815,22,0.12
content_5714f0813b1a,client_4e07408562,37.6,monitor,monitor,41.6,2946,7,0.1
content_4752844167a2,client_8527a891e2,37.6,monitor,monitor,44.1,104,20,0.0
content_7e62e609fca2,client_8527a891e2,37.5,monitor,monitor,82.5,182,20,0.0
content_208f24e28209,client_8527a891e2,37.5,monitor,monitor,9.3,6,102,0.0
content_7765c3246206,client_8527a891e2,37.5,monitor,monitor,4.0,1,20,0.0
content_293040c73278,client_e629fa6598,37.5,monitor,monitor,15.1,64,20,0.0
content_f83c602379ea,client_e629fa6598,37.5,monitor,monitor,8.9,24,20,0.0
content_16788821b64a,client_e629fa6598,37.5,monitor,monitor,9.6,320,22,0.31
content_9f6285e9de96,client_8527a891e2,37.5,monitor,monitor,4.0,2,20,0.0
content_e76294ac1955,client_4e07408562,37.5,monitor,monitor,5.0,24730,14,0.46
content_18ec38232eba,client_4e07408562,37.4,monitor,monitor,28.7,6466,25,0.17
content_4c7f58701820,client_4e07408562,37.4,monitor,monitor,4.1,30411,20,0.56
content_695e73901409,client_e629fa6598,37.4,monitor,monitor,31.9,409,22,0.0
content_e1d5ae8705bf,client_4e07408562,37.4,monitor,monitor,9.2,3772,13,1.03
content_bd42ced1f902,client_4e07408562,37.4,monitor,monitor,18.0,21786,25,0.54
content_5f99dcec8b69,client_e629fa6598,37.4,monitor,monitor,11.6,20,22,0.0
content_a6b64150990e,client_4e07408562,37.4,monitor,monitor,6.7,27326,25,0.43
content_219b8e3014a4,client_e629fa6598,37.4,monitor,monitor,4.1,40,20,0.0
content_43908979b8b2,client_4e07408562,37.3,monitor,monitor,11.1,7786,25,0.58
content_464f17868335,client_8527a891e2,37.3,monitor,monitor,15.5,2,20,0.0
content_c9a8f7f9d050,client_f369cb89fc,37.3,monitor,monitor,56.1,41,20,0.0
content_206b16537b0e,client_4e07408562,37.3,monitor,monitor,7.4,39484,25,0.31
content_d6a454462332,client_4e07408562,37.3,monitor,monitor,12.2,27467,25,0.26
content_21b7a5699ae0,client_8527a891e2,37.3,monitor,monitor,19.8,4,20,0.0
content_6059a898de26,client_8527a891e2,37.3,monitor,monitor,8.5,2,20,0.0
content_8118ace068f8,client_4e07408562,37.3,monitor,monitor,24.9,2170,7,0.0
content_fe8a79d80cfb,client_8527a891e2,37.3,monitor,monitor,81.0,111,8,0.0
content_b04d16f984c7,client_8527a891e2,37.3,monitor,monitor,7.0,1,20,0.0
content_c1f330d0aff3,client_4e07408562,37.3,monitor,monitor,5.5,10679,104,0.26
content_07c67eae1612,client_8527a891e2,37.3,monitor,monitor,7.5,6,104,0.0
content_880690982550,client_8527a891e2,37.3,monitor,monitor,7.8,4,102,0.0
content_a49999b2fd16,client_e629fa6598,37.2,monitor,monitor,14.3,562,22,0.18
content_ed4f3ec14a68,client_f369cb89fc,37.2,monitor,monitor,5.0,2,8,0.0
content_99c03a69af85,client_4e07408562,37.2,monitor,monitor,6.5,7924,7,0.37
content_c6ee1892f44b,client_f369cb89fc,37.2,monitor,monitor,4.3,4,20,0.0
content_e12f86c29ff8,client_e629fa6598,37.2,monitor,monitor,56.5,4137,22,0.02
content_4bf46541f98a,client_e629fa6598,37.2,monitor,monitor,6.2,67,20,1.49
content_e084d7507dab,client_4e07408562,37.2,monitor,monitor,23.7,737,104,0.14
content_f0571d121bc4,client_4e07408562,37.1,monitor,monitor,28.3,668,13,0.15
content_01eab8520dfa,client_4e07408562,37.1,monitor,monitor,30.9,2909,104,0.1
content_c63e0af4b14a,client_8527a891e2,37.1,monitor,monitor,68.2,58,8,0.0
content_9b797afc1c68,client_e629fa6598,37.1,monitor,monitor,13.3,232,20,0.43
content_4c4d1c64b58e,client_4e07408562,37.1,monitor,monitor,11.0,8712,25,0.63
content_7180e5f9adcd,client_8527a891e2,37.1,monitor,monitor,17.2,13,20,0.0
content_79fdc2a90e0a,client_4e07408562,37.1,monitor,monitor,13.4,796,13,0.13
content_f5475c3cab1c,client_4e07408562,37.0,monitor,monitor,7.2,12883,25,0.33
content_3bcd83e14b4c,client_8527a891e2,37.0,monitor,monitor,14.0,3,102,0.0
content_9a1f2555b1eb,client_4e07408562,37.0,monitor,monitor,31.9,5296,104,0.15
content_797bb027e4a4,client_8527a891e2,37.0,monitor,monitor,16.9,7,20,0.0
content_2d75bf10c4be,client_f369cb89fc,37.0,monitor,monitor,0.5,2,20,0.0
content_2e6955a6d440,client_f369cb89fc,36.9,monitor,monitor,1.0,2,20,0.0
content_52a6f8440e34,client_8527a891e2,36.9,monitor,monitor,38.2,21,104,0.0
content_0ef7040d504a,client_e629fa6598,36.9,monitor,monitor,11.9,2235,22,0.18
content_c7481f76dd1e,client_f369cb89fc,36.9,monitor,monitor,3.0,1,20,0.0
content_9fecdbcad47a,client_f369cb89fc,36.9,monitor,monitor,5.0,2,8,0.0
content_09c4f5f03a74,client_e629fa6598,36.9,monitor,monitor,17.6,244,22,0.41
content_dc55f7cfd39d,client_4e07408562,36.9,monitor,monitor,55.1,91,104,0.0
content_349dcc3424de,client_8527a891e2,36.9,monitor,monitor,2.0,3,8,0.0
content_c6a2b6495f55,client_4e07408562,36.9,monitor,monitor,2.6,22411,104,0.36
content_ce2f72282bfa,client_e629fa6598,36.9,monitor,monitor,6.9,33,20,0.0
content_62d1c8c930d1,client_4e07408562,36.8,monitor,monitor,9.5,2833,13,0.56
content_2e5461c6fe96,client_8527a891e2,36.8,monitor,monitor,60.6,464,103,0.22
content_4ea3bf51de39,client_f369cb89fc,36.8,monitor,monitor,46.5,44,20,0.0
content_a82df1afd767,client_4e07408562,36.8,monitor,monitor,9.7,8304,25,0.54
content_be905335c59c,client_8527a891e2,36.8,monitor,monitor,7.8,5,20,0.0
content_496f4619c97a,client_8527a891e2,36.8,monitor,monitor,3.0,1,8,0.0
content_5ec81b962409,client_8527a891e2,36.8,monitor,monitor,47.4,744,104,0.54
content_e1e60f196c3f,client_8527a891e2,36.8,monitor,monitor,45.9,16,20,0.0
content_c3605045bdf9,client_e629fa6598,36.7,monitor,monitor,23.9,720,22,0.0
content_4ad3b273bba8,client_e629fa6598,36.7,monitor,monitor,11.7,24,22,0.0
content_5099fd7ada65,client_8527a891e2,36.7,monitor,monitor,18.7,6,104,0.0
content_79ea779b5fcc,client_8527a891e2,36.7,monitor,monitor,30.4,34,20,0.0
content_9e40f2d86a76,client_8527a891e2,36.7,monitor,monitor,82.1,94,104,0.0
content_04627e23b1fb,client_f369cb89fc,36.6,monitor,monitor,9.0,2,8,0.0
content_81c43ea37892,client_4e07408562,36.6,monitor,monitor,15.9,1738,14,0.81
content_20b6e6820215,client_8527a891e2,36.6,monitor,monitor,31.6,5,104,0.0
content_fdc8df9bd949,client_e629fa6598,36.6,monitor,monitor,8.0,83,22,0.0
content_69aa50d0821a,client_4e07408562,36.6,monitor,monitor,15.9,18400,25,0.31
content_ae19d5d1b63a,client_8527a891e2,36.5,monitor,monitor,13.8,4,20,0.0
content_abfa53fe7911,client_e629fa6598,36.5,monitor,monitor,10.6,261,22,0.38
content_b3152ebe9e7e,client_4e07408562,36.5,monitor,monitor,7.2,92629,25,0.21
content_d72fc05ccca7,client_8527a891e2,36.5,monitor,monitor,3.8,6,20,0.0
content_ff7f46bd2c17,client_8527a891e2,36.5,monitor,monitor,10.5,2,20,0.0
content_4aa228eef7a1,client_e629fa6598,36.5,monitor,monitor,8.4,41,22,0.0
content_12269c796b58,client_4e07408562,36.4,monitor,monitor,10.5,3394,13,0.38
content_5fe46e04994d,client_4e07408562,36.4,monitor,monitor,4.2,517715,104,0.14
content_898cc0d1d0ca,client_8527a891e2,36.4,monitor,monitor,14.3,6,104,0.0
content_884811539c8a,client_f369cb89fc,36.4,monitor,monitor,13.0,2,8,0.0
content_204ed30f3639,client_4e07408562,36.4,monitor,monitor,6.9,429,13,1.17
content_365ffb2ca896,client_e629fa6598,36.4,monitor,monitor,30.4,236,22,0.0
content_ee2303f5bdba,client_8527a891e2,36.4,monitor,monitor,2.5,4,20,0.0
content_5c8556c69135,client_e629fa6598,36.4,monitor,monitor,44.7,229,104,0.44
content_1d4d78ba6371,client_8527a891e2,36.4,monitor,monitor,7.1,11,103,0.0
content_bcaf29cf76c1,client_4e07408562,36.4,monitor,monitor,9.5,4078,20,0.1
content_cba44f33db53,client_8527a891e2,36.3,monitor,monitor,65.8,439,104,0.0
content_811829ad0de3,client_8527a891e2,36.3,monitor,monitor,14.8,5,20,0.0
content_cf89cdf7de74,client_f369cb89fc,36.3,monitor,monitor,17.8,6,20,0.0
content_2514cbcf6384,client_4e07408562,36.3,monitor,monitor,26.6,3208,14,0.12
content_2b1f32ead063,client_8527a891e2,36.3,monitor,monitor,2.5,2,20,0.0
content_06521c9216a0,client_f369cb89fc,36.3,monitor,monitor,0.6,7,20,14.29
content_8f9c1a24eab5,client_8527a891e2,36.3,monitor,monitor,8.0,3,20,0.0
content_92698ba603df,client_f369cb89fc,36.3,monitor,monitor,4.6,21,20,9.52
content_9b20894f75c1,client_4e07408562,36.3,monitor,monitor,5.5,16160,104,0.51
content_7dd047c5c133,client_4e07408562,36.3,monitor,monitor,3.8,41755,7,0.45
content_d089619f78d7,client_8527a891e2,36.3,monitor,monitor,5.5,2,20,0.0
content_9612ed8d6a05,client_e629fa6598,36.3,monitor,monitor,33.4,2352,20,0.17
content_d0a8a882c042,client_4e07408562,36.3,monitor,monitor,33.5,8201,104,0.17
content_ebd69ed4d6b6,client_e629fa6598,36.2,monitor,monitor,6.8,119,20,0.0
content_38efc381811c,client_8527a891e2,36.2,monitor,monitor,20.3,11,102,0.0
content_29717601b959,client_8527a891e2,36.2,monitor,monitor,21.0,3,20,0.0
content_ed130d02c76d,client_4e07408562,36.2,monitor,monitor,4.6,91825,14,0.39
content_3bc098c10285,client_4e07408562,36.2,monitor,monitor,27.7,2024,7,0.35
content_25e671bfdca0,client_4e07408562,36.2,monitor,monitor,9.9,8474,25,0.81
content_439ca5f518b3,client_8527a891e2,36.2,monitor,monitor,6.5,8,20,0.0
content_85d1fb597319,client_4e07408562,36.2,monitor,monitor,11.6,34627,25,0.27
content_80dd61da7ce1,client_4e07408562,36.2,monitor,monitor,49.3,402,104,0.0
content_20341c2e4c9f,client_8527a891e2,36.2,monitor,monitor,30.1,12,103,0.0
content_1ba3c39b667c,client_4e07408562,36.2,monitor,monitor,6.9,3932,7,0.38
content_57d6a744b837,client_8527a891e2,36.2,monitor,monitor,23.7,6,104,0.0
content_2936b3830f05,client_e629fa6598,36.1,monitor,monitor,5.9,29,22,0.0
content_82837d50572c,client_4e07408562,36.1,monitor,monitor,40.2,2352,104,0.17
content_6d9eed144ee7,client_4e07408562,36.1,monitor,monitor,6.1,15211,20,0.49
content_0a4f17a4ab54,client_e629fa6598,36.1,monitor,monitor,7.2,3786,22,0.4
content_7928e72dd6d8,client_4e07408562,36.1,monitor,monitor,5.7,8577,104,0.62
content_d191038eb3da,client_4e07408562,36.1,monitor,monitor,16.7,2150,7,0.51
content_e5a9e727df95,client_8527a891e2,36.1,monitor,monitor,9.3,9,92,0.0
content_5af81363d22c,client_4e07408562,36.1,monitor,monitor,9.4,8824,25,0.39
content_4a6afe6d93cd,client_f369cb89fc,36.1,monitor,monitor,3.0,2,8,0.0
content_83e19a9ce479,client_4e07408562,36.1,monitor,monitor,54.1,483,104,0.0
content_e78170eca8ef,client_e629fa6598,36.1,monitor,monitor,6.2,18,20,0.0
content_6daa046e195c,client_8527a891e2,36.1,monitor,monitor,42.0,239,104,0.42
content_31c90b860ef8,client_4e07408562,36.1,monitor,monitor,3.6,11164,104,0.78
content_d1c0e3569a3e,client_4e07408562,36.1,monitor,monitor,15.1,4105,14,0.63
content_264fd4d30b6f,client_4e07408562,36.0,monitor,monitor,28.3,287,13,0.35
content_545b4017d302,client_8527a891e2,36.0,monitor,monitor,17.5,4,20,0.0
content_d645cfe66a78,client_8527a891e2,36.0,monitor,monitor,17.5,4,20,0.0
content_1e0b605fa2f5,client_4e07408562,36.0,monitor,monitor,25.8,578,13,0.0
content_2c259410ba09,client_8527a891e2,35.9,monitor,monitor,25.7,3,8,0.0
content_19d8ec05394d,client_e629fa6598,35.9,monitor,monitor,54.1,242,104,0.83
content_a37cded67cd7,client_e629fa6598,35.9,monitor,monitor,17.0,35,22,0.0
content_885ea290764c,client_8527a891e2,35.9,monitor,monitor,9.0,2,8,0.0
content_d8d9e5614b14,client_f369cb89fc,35.8,monitor,monitor,19.8,12,8,0.0
content_19837b7f401b,client_8527a891e2,35.8,monitor,monitor,18.2,5,20,0.0
content_05d71853e0f1,client_4e07408562,35.8,monitor,monitor,21.7,1836,7,0.44
content_6cac3cdb43ec,client_e629fa6598,35.8,monitor,monitor,30.2,465,22,0.0
content_8025e3894512,client_8527a891e2,35.8,monitor,monitor,80.2,78,20,0.0
content_1f37db922da1,client_4e07408562,35.7,monitor,monitor,6.4,74642,25,0.27
content_9f127b1f663f,client_4e07408562,35.7,monitor,monitor,9.8,5592,25,0.7
content_e6e15ac13287,client_4e07408562,35.7,monitor,monitor,4.9,128704,104,0.4
content_753b597f5220,client_8527a891e2,35.7,monitor,monitor,3.0,5,20,0.0
content_9a5ca91893e0,client_8527a891e2,35.7,monitor,monitor,21.5,6,104,0.0
content_a50e3e16761d,client_e629fa6598,35.7,monitor,monitor,57.9,429,20,0.23
content_abcc98cc68f8,client_4e07408562,35.7,monitor,monitor,21.5,557,13,0.72
content_44f11d347adf,client_e629fa6598,35.7,monitor,monitor,9.0,36,22,0.0
content_59593c76da44,client_e629fa6598,35.7,monitor,monitor,4.8,18,20,0.0
content_8535cfede35b,client_8527a891e2,35.7,monitor,monitor,26.7,3,20,0.0
content_129d26f2c0e8,client_e629fa6598,35.7,monitor,monitor,9.3,201,22,0.5
content_bd6486743ec2,client_4e07408562,35.7,monitor,monitor,12.1,484,13,0.41
content_0f321c06d95b,client_f369cb89fc,35.7,monitor,monitor,12.5,4,20,0.0
content_654bf4030796,client_f369cb89fc,35.7,monitor,monitor,7.0,2,20,0.0
content_a83ea5213bce,client_4e07408562,35.6,monitor,monitor,20.4,13259,25,0.37
content_70425373a183,client_4e07408562,35.6,monitor,monitor,22.3,3851,14,0.42
content_74bb05d20f93,client_4e07408562,35.6,monitor,monitor,64.4,944,104,0.11
content_03b0b358361b,client_8527a891e2,35.6,monitor,monitor,24.2,9,20,0.0
content_dcfe3a0f6933,client_8527a891e2,35.6,monitor,monitor,7.1,8,20,0.0
content_26127eb687b1,client_f369cb89fc,35.6,monitor,monitor,3.7,18,20,5.56
content_2368b6c7fbad,client_8527a891e2,35.6,monitor,monitor,10.4,7,8,0.0
content_823ed1f9a2fe,client_8527a891e2,35.6,monitor,monitor,7.0,2,20,0.0
content_0ffb2129c7b0,client_8527a891e2,35.6,monitor,monitor,14.7,7,20,0.0
content_3ed73641fbe8,client_4e07408562,35.6,monitor,monitor,10.2,1176,7,1.11
content_b3733b63fe1d,client_4e07408562,35.6,monitor,monitor,5.5,20424,104,0.16
content_31e9e68e79fd,client_8527a891e2,35.5,monitor,monitor,29.8,5,20,0.0
content_0a161787bb28,client_f369cb89fc,35.5,monitor,monitor,17.5,1006,20,1.69
content_76b80127fd2b,client_8527a891e2,35.5,monitor,monitor,39.7,7,20,0.0
content_044c06ac12dc,client_4e07408562,35.5,monitor,monitor,38.1,799,104,0.0
content_0f4f808958c4,client_4e07408562,35.5,monitor,monitor,7.7,1889,13,1.06
content_d4e4525866ed,client_e629fa6598,35.5,monitor,monitor,19.1,493,22,0.2
content_45c48b701376,client_8527a891e2,35.5,monitor,monitor,65.2,263,104,0.0
content_f3464a853034,client_f369cb89fc,35.5,monitor,monitor,9.5,11,8,0.0
content_e37ac6e0380a,client_f369cb89fc,35.5,monitor,monitor,6.0,1,8,0.0
content_e2881e0ebe63,client_8527a891e2,35.4,monitor,monitor,3.5,2,8,0.0
content_fdab4c5e61d2,client_4e07408562,35.4,monitor,monitor,31.6,2206,104,0.27
content_9fb4690a909c,client_8527a891e2,35.4,monitor,monitor,64.1,32,20,0.0
content_0371fc7cdb0a,client_4e07408562,35.4,monitor,monitor,69.7,2416,104,0.04
content_c22f0bebb1d1,client_4e07408562,35.4,monitor,monitor,5.3,4458,104,1.75
content_40cb4af260c0,client_f369cb89fc,35.4,monitor,monitor,25.5,8,20,0.0
content_6f28f499edff,client_8527a891e2,35.4,monitor,monitor,13.9,7,20,0.0
content_9399f5a1225e,client_f369cb89fc,35.4,monitor,monitor,12.0,3,8,0.0
content_91938c472d20,client_4e07408562,35.4,monitor,monitor,34.8,4661,13,0.3
content_48d53a6387b8,client_e629fa6598,35.3,monitor,monitor,37.5,104,20,0.0
content_60b83f4c4dbd,client_e629fa6598,35.3,monitor,monitor,24.1,24,20,0.0
content_a5114e80f6bb,client_8527a891e2,35.3,monitor,monitor,28.6,9,20,0.0
content_3587f30c8750,client_8527a891e2,35.3,monitor,monitor,47.6,23,20,0.0
content_9be26bd0feb2,client_e629fa6598,35.3,monitor,monitor,27.2,119,22,0.0
content_31c1845e0992,client_8527a891e2,35.3,monitor,monitor,57.5,58,20,0.0
content_19415130d5ee,client_e629fa6598,35.3,monitor,monitor,62.1,1021,22,0.0
content_f3592d7f19d6,client_8527a891e2,35.2,monitor,monitor,18.0,4,20,0.0
content_d1a08ef06423,client_f369cb89fc,35.2,monitor,monitor,8.0,4,20,0.0
content_5fae218025f1,client_8527a891e2,35.2,monitor,monitor,15.3,7,104,0.0
content_d364fe3caafa,client_e629fa6598,35.2,monitor,monitor,21.6,75,20,0.0
content_be6ea65f059d,client_e629fa6598,35.2,monitor,monitor,5.1,18,20,0.0
content_298174f9d037,client_f369cb89fc,35.2,monitor,monitor,13.0,7,20,0.0
content_3c2d403aa461,client_e629fa6598,35.2,monitor,monitor,8.8,375,20,0.27
content_180d34c3f23b,client_e629fa6598,35.2,monitor,monitor,8.7,42,22,0.0
content_a268e1e77380,client_e629fa6598,35.2,monitor,monitor,8.3,714,22,0.56
content_ecff98594133,client_8527a891e2,35.2,monitor,monitor,58.6,20,20,0.0
content_116108f97539,client_f369cb89fc,35.1,monitor,monitor,2.0,2,20,0.0
content_eda7ca2e850c,client_4e07408562,35.1,monitor,monitor,10.4,1242,104,0.16
content_901b40631379,client_8527a891e2,35.1,monitor,monitor,15.0,1,98,0.0
content_659479bf8d74,client_4e07408562,35.1,monitor,monitor,22.6,60021,25,0.17
content_245230354a4e,client_8527a891e2,35.1,monitor,monitor,19.5,8,20,0.0
content_0cf10a71b943,client_4e07408562,35.1,monitor,monitor,14.3,554,13,0.18
content_8189ba254e13,client_8527a891e2,35.1,monitor,monitor,20.0,10,104,0.0
content_5252de544d98,client_8527a891e2,35.1,monitor,monitor,6.0,8,20,0.0
content_4ead9ab22a4a,client_4e07408562,35.0,monitor,monitor,24.3,4461,14,0.22
content_eac627facfe5,client_4e07408562,35.0,monitor,monitor,43.2,270,104,0.0
content_033581b09704,client_4e07408562,35.0,monitor,monitor,4.4,41650,104,0.07
content_63c5cd559eaf,client_4e07408562,35.0,monitor,monitor,30.4,1584,104,0.25
content_74e5927a9ac1,client_4e07408562,35.0,monitor,monitor,25.3,10424,25,0.13
content_3fd05ebd11f9,client_e629fa6598,35.0,monitor,monitor,21.1,794,22,0.13
content_0951779fa0ca,client_8527a891e2,35.0,monitor,monitor,41.2,10,20,0.0
content_dbc44237b6c2,client_e629fa6598,34.9,monitor,monitor,21.5,115,20,0.0
content_4e90099142fd,client_e629fa6598,34.9,monitor,monitor,15.2,79,22,0.0
content_2e18e12a751b,client_4e07408562,34.9,monitor,monitor,5.8,15644,14,0.49
content_dd6ae2827de8,client_f369cb89fc,34.9,monitor,monitor,3.7,3,8,0.0
content_671f4a1e9081,client_e629fa6598,34.9,monitor,monitor,14.2,843,22,0.59
content_72d7cb87d6e0,client_8527a891e2,34.9,monitor,monitor,49.3,25,20,0.0
content_73eaf5c97fef,client_8527a891e2,34.9,monitor,monitor,20.0,4,8,0.0
content_45b8c3850ec7,client_8527a891e2,34.9,monitor,monitor,15.9,10,20,0.0
content_b485252b8e39,client_e629fa6598,34.9,monitor,monitor,9.8,9,20,0.0
content_83c7b7f65e6b,client_4e07408562,34.9,monitor,monitor,21.6,4496,25,0.42
content_e12a9b378a1f,client_f369cb89fc,34.8,monitor,monitor,15.0,4,20,0.0
content_795234993c79,client_e629fa6598,34.8,monitor,monitor,46.3,1199,22,0.0
content_9d8200c7004c,client_8527a891e2,34.8,monitor,monitor,45.9,43,20,0.0
content_2cc463a59613,client_434c9b5ae5,34.8,monitor,monitor,2.0,3,8,0.0
content_fecb3b1efda1,client_8527a891e2,34.8,monitor,monitor,3.5,2,20,0.0
content_d7238b16367e,client_4e07408562,34.8,monitor,monitor,7.6,12049,25,0.79
content_b74d4cbe5100,client_e629fa6598,34.8,monitor,monitor,17.4,46,20,0.0
content_a4c38287770e,client_8527a891e2,34.8,monitor,monitor,5.0,2,20,0.0
content_038770d29101,client_8527a891e2,34.8,monitor,monitor,22.8,5,20,0.0
content_b060a56e168e,client_4e07408562,34.7,monitor,monitor,10.4,20764,25,0.33
content_d0115e84f5e5,client_e629fa6598,34.7,monitor,monitor,17.5,40,22,0.0
content_4ebbca3ca29a,client_4e07408562,34.7,monitor,monitor,14.0,4870,20,0.41
content_ae0ac41bae69,client_e629fa6598,34.7,monitor,monitor,13.6,28,20,0.0
content_1904715400d4,client_8527a891e2,34.6,monitor,monitor,17.2,5,20,0.0
content_c618a74471ef,client_4e07408562,34.6,monitor,monitor,7.3,14761,25,0.41
content_c7a9e08bd998,client_e629fa6598,34.6,monitor,monitor,9.5,96,22,0.0
content_1245a9eeb0d2,client_8527a891e2,34.6,monitor,monitor,56.6,81,104,0.0
content_10acb87b3040,client_4e07408562,34.6,monitor,monitor,8.0,63027,25,0.25
content_b440df3ca57a,client_8527a891e2,34.6,monitor,monitor,5.0,4,20,0.0
content_680d36e6f309,client_f369cb89fc,34.6,monitor,monitor,4.0,2,8,0.0
content_06071662e631,client_4e07408562,34.6,monitor,monitor,13.2,2355,13,0.51
content_e523840da724,client_4e07408562,34.5,monitor,monitor,27.8,578,104,0.52
content_8279726d9928,client_4e07408562,34.5,monitor,monitor,3.8,36796,20,0.51
content_864fec53a163,client_4e07408562,34.5,monitor,monitor,6.5,10564,25,1.46
content_180776016615,client_e629fa6598,34.5,monitor,monitor,21.8,228,22,0.44
content_4014e91c398f,client_4e07408562,34.4,monitor,monitor,8.6,15825,25,0.76
content_df23b4bc766d,client_e629fa6598,34.4,monitor,monitor,49.6,665,22,0.0
content_b45d669ab808,client_8527a891e2,34.4,monitor,monitor,15.3,3,8,0.0
content_690b51acbaa9,client_4e07408562,34.4,monitor,monitor,8.5,22170,25,0.35
content_c56b05eb5257,client_4e07408562,34.4,monitor,monitor,53.9,637,104,0.16
content_02ab208bfb70,client_8527a891e2,34.4,monitor,monitor,31.8,8,20,0.0
content_aef5bb94556b,client_f369cb89fc,34.4,monitor,monitor,23.3,24,20,4.17
content_50296511d72f,client_e629fa6598,34.4,monitor,monitor,5.9,26,20,0.0
content_d1dd4dd758df,client_e629fa6598,34.4,monitor,monitor,27.6,180,20,0.56
content_b553e6af4fb1,client_4e07408562,34.3,monitor,monitor,7.9,7892,25,0.53
content_fb788de26cae,client_8527a891e2,34.3,monitor,monitor,30.0,24,20,0.0
content_cd850fb019b1,client_8527a891e2,34.3,monitor,monitor,15.2,5,20,0.0
content_2764754edaec,client_8527a891e2,34.3,monitor,monitor,7.0,1,104,0.0
content_11900bd7941a,client_4e07408562,34.3,monitor,monitor,2.8,123561,20,0.41
content_8e6a479b67c3,client_8527a891e2,34.3,monitor,monitor,7.4,5,20,0.0
content_ccd09746f607,client_e629fa6598,34.3,monitor,monitor,20.4,664,20,0.15
content_27c07c5ddfa9,client_4e07408562,34.2,monitor,monitor,11.1,2173,14,1.01
content_116c5be9609e,client_8527a891e2,34.2,monitor,monitor,32.6,5,20,0.0
content_8b34042b7a96,client_4e07408562,34.2,monitor,monitor,5.9,6787,104,0.47
content_19f92ceb8175,client_8527a891e2,34.2,monitor,monitor,56.7,38,20,0.0
content_b3994ba17e82,client_e629fa6598,34.2,monitor,monitor,10.8,145,22,0.0
content_c544de1b14e2,client_4e07408562,34.2,monitor,monitor,7.4,8153,25,0.61
content_1cb84e871aed,client_f369cb89fc,34.2,monitor,monitor,7.7,3,20,0.0
content_438de6fb2e89,client_4e07408562,34.2,monitor,monitor,4.1,42178,104,0.38
content_4b10bd84b6b5,client_e629fa6598,34.2,monitor,monitor,6.2,1137,22,0.53
content_f7cf83f3d4f3,client_4e07408562,34.1,monitor,monitor,10.3,1668,7,1.5
content_fceefae1041d,client_8527a891e2,34.1,monitor,monitor,68.7,141,104,0.0
content_830b63c8dbac,client_4e07408562,34.1,monitor,monitor,18.4,6395,25,0.75
content_8fce0ed56689,client_e629fa6598,34.1,monitor,monitor,8.3,485,22,0.62
content_33ff51dd343d,client_f369cb89fc,34.1,monitor,monitor,17.5,6,20,0.0
content_521ea9c60b02,client_4e07408562,34.1,monitor,monitor,54.1,797,20,0.13
content_dceedb71df1d,client_e629fa6598,34.1,monitor,monitor,42.1,187,22,0.0
content_25935a61ed55,client_f369cb89fc,34.1,monitor,monitor,9.3,19,20,5.26
content_82ec46d63e74,client_8527a891e2,34.1,monitor,monitor,21.0,2,20,0.0
content_b40c9f8c3e06,client_e629fa6598,34.0,monitor,monitor,10.1,30,22,0.0
content_caff51984338,client_e629fa6598,34.0,monitor,monitor,9.1,71,20,0.0
content_bc3c2360d9fc,client_e629fa6598,34.0,monitor,monitor,8.1,69,20,0.0
content_52beab51fc39,client_4e07408562,34.0,monitor,monitor,20.3,15070,34,0.09
content_5588ef6ef806,client_4e07408562,34.0,monitor,monitor,9.3,36281,25,0.42
content_a1a42ba58fbf,client_8527a891e2,34.0,monitor,monitor,26.3,4,20,0.0
content_9eb3f1242600,client_8527a891e2,34.0,monitor,monitor,41.0,13,20,0.0
content_69561a7ae2e1,client_e629fa6598,33.9,monitor,monitor,25.9,641,22,0.0
content_56077c187b5d,client_8527a891e2,33.9,monitor,monitor,24.0,8,104,0.0
content_81a91fe32bc2,client_e629fa6598,33.9,monitor,monitor,15.3,1508,22,0.66
content_eafdd316043c,client_f369cb89fc,33.9,monitor,monitor,8.5,2,8,0.0
content_67d872c4a067,client_4e07408562,33.9,monitor,monitor,6.9,25492,25,0.76
content_91f2041326a0,client_8527a891e2,33.9,monitor,monitor,21.2,5,20,0.0
content_16faf1fd0e10,client_8527a891e2,33.9,monitor,monitor,69.2,57,20,0.0
content_54ddb72de5b2,client_f369cb89fc,33.9,monitor,monitor,9.0,2,20,0.0
content_57596b8c69ff,client_4e07408562,33.8,monitor,monitor,5.1,65880,104,0.65
content_12f4c646de31,client_8527a891e2,33.8,monitor,monitor,27.6,14,20,0.0
content_445693fe3d02,client_8527a891e2,33.7,monitor,monitor,21.6,8,104,0.0
content_d70ada757917,client_4e07408562,33.7,monitor,monitor,7.1,3087,14,0.81
content_04e97796ac4d,client_4e07408562,33.7,monitor,monitor,51.4,3648,104,0.11
content_ab05043f1175,client_4e07408562,33.7,monitor,monitor,7.6,5186,25,1.04
content_e3a6a7d6736f,client_4e07408562,33.7,monitor,monitor,5.8,15598,104,0.48
content_d4c1e7b51c19,client_4e07408562,33.7,monitor,monitor,14.3,4441,25,0.2
content_34ad55d8ae44,client_e629fa6598,33.7,monitor,monitor,18.0,53,22,0.0
content_58751944898a,client_8527a891e2,33.6,monitor,monitor,38.0,3,103,0.0
content_e1638e7a3cb9,client_4e07408562,33.6,monitor,monitor,4.6,3792,104,0.92
content_7c385e8da058,client_e629fa6598,33.6,monitor,monitor,14.1,80,22,1.25
content_1f7b8d8897db,client_8527a891e2,33.6,monitor,monitor,24.0,7,20,0.0
content_7d7be59d2100,client_4e07408562,33.6,monitor,monitor,3.4,94767,20,0.33
content_ad361d0f210a,client_4e07408562,33.5,monitor,monitor,5.5,42331,104,0.36
content_2e6dcf759a44,client_f369cb89fc,33.5,monitor,monitor,20.4,8,20,0.0
content_52addb6f02cc,client_e629fa6598,33.5,monitor,monitor,8.2,49,22,0.0
content_931cf9e44e8a,client_4e07408562,33.5,monitor,monitor,34.9,5524,104,0.2
content_be9ecc1ddd07,client_8527a891e2,33.5,monitor,monitor,24.7,11,20,0.0
content_e4750940e3ab,client_e629fa6598,33.5,monitor,monitor,8.1,42,22,0.0
content_2b7a8c568e92,client_e629fa6598,33.5,monitor,monitor,37.3,248,22,0.0
content_1d00ce3850e6,client_4e07408562,33.5,monitor,monitor,10.1,6453,25,0.5
content_32f7e76c0924,client_f369cb89fc,33.4,monitor,monitor,3.3,9,20,11.11
content_856aca9a7224,client_4e07408562,33.4,monitor,monitor,5.0,54464,104,0.28
content_63c0b75de1a2,client_e629fa6598,33.4,monitor,monitor,10.5,53,20,0.0
content_30d9c0ee83d1,client_8527a891e2,33.4,monitor,monitor,10.3,4,20,0.0
content_db48904c158b,client_8527a891e2,33.4,monitor,monitor,8.0,1,104,0.0
content_31b1a77e5fd5,client_e629fa6598,33.4,monitor,monitor,10.4,60,22,0.0
content_38fbb36fa36c,client_4e07408562,33.4,monitor,monitor,11.5,5222,14,0.23
content_9264de4c358f,client_8527a891e2,33.4,monitor,monitor,7.0,2,8,0.0
content_d53208a3d2ae,client_f369cb89fc,33.4,monitor,monitor,21.4,5,20,0.0
content_e0995c3f3180,client_8527a891e2,33.4,monitor,monitor,74.5,170,104,0.0
content_7e13c4bf098b,client_f369cb89fc,33.3,monitor,monitor,8.0,2,8,0.0
content_213de49d5c4b,client_8527a891e2,33.3,monitor,monitor,16.5,2,20,0.0
content_73a547435602,client_8527a891e2,33.3,monitor,monitor,12.7,3,20,0.0
content_23e2c21019bd,client_4e07408562,33.3,monitor,monitor,16.8,1226,104,0.24
content_865f992b7cbc,client_e629fa6598,33.3,monitor,monitor,40.1,314,22,0.0
content_868447a1b9c7,client_4e07408562,33.3,monitor,monitor,9.7,4641,25,1.01
content_bfaae780ea05,client_8527a891e2,33.2,monitor,monitor,52.3,21,98,0.0
content_1e53b2d2300a,client_8527a891e2,33.2,monitor,monitor,10.3,3,20,0.0
content_ee115d2afa45,client_8527a891e2,33.2,monitor,monitor,50.7,17,20,0.0
content_c46f3c60207c,client_8527a891e2,33.2,monitor,monitor,43.9,26,20,0.0
content_fd85da9a38d6,client_f369cb89fc,33.2,monitor,monitor,3.0,1,20,0.0
content_dcce7a9a1b43,client_4e07408562,33.2,monitor,monitor,11.1,24,20,0.0
content_5fdeff6c4d42,client_e629fa6598,33.1,monitor,monitor,20.3,24,20,0.0
content_7d1a2e2fe626,client_8527a891e2,33.1,monitor,monitor,33.3,12,20,0.0
content_6604ce9c6b65,client_4e07408562,33.1,monitor,monitor,45.8,122,104,0.0
content_40dceebf439d,client_e629fa6598,33.1,monitor,monitor,6.3,14,22,0.0
content_e3bbf88db1f4,client_e629fa6598,33.0,monitor,monitor,47.6,149,20,0.0
content_cd44b873369f,client_8527a891e2,33.0,monitor,monitor,16.4,7,20,0.0
content_02afcfb9056a,client_8527a891e2,33.0,monitor,monitor,62.3,24,20,0.0
content_d206246bc207,client_8527a891e2,33.0,monitor,monitor,8.3,3,8,0.0
content_015287fce017,client_4e07408562,33.0,monitor,monitor,49.8,153,104,0.0
content_3a2d29a46d9b,client_e629fa6598,33.0,monitor,monitor,9.9,25,20,0.0
content_a85c0ad3e6b2,client_e629fa6598,33.0,monitor,monitor,8.9,94,22,0.0
content_b3e34e9fe5a7,client_4e07408562,33.0,monitor,monitor,9.3,3321,20,0.27
content_ad0d7f127516,client_4e07408562,32.9,monitor,monitor,8.9,2696,13,0.52
content_c799fa5ef1b8,client_e629fa6598,32.9,monitor,monitor,7.0,161,20,0.0
content_a994696540be,client_4e07408562,32.9,monitor,monitor,25.0,1910,104,0.37
content_f9fe219721ca,client_f369cb89fc,32.9,monitor,monitor,6.8,4,8,0.0
content_5c7dda288778,client_4e07408562,32.9,monitor,monitor,7.8,3614,13,1.33
content_1408a4a1648c,client_8527a891e2,32.9,monitor,monitor,84.0,54,20,0.0
content_302f011d542c,client_8527a891e2,32.9,monitor,monitor,2.0,1,20,0.0
content_6b3520be1f95,client_f369cb89fc,32.9,monitor,monitor,7.0,1,8,0.0
content_0ac51e0dae75,client_4e07408562,32.9,monitor,monitor,6.8,12586,25,0.64
content_66d10fc43be7,client_8527a891e2,32.8,monitor,monitor,10.0,1,20,0.0
content_dbbce65d444a,client_8527a891e2,32.8,monitor,monitor,18.3,3,20,0.0
content_779ecf1b4554,client_e629fa6598,32.8,monitor,monitor,11.4,48,22,0.0
content_3b46c5857f8f,client_e629fa6598,32.8,monitor,monitor,7.1,11,22,0.0
content_99fd29e602b6,client_e629fa6598,32.8,monitor,monitor,32.6,282,22,0.0
content_670746e86425,client_4e07408562,32.8,monitor,monitor,20.4,19802,25,0.32
content_f8720660c734,client_e629fa6598,32.8,monitor,monitor,21.0,47,20,0.0
content_d411f89a60c9,client_4e07408562,32.8,monitor,monitor,6.3,18628,14,0.93
content_7bc20bc8263b,client_8527a891e2,32.8,monitor,monitor,44.5,15,20,0.0
content_1775b46859ce,client_e629fa6598,32.8,monitor,monitor,8.9,69,22,0.0
content_dea7e60a1339,client_8527a891e2,32.8,monitor,monitor,8.0,3,20,0.0
content_62ef88b54ca8,client_4e07408562,32.7,monitor,monitor,6.2,3408,14,0.32
content_a10111bc536d,client_8527a891e2,32.7,monitor,monitor,38.1,10,98,0.0
content_2e361a2a6982,client_e629fa6598,32.7,monitor,monitor,13.8,32,20,0.0
content_f710d08f195d,client_4e07408562,32.7,monitor,monitor,24.2,166,104,0.0
content_e965fefb4422,client_4e07408562,32.7,monitor,monitor,11.5,7981,25,0.58
content_e474339b073f,client_4e07408562,32.6,monitor,monitor,24.2,11106,25,0.24
content_284765acdafb,client_8527a891e2,32.6,monitor,monitor,7.0,1,20,0.0
content_b9c9ff5fb9ee,client_e629fa6598,32.6,monitor,monitor,19.7,239,20,0.0
content_93a0ca28cfe2,client_f369cb89fc,32.6,monitor,monitor,9.0,1,20,0.0
content_da45945bccb8,client_e629fa6598,32.6,monitor,monitor,22.1,866,20,0.12
content_aa27d7969080,client_f369cb89fc,32.6,monitor,monitor,6.0,2,20,0.0
content_848764ee3414,client_e629fa6598,32.6,monitor,monitor,17.0,128,20,0.0
content_1243ed56b082,client_e629fa6598,32.6,monitor,monitor,5.3,33,20,0.0
content_e5481aa7df58,client_4e07408562,32.6,monitor,monitor,8.8,23782,25,0.82
content_12e48d4b449d,client_8527a891e2,32.6,monitor,monitor,17.0,10,20,0.0
content_6f9b4c2b2615,client_8527a891e2,32.6,monitor,monitor,10.0,1,104,0.0
content_07d95a8976de,client_8527a891e2,32.5,monitor,monitor,26.4,20,20,0.0
content_8fff64fc5401,client_8527a891e2,32.5,monitor,monitor,4.0,1,8,0.0
content_68d9ce913acb,client_f369cb89fc,32.5,monitor,monitor,10.0,1,8,0.0
content_ed6e36769104,client_e629fa6598,32.5,monitor,monitor,41.8,1078,22,0.09
content_bd8a682b7e9d,client_8527a891e2,32.4,monitor,monitor,7.0,1,20,0.0
content_8725d0090607,client_4e07408562,32.4,monitor,monitor,10.9,7786,25,1.0
content_9977bbaa266b,client_8527a891e2,32.4,monitor,monitor,71.9,82,20,0.0
content_c0ba9d88864f,client_e629fa6598,32.4,monitor,monitor,6.0,9,20,0.0
content_5942b0ff812b,client_8527a891e2,32.4,monitor,monitor,68.6,21,20,0.0
content_e4c42aeed9d3,client_e629fa6598,32.4,monitor,monitor,18.2,64,20,0.0
content_13d4eedcb947,client_e629fa6598,32.4,monitor,monitor,6.1,27,22,0.0
content_24bdca4bbddc,client_d029fa3a95,32.3,monitor,monitor,22.0,7,20,0.0
content_af59c0a2deb3,client_e629fa6598,32.3,monitor,monitor,25.8,44,22,0.0
content_cf1cca76949b,client_e629fa6598,32.3,monitor,monitor,59.7,143,104,0.7
content_f05a0395a374,client_e629fa6598,32.3,monitor,monitor,6.7,34,22,0.0
content_aa6869ca9d28,client_e629fa6598,32.3,monitor,monitor,8.5,801,22,0.25
content_989e93d58ab9,client_4e07408562,32.3,monitor,monitor,7.1,50869,25,0.29
content_37446a07e0f5,client_8527a891e2,32.3,monitor,monitor,17.3,7,104,0.0
content_2efcee1621b9,client_8527a891e2,32.3,monitor,monitor,9.5,6,104,0.0
content_0c1ddb69fb2e,client_8527a891e2,32.3,monitor,monitor,30.6,80,104,2.5
content_8cdfce582697,client_f369cb89fc,32.2,monitor,monitor,18.3,6,8,0.0
content_8b4f0dbe11a9,client_8527a891e2,32.2,monitor,monitor,16.0,2,92,0.0
content_8c19996aa890,client_4e07408562,32.2,monitor,monitor,2.5,509252,20,0.15
content_159ce14c65dc,client_f369cb89fc,32.1,monitor,monitor,6.0,1,8,0.0
content_0f65cba03e13,client_e629fa6598,32.1,monitor,monitor,10.4,250,20,0.4
content_8304db4c5ccf,client_8527a891e2,32.1,monitor,monitor,11.2,5,20,0.0
content_2b815ea36b6f,client_8527a891e2,32.1,monitor,monitor,15.0,2,104,0.0
content_d8836aa281d0,client_4e07408562,32.1,monitor,monitor,9.5,10075,25,0.88
content_a034d3048034,client_e629fa6598,32.1,monitor,monitor,7.3,67,22,0.0
content_45daf8d6a140,client_8527a891e2,32.1,monitor,monitor,15.7,3,104,0.0
content_631387373820,client_8527a891e2,32.1,monitor,monitor,21.0,2,104,0.0
content_281444f1d71d,client_8527a891e2,32.1,monitor,monitor,31.5,8,20,0.0
content_33ec03adce0d,client_8527a891e2,32.1,monitor,monitor,5.0,1,104,0.0
content_b0d2cb4e73a0,client_8527a891e2,32.1,monitor,monitor,47.2,23,20,0.0
content_5b764c7a6b7d,client_8527a891e2,32.0,monitor,monitor,27.9,14,20,0.0
content_634a50fa7fad,client_4e07408562,32.0,monitor,monitor,5.0,3167,104,1.83
content_0959e30583cd,client_e629fa6598,32.0,monitor,monitor,7.4,29,22,0.0
content_5fdd3001da55,client_4e07408562,32.0,monitor,monitor,47.3,376,104,0.27
content_9d831af6618e,client_f369cb89fc,32.0,monitor,monitor,7.3,3,8,0.0
content_62c74ae619f8,client_4e07408562,31.9,monitor,monitor,4.5,41909,14,0.63
content_1f0a97794427,client_e629fa6598,31.9,monitor,monitor,8.4,139,20,0.72
content_36d97c9bb0d4,client_e629fa6598,31.9,monitor,monitor,8.5,2288,22,0.35
content_788fed4cefcf,client_4e07408562,31.9,monitor,monitor,15.0,13786,25,0.66
content_c27faea1a02a,client_8527a891e2,31.9,monitor,monitor,10.8,4,20,0.0
content_03b2146a6662,client_4e07408562,31.9,monitor,monitor,37.2,115,104,0.0
content_a0f86b9cd7a5,client_8527a891e2,31.9,monitor,monitor,15.2,21,20,0.0
content_1e717c1b5655,client_8527a891e2,31.8,monitor,monitor,12.3,3,104,0.0
content_a7930f866320,client_e629fa6598,31.8,monitor,monitor,22.0,497,22,0.0
content_21c195acbc1c,client_f369cb89fc,31.8,monitor,monitor,12.0,1,8,0.0
content_2a8994c77797,client_8527a891e2,31.8,monitor,monitor,13.5,2,20,0.0
content_32ea6aa8091a,client_4e07408562,31.8,monitor,monitor,8.7,145501,25,0.16
content_577a45908bb7,client_4e07408562,31.8,monitor,monitor,5.9,29093,14,0.64
content_73ea2e79f832,client_8527a891e2,31.8,monitor,monitor,35.0,1,92,0.0
content_941f15099b91,client_e629fa6598,31.8,monitor,monitor,1.6,4958,22,0.32
content_b969b01c158e,client_4e07408562,31.8,monitor,monitor,4.1,27927,104,0.64
content_5015134da0ad,client_e629fa6598,31.8,monitor,monitor,27.2,372,22,0.27
content_e213f34f4690,client_8527a891e2,31.7,monitor,monitor,9.3,3,8,0.0
content_1d653ea7148d,client_8527a891e2,31.7,monitor,monitor,22.3,7,20,0.0
content_7de54e2da10a,client_e629fa6598,31.7,monitor,monitor,6.2,76,22,0.0
content_bc09378360ac,client_8527a891e2,31.7,monitor,monitor,71.8,58,20,0.0
content_c5c1e3c0d9c2,client_e629fa6598,31.6,monitor,monitor,8.6,199,20,0.5
content_2411a982f427,client_e629fa6598,31.6,monitor,monitor,8.4,95,20,0.0
content_372f87435947,client_f369cb89fc,31.6,monitor,monitor,6.9,10,8,0.0
content_8f222654e93f,client_8527a891e2,31.6,monitor,monitor,5.5,2,20,0.0
content_7af88fc634bb,client_8527a891e2,31.6,monitor,monitor,31.4,7,20,0.0
content_d0228804fe10,client_8527a891e2,31.6,monitor,monitor,22.0,3,20,0.0
content_07cdfa4c7271,client_e629fa6598,31.6,monitor,monitor,9.2,486,22,0.62
content_3aabed76ae3a,client_e629fa6598,31.6,monitor,monitor,10.1,56,22,0.0
content_2dc625dcdf98,client_4e07408562,31.5,monitor,monitor,8.5,72671,25,0.23
content_0065d16af779,client_e629fa6598,31.5,monitor,monitor,8.9,11,22,0.0
content_014eefb7eeac,client_4e07408562,31.5,monitor,monitor,41.6,21726,14,0.21
content_b9b869d9cb84,client_8527a891e2,31.5,monitor,monitor,80.0,42,20,0.0
content_cb0a53b19f9e,client_e629fa6598,31.5,monitor,monitor,10.7,24,22,0.0
content_e72e6c56f0a3,client_8527a891e2,31.5,monitor,monitor,9.0,1,20,0.0
content_6b49c373fb5e,client_e629fa6598,31.4,monitor,monitor,10.4,1546,22,0.06
content_5f60288fa383,client_4e07408562,31.4,monitor,monitor,48.7,512,104,0.2
content_84de392e7864,client_8527a891e2,31.4,monitor,monitor,19.2,6,20,0.0
content_f94f6a2b8453,client_e629fa6598,31.4,monitor,monitor,18.1,594,22,0.17
content_a92ba56cc6d7,client_e629fa6598,31.4,monitor,monitor,59.0,218,20,0.0
content_9db1d0588536,client_8527a891e2,31.4,monitor,monitor,71.9,83,104,0.0
content_e36c8972e97a,client_e629fa6598,31.4,monitor,monitor,7.0,998,22,0.3
content_d943715dfa7c,client_f369cb89fc,31.4,monitor,monitor,1.0,1,8,0.0
content_a9701cee1030,client_4e07408562,31.3,monitor,monitor,6.2,4505,7,0.89
content_2847e276c475,client_8527a891e2,31.3,monitor,monitor,6.0,1,20,0.0
content_2b79e83ac9a0,client_4e07408562,31.3,monitor,monitor,13.1,4604,25,0.22
content_d4c2ea3c5f63,client_4e07408562,31.3,monitor,monitor,15.5,5930,20,0.61
content_29a00d38e9d4,client_f369cb89fc,31.3,monitor,monitor,5.0,1,8,0.0
content_df91451c4b9d,client_f369cb89fc,31.3,monitor,monitor,7.5,2,8,0.0
content_a5d788111216,client_4e07408562,31.3,monitor,monitor,9.3,255,13,0.78
content_299b38cf1a16,client_e629fa6598,31.3,monitor,monitor,8.0,28,22,0.0
content_11bec72dc466,client_4e07408562,31.2,monitor,monitor,49.0,290,104,0.0
content_f5c34d912af8,client_4e07408562,31.2,monitor,monitor,6.3,13553,7,0.77
content_7ecc6be0a603,client_8527a891e2,31.2,monitor,monitor,18.0,5,20,0.0
content_dec1969b7db5,client_e629fa6598,31.2,monitor,monitor,4.1,311,22,0.32
content_a6ef514fd094,client_8527a891e2,31.2,monitor,monitor,4.4,7,103,0.0
content_65ee5d8a33e6,client_8527a891e2,31.1,monitor,monitor,78.4,622,20,0.16
content_6daf2739da2c,client_8527a891e2,31.1,monitor,monitor,11.3,6,103,16.67
content_12772dadb083,client_e629fa6598,31.1,monitor,monitor,21.2,847,20,0.35
content_1210e6c2e909,client_4e07408562,31.1,monitor,monitor,3.7,33298,104,0.21
content_fd80316eb144,client_8527a891e2,31.1,monitor,monitor,27.9,10,20,0.0
content_33f39767de6c,client_f369cb89fc,31.1,monitor,monitor,45.3,12,20,0.0
content_f58b02bde09e,client_e629fa6598,31.0,monitor,monitor,24.6,25,20,0.0
content_ff150bc51704,client_4e07408562,31.0,monitor,monitor,43.9,1367,104,0.29
content_106e2d24c1ea,client_e629fa6598,31.0,monitor,monitor,8.5,118,22,0.0
content_dbeaa2257870,client_e629fa6598,31.0,monitor,monitor,60.4,373,20,0.0
content_faa3719c835d,client_4e07408562,31.0,monitor,monitor,5.8,2778,104,0.9
content_54619de5edd3,client_e629fa6598,30.9,monitor,monitor,60.8,965,22,0.0
content_f0fcd963012f,client_8527a891e2,30.9,monitor,monitor,56.5,72,104,1.39
content_fb040daf088c,client_e629fa6598,30.9,monitor,monitor,8.4,7,20,0.0
content_612eeab9024b,client_4e07408562,30.9,monitor,monitor,3.6,27246,104,0.52
content_054ea1b92a9a,client_e629fa6598,30.9,monitor,monitor,68.3,103,20,0.0
content_bce06780f4b7,client_8527a891e2,30.9,monitor,monitor,21.0,2,104,0.0
content_961ce1c405e1,client_8527a891e2,30.8,monitor,monitor,5.1,7,20,0.0
content_60aec4203852,client_e629fa6598,30.8,monitor,monitor,45.0,956,22,0.0
content_e91e792ca8b0,client_f369cb89fc,30.8,monitor,monitor,49.5,17,20,0.0
content_dca9e5711bae,client_e629fa6598,30.8,monitor,monitor,5.8,16,20,0.0
content_8efdf37a2776,client_e629fa6598,30.8,monitor,monitor,42.4,171,20,0.0
content_0b4d2494a6f6,client_4e07408562,30.7,monitor,monitor,11.6,8654,25,0.68
content_3b5aa0daf8ef,client_4e07408562,30.7,monitor,monitor,6.9,8,20,0.0
content_6adb914d0e05,client_8527a891e2,30.7,monitor,monitor,11.0,1,8,0.0
content_b5fe0e1f8942,client_e629fa6598,30.7,monitor,monitor,8.5,26,22,0.0
content_cb667ee0948e,client_e629fa6598,30.7,monitor,monitor,77.2,1035,22,0.0
content_77e2a54525b6,client_8527a891e2,30.7,monitor,monitor,7.0,1,20,0.0
content_4817ddb54d7a,client_4e07408562,30.7,monitor,monitor,5.9,6100,13,1.07
content_213caf5cf556,client_4e07408562,30.6,monitor,monitor,10.8,462,104,0.22
content_d03bc74fbc30,client_e629fa6598,30.6,monitor,monitor,12.1,41,20,0.0
content_b774a3d92c71,client_8527a891e2,30.6,monitor,monitor,82.9,38,20,0.0
content_46f437984262,client_8527a891e2,30.6,monitor,monitor,19.5,25,92,8.0
content_79d69f0237c6,client_8527a891e2,30.5,monitor,monitor,15.0,4,20,0.0
content_707c7cffdb9e,client_f369cb89fc,30.5,monitor,monitor,13.7,3,20,0.0
content_7750e901635d,client_4e07408562,30.5,monitor,monitor,10.6,19722,25,0.67
content_2a649680041f,client_4e07408562,30.5,monitor,monitor,21.7,2336,104,0.3
content_435e78c804ad,client_e629fa6598,30.5,monitor,monitor,7.2,25295,22,0.15
content_4dd55e585b26,client_e629fa6598,30.5,monitor,monitor,10.3,60,22,0.0
content_5f68880b2920,client_e629fa6598,30.5,monitor,monitor,9.1,15,20,0.0
content_3f7e05acc03b,client_4e07408562,30.5,monitor,monitor,5.0,4290,13,0.58
content_c2e897c70cef,client_8527a891e2,30.5,monitor,monitor,6.0,1,20,0.0
content_556c5e4eb2de,client_4e07408562,30.5,monitor,monitor,34.7,14475,14,0.29
content_1f4e85ca2f53,client_e629fa6598,30.5,monitor,monitor,14.0,21,20,0.0
content_5031bfdb78e6,client_8527a891e2,30.4,monitor,monitor,4.5,2,20,0.0
content_6e869b058fe7,client_e629fa6598,30.4,monitor,monitor,5.5,19,20,0.0
content_5d69d55ace24,client_4e07408562,30.4,monitor,monitor,5.2,3541,104,0.42
content_82074408a03e,client_e629fa6598,30.4,monitor,monitor,38.1,847,22,0.0
content_1ba4ccc84cde,client_e629fa6598,30.4,monitor,monitor,67.8,702,22,0.0
content_d8a23b5e10c5,client_f369cb89fc,30.4,monitor,monitor,7.5,2,8,0.0
content_064539f383aa,client_8527a891e2,30.4,monitor,monitor,5.5,2,20,0.0
content_b73ce28e6e57,client_8527a891e2,30.3,monitor,monitor,6.0,2,8,0.0
content_3bac7b908a99,client_e629fa6598,30.3,monitor,monitor,33.1,309,22,0.0
content_9f81f02fcc7c,client_8527a891e2,30.3,monitor,monitor,30.3,3,20,0.0
content_eaf009f218cd,client_8527a891e2,30.3,monitor,monitor,8.0,1,20,0.0
content_db5989a78dd3,client_4e07408562,30.3,monitor,monitor,5.4,345111,20,0.21
content_c98f8ced72ac,client_8527a891e2,30.3,monitor,monitor,8.0,1,20,0.0
content_b7643f161c0b,client_e629fa6598,30.3,monitor,monitor,6.7,43,20,0.0
content_a5462d216754,client_e629fa6598,30.3,monitor,monitor,36.8,162,22,0.0
content_a44f5dd132bb,client_8527a891e2,30.2,monitor,monitor,33.0,1,104,0.0
content_0cccb4e4a6f6,client_e629fa6598,30.2,monitor,monitor,5.4,23,22,0.0
content_b82b922267e2,client_e629fa6598,30.2,monitor,monitor,10.2,10,20,0.0
content_2f4d4614a577,client_f369cb89fc,30.2,monitor,monitor,3.0,1,8,0.0
content_43f5863e0909,client_8527a891e2,30.2,monitor,monitor,12.3,15,20,0.0
content_4f4d11c79373,client_e629fa6598,30.2,monitor,monitor,9.3,37,22,2.7
content_562e94774c53,client_d029fa3a95,30.1,monitor,monitor,33.3,3,8,0.0
content_ca5a0a727aca,client_e629fa6598,30.1,monitor,monitor,8.2,170,22,1.18
content_f2eeaeefe9f1,client_8527a891e2,30.1,monitor,monitor,1.7,3,20,33.33
content_1687fc6734e2,client_e629fa6598,30.1,monitor,monitor,2.0,1,20,0.0
content_cda3fc801f15,client_e629fa6598,30.0,monitor,monitor,21.1,50,20,0.0
content_d91eb7d94d3f,client_4e07408562,30.0,monitor,monitor,5.5,18858,104,0.57
content_ddbc717e06d3,client_8527a891e2,30.0,monitor,monitor,28.8,10,20,0.0
content_5dbb5efbc4cd,client_8527a891e2,30.0,no_action,healthy_low_risk,10.7,7,104,0.0
content_eed54a7e3211,client_434c9b5ae5,30.0,monitor,monitor,9.0,1,8,0.0
content_1aa219431528,client_4e07408562,29.9,no_action,healthy_low_risk,5.6,151541,104,0.23
content_569382ff9950,client_e629fa6598,29.9,no_action,healthy_low_risk,22.5,152,22,0.0
content_7cc7180fe735,client_8527a891e2,29.9,no_action,healthy_low_risk,37.6,5,20,0.0
content_28ce9207afa4,client_8527a891e2,29.8,no_action,healthy_low_risk,10.0,5,104,0.0
content_6b5f0ad50076,client_8527a891e2,29.8,no_action,healthy_low_risk,47.0,2,92,0.0
content_1fc0d3390fc0,client_4e07408562,29.8,no_action,healthy_low_risk,4.4,421,104,0.48
content_bcf1b6a7a986,client_4e07408562,29.8,no_action,healthy_low_risk,53.9,1252,104,0.16
content_75b513a6aaba,client_e629fa6598,29.8,no_action,healthy_low_risk,50.1,204,22,0.0
content_a89bd32e72e6,client_4e07408562,29.8,no_action,healthy_low_risk,10.7,11551,25,0.58
content_ebfc24b941ad,client_e629fa6598,29.8,no_action,healthy_low_risk,9.9,67,22,0.0
content_362b4a231f6a,client_8527a891e2,29.8,no_action,healthy_low_risk,59.5,53,20,0.0
content_c51ef4a61f24,client_e629fa6598,29.8,no_action,healthy_low_risk,14.4,171,22,0.58
content_b9628815a443,client_8527a891e2,29.8,no_action,healthy_low_risk,18.7,7,20,0.0
content_e06891410fdf,client_8527a891e2,29.8,no_action,healthy_low_risk,16.5,2,92,0.0
content_405c5da29913,client_e629fa6598,29.7,no_action,healthy_low_risk,9.6,13,22,0.0
content_17f3119d4544,client_e629fa6598,29.7,no_action,healthy_low_risk,67.9,711,20,0.0
content_9c934fa5762a,client_e629fa6598,29.6,no_action,healthy_low_risk,6.2,6931,22,0.17
content_d9f0773a5c22,client_4e07408562,29.6,no_action,healthy_low_risk,5.3,425,104,0.71
content_291ee5797899,client_f369cb89fc,29.6,no_action,healthy_low_risk,41.4,16,20,0.0
content_70d0c93f75ab,client_4e07408562,29.6,no_action,healthy_low_risk,6.2,17276,13,0.63
content_917fc1b11fe1,client_e629fa6598,29.6,no_action,healthy_low_risk,78.6,916,22,0.0
content_de17f2965799,client_e629fa6598,29.6,no_action,healthy_low_risk,19.7,37,22,0.0
content_5a788c0cf88a,client_8527a891e2,29.5,no_action,healthy_low_risk,6.0,1,20,0.0
content_1592de3c5e62,client_8527a891e2,29.5,no_action,healthy_low_risk,38.0,1,8,0.0
content_688efed95e4e,client_f369cb89fc,29.5,no_action,healthy_low_risk,8.0,1,8,0.0
content_e59846c037ae,client_8527a891e2,29.5,no_action,healthy_low_risk,10.0,1,20,0.0
content_99aa6e14787a,client_4e07408562,29.5,no_action,healthy_low_risk,5.4,14188,104,0.75
content_c5160f58ce24,client_e629fa6598,29.4,no_action,healthy_low_risk,12.0,21,22,0.0
content_7d608decaea5,client_4e07408562,29.4,no_action,healthy_low_risk,65.4,315,104,0.0
content_5aec55001b8d,client_4e07408562,29.4,no_action,healthy_low_risk,7.0,5323,25,0.92
content_e6c3998c24e8,client_8527a891e2,29.4,no_action,healthy_low_risk,7.0,1,20,0.0
content_d82e950a6d46,client_4e07408562,29.3,no_action,healthy_low_risk,63.5,423,104,0.0
content_5010c493958a,client_4e07408562,29.2,no_action,healthy_low_risk,17.4,4067,25,0.2
content_573ec61cc996,client_e629fa6598,29.2,no_action,healthy_low_risk,6.0,13,22,0.0
content_0be4977b4fcd,client_f369cb89fc,29.1,no_action,healthy_low_risk,29.0,8,8,0.0
content_dbaef7ab8871,client_8527a891e2,29.1,no_action,healthy_low_risk,61.3,67,20,0.0
content_1be1c6f083ce,client_4e07408562,29.1,no_action,healthy_low_risk,3.4,13592,104,0.89
content_8d7af5040d84,client_e629fa6598,29.1,no_action,healthy_low_risk,9.3,8224,22,0.15
content_495904cebcf6,client_4e07408562,29.1,no_action,healthy_low_risk,3.0,7,20,0.0
content_313cd30d5631,client_4e07408562,29.1,no_action,healthy_low_risk,39.1,995,104,0.1
content_cf996055b195,client_e629fa6598,29.1,no_action,healthy_low_risk,17.6,50,22,0.0
content_5f4c619283af,client_4e07408562,29.1,no_action,healthy_low_risk,6.0,3,20,0.0
content_48aea5f70f31,client_f369cb89fc,29.1,no_action,healthy_low_risk,8.0,1,8,0.0
content_2578a8e79f67,client_e629fa6598,29.0,no_action,healthy_low_risk,7.6,5,20,0.0
content_7385cae61109,client_4e07408562,29.0,no_action,healthy_low_risk,13.0,2039,7,0.39
content_469526eec435,client_e629fa6598,29.0,no_action,healthy_low_risk,3.8,6282,22,0.64
content_b6f781c2cfc5,client_8527a891e2,29.0,no_action,healthy_low_risk,46.5,2,20,0.0
content_f8bafab9439b,client_e629fa6598,29.0,no_action,healthy_low_risk,8.2,101,22,0.99
content_dd55a66e608f,client_4e07408562,29.0,no_action,healthy_low_risk,7.8,35615,25,0.53
content_c14777a03767,client_f369cb89fc,28.9,no_action,healthy_low_risk,55.7,67,20,0.0
content_80c239f9ecc8,client_e629fa6598,28.9,no_action,healthy_low_risk,23.6,5231,22,0.17
content_fa8f76718f9b,client_e629fa6598,28.9,no_action,healthy_low_risk,10.4,23,22,0.0
content_820965935d2b,client_8527a891e2,28.9,no_action,healthy_low_risk,79.6,131,92,0.0
content_35b6af913d68,client_4e07408562,28.9,no_action,healthy_low_risk,17.9,2964,13,0.17
content_42afdf7f7cd3,client_e629fa6598,28.8,no_action,healthy_low_risk,20.2,25,20,0.0
content_b1bf3aa2c743,client_8527a891e2,28.8,no_action,healthy_low_risk,7.5,2,20,0.0
content_3e46637d13e0,client_e629fa6598,28.8,no_action,healthy_low_risk,17.7,107,20,0.0
content_5d38d5f6a623,client_4e07408562,28.8,no_action,healthy_low_risk,4.3,3809,104,1.02
content_00636cafb5a2,client_e629fa6598,28.8,no_action,healthy_low_risk,6.9,29,22,0.0
content_b954bc4acaad,client_4e07408562,28.8,no_action,healthy_low_risk,41.4,184,104,0.0
content_43cb776e3a3d,client_8527a891e2,28.8,no_action,healthy_low_risk,39.1,59,104,0.0
content_372fff4bfabc,client_e629fa6598,28.8,no_action,healthy_low_risk,21.3,638,22,0.63
content_1b5b75de0be4,client_8527a891e2,28.8,no_action,healthy_low_risk,28.0,6,8,0.0
content_74b2102682b9,client_e629fa6598,28.7,no_action,healthy_low_risk,30.3,20,20,0.0
content_47a0b1d6fe94,client_e629fa6598,28.7,no_action,healthy_low_risk,18.5,390,22,0.51
content_875e75577eee,client_8527a891e2,28.6,no_action,healthy_low_risk,26.7,3,98,0.0
content_42bad293aa25,client_e629fa6598,28.6,no_action,healthy_low_risk,3.0,1,20,0.0
content_8cdee3250626,client_f369cb89fc,28.5,no_action,healthy_low_risk,7.0,1,20,0.0
content_7a8513b2abec,client_8527a891e2,28.5,no_action,healthy_low_risk,8.0,1,92,0.0
content_fbc59eee1017,client_e629fa6598,28.5,no_action,healthy_low_risk,5.1,12,22,0.0
content_538fbe0b5c19,client_8527a891e2,28.5,no_action,healthy_low_risk,25.7,3,103,0.0
content_4ef8621d34cd,client_e629fa6598,28.5,no_action,healthy_low_risk,20.1,10,20,0.0
content_17fcad861ce7,client_e629fa6598,28.5,no_action,healthy_low_risk,11.9,1346,22,0.3
content_7d2d33fb3ea5,client_e629fa6598,28.5,no_action,healthy_low_risk,49.7,972,22,0.0
content_c0056697354c,client_8527a891e2,28.4,no_action,healthy_low_risk,15.2,5,20,0.0
content_c90c7cab5965,client_8527a891e2,28.4,no_action,healthy_low_risk,29.5,6,20,0.0
content_ba511b2a223a,client_e629fa6598,28.4,no_action,healthy_low_risk,7.6,14,20,0.0
content_3db3c9053d5c,client_f369cb89fc,28.4,no_action,healthy_low_risk,1.3,4,20,25.0
content_2054b8cda81d,client_8527a891e2,28.4,no_action,healthy_low_risk,25.5,2,8,0.0
content_18e124c4f3fa,client_e629fa6598,28.4,no_action,healthy_low_risk,13.2,37,22,0.0
content_533c015bb83a,client_e629fa6598,28.4,no_action,healthy_low_risk,6.1,19,20,0.0
content_4a8ff0b56049,client_434c9b5ae5,28.4,no_action,healthy_low_risk,6.6,9,8,11.11
content_3df883ce7a31,client_e629fa6598,28.4,no_action,healthy_low_risk,45.5,521,20,0.19
content_e81b02320098,client_4e07408562,28.3,no_action,healthy_low_risk,7.5,31181,25,0.36
content_696352d1b5c5,client_8527a891e2,28.3,no_action,healthy_low_risk,3.6,11,104,9.09
content_c96be0d60f4d,client_8527a891e2,28.3,no_action,healthy_low_risk,49.9,12,20,0.0
content_95476eb48784,client_4e07408562,28.3,no_action,healthy_low_risk,6.5,2329,104,0.39
content_7bad04a02737,client_8527a891e2,28.3,no_action,healthy_low_risk,11.0,2,8,0.0
content_64745a4ecadb,client_8527a891e2,28.3,no_action,healthy_low_risk,18.7,3,20,0.0
content_076e8dccff24,client_e629fa6598,28.3,no_action,healthy_low_risk,44.0,413,22,0.0
content_21dc27c85117,client_4e07408562,28.2,no_action,healthy_low_risk,7.6,22369,25,0.88
content_f9ca4044fc87,client_4e07408562,28.2,no_action,healthy_low_risk,9.1,10153,25,0.59
content_a6cb5ab8b859,client_8527a891e2,28.2,no_action,healthy_low_risk,26.8,8,20,0.0
content_4595e8704e07,client_8527a891e2,28.2,no_action,healthy_low_risk,36.3,4,104,0.0
content_2a890496afdb,client_4e07408562,28.2,no_action,healthy_low_risk,53.2,874,104,0.23
content_abfd15f46882,client_4e07408562,28.2,no_action,healthy_low_risk,12.0,5768,25,0.35
content_3be7fafe70b1,client_8527a891e2,28.1,no_action,healthy_low_risk,18.0,1,8,0.0
content_bce4b32775b1,client_e629fa6598,28.1,no_action,healthy_low_risk,10.5,46,22,0.0
content_6fd907bb1711,client_f369cb89fc,28.1,no_action,healthy_low_risk,7.9,43,20,11.63
content_108162f15772,client_e629fa6598,28.1,no_action,healthy_low_risk,8.5,13,20,0.0
content_5e03e22bdd98,client_8527a891e2,28.1,no_action,healthy_low_risk,63.8,8,20,0.0
content_ab6b07a70c51,client_8527a891e2,28.1,no_action,healthy_low_risk,25.3,4,20,0.0
content_17a0b6942de9,client_e629fa6598,28.1,no_action,healthy_low_risk,9.2,49,20,0.0
content_bfe827636ec1,client_8527a891e2,28.1,no_action,healthy_low_risk,27.5,2,20,0.0
content_dc99a69a88c9,client_4e07408562,28.1,no_action,healthy_low_risk,6.2,1322,104,0.23
content_081819fd358d,client_e629fa6598,28.0,no_action,healthy_low_risk,4.9,10702,22,0.33
content_af6272afb0dc,client_e629fa6598,28.0,no_action,healthy_low_risk,9.8,17,22,0.0
content_06569aa7501b,client_e629fa6598,28.0,no_action,healthy_low_risk,58.9,178,22,0.0
content_b67a895188bd,client_e629fa6598,27.9,no_action,healthy_low_risk,4.6,8,20,0.0
content_c50b313c6bca,client_8527a891e2,27.9,no_action,healthy_low_risk,73.3,148,104,0.0
content_4bfb50b1823e,client_e629fa6598,27.9,no_action,healthy_low_risk,24.7,260,22,0.77
content_7cb70d02699c,client_e629fa6598,27.9,no_action,healthy_low_risk,14.1,200,20,0.0
content_ebdf79b83122,client_8527a891e2,27.9,no_action,healthy_low_risk,30.5,4,20,0.0
content_84bc4706ba53,client_8527a891e2,27.9,no_action,healthy_low_risk,75.7,51,20,0.0
content_1cf48271e12d,client_4e07408562,27.8,no_action,healthy_low_risk,14.3,10966,25,0.66
content_c0d32e8f4dc2,client_4e07408562,27.8,no_action,healthy_low_risk,5.0,9818,104,0.78
content_06781cbfbf9d,client_e629fa6598,27.8,no_action,healthy_low_risk,30.6,126,20,0.0
content_d2b6732247d1,client_e629fa6598,27.8,no_action,healthy_low_risk,5.8,29,22,0.0
content_c4ea8ed01996,client_4e07408562,27.7,no_action,healthy_low_risk,9.4,11695,35,0.31
content_9d86f68b3295,client_e629fa6598,27.7,no_action,healthy_low_risk,38.4,98,22,0.0
content_03b07ca887ed,client_4e07408562,27.7,no_action,healthy_low_risk,38.7,1750,104,0.34
content_79d7f967722d,client_8527a891e2,27.7,no_action,healthy_low_risk,14.7,6,104,0.0
content_431dcffb5ea9,client_e629fa6598,27.7,no_action,healthy_low_risk,39.1,656,20,0.0
content_a145d3a84a67,client_e629fa6598,27.6,no_action,healthy_low_risk,62.6,381,22,0.0
content_da559143a20a,client_e629fa6598,27.6,no_action,healthy_low_risk,35.2,965,22,0.0
content_ec3af21db8a5,client_e629fa6598,27.6,no_action,healthy_low_risk,5.8,18218,22,0.22
content_42c092b2c296,client_4e07408562,27.6,no_action,healthy_low_risk,7.2,38860,26,0.22
content_488f346b4086,client_8527a891e2,27.6,no_action,healthy_low_risk,37.0,2,92,0.0
content_bad228094da2,client_8527a891e2,27.6,no_action,healthy_low_risk,40.4,5,104,0.0
content_d7826181fcfa,client_4e07408562,27.5,no_action,healthy_low_risk,7.0,57005,25,0.47
content_789d2f844a74,client_e629fa6598,27.5,no_action,healthy_low_risk,8.8,16,20,0.0
content_e3b39a052dfa,client_e629fa6598,27.5,no_action,healthy_low_risk,8.3,4,22,0.0
content_a160323051fe,client_e629fa6598,27.5,no_action,healthy_low_risk,8.8,12,22,0.0
content_69be0182f4d8,client_4e07408562,27.5,no_action,healthy_low_risk,34.7,48819,20,0.24
content_f2b426905e8c,client_e629fa6598,27.4,no_action,healthy_low_risk,44.3,19,20,0.0
content_441f4abcd61c,client_e629fa6598,27.4,no_action,healthy_low_risk,13.6,27,20,0.0
content_224198868263,client_e629fa6598,27.4,no_action,healthy_low_risk,45.4,469,22,0.0
content_9b934e3e7101,client_4e07408562,27.4,no_action,healthy_low_risk,7.1,106384,25,0.4
content_43900ff52cf5,client_8527a891e2,27.4,no_action,healthy_low_risk,35.5,2,20,0.0
content_c44f9a60ad62,client_4e07408562,27.4,no_action,healthy_low_risk,63.1,47,104,0.0
content_d4452104084d,client_f369cb89fc,27.4,no_action,healthy_low_risk,9.0,1,20,0.0
content_4ae939e7402c,client_4e07408562,27.3,no_action,healthy_low_risk,19.1,178,13,0.56
content_0261682edcb0,client_e629fa6598,27.3,no_action,healthy_low_risk,65.2,867,20,0.12
content_724229f1cb24,client_4e07408562,27.3,no_action,healthy_low_risk,4.5,19322,104,0.88
content_e5a8021fc0d9,client_e629fa6598,27.3,no_action,healthy_low_risk,7.8,6,20,0.0
content_a2a9d1ffeca3,client_e629fa6598,27.3,no_action,healthy_low_risk,23.9,1065,22,0.28
content_60c3cb54ea34,client_e629fa6598,27.3,no_action,healthy_low_risk,24.7,53,22,0.0
content_8409c4fc0ce6,client_e629fa6598,27.2,no_action,healthy_low_risk,51.7,1097,20,0.18
content_68b0421d0ae4,client_8527a891e2,27.2,no_action,healthy_low_risk,39.5,6,20,0.0
content_4994e9cab745,client_e629fa6598,27.2,no_action,healthy_low_risk,11.8,530,22,1.32
content_2af7d1c62561,client_e629fa6598,27.2,no_action,healthy_low_risk,8.2,9,22,0.0
content_90064405d18e,client_e629fa6598,27.2,no_action,healthy_low_risk,30.0,35,20,0.0
content_fe707958b41a,client_e629fa6598,27.2,no_action,healthy_low_risk,15.2,13,20,0.0
content_9fc41e4ea334,client_8527a891e2,27.2,no_action,healthy_low_risk,20.6,5,20,0.0
content_0727aa524195,client_e629fa6598,27.1,no_action,healthy_low_risk,7.0,61,20,1.64
content_446c768072a4,client_8527a891e2,27.1,no_action,healthy_low_risk,35.9,8,20,0.0
content_8fe5f40fd036,client_4e07408562,27.1,no_action,healthy_low_risk,4.5,7107,104,0.31
content_cec54301f09f,client_e629fa6598,27.1,no_action,healthy_low_risk,20.0,23,22,0.0
content_bdd7c88a58ed,client_4e07408562,27.1,no_action,healthy_low_risk,3.1,64718,14,0.84
content_ccbd70e235fe,client_e629fa6598,27.0,no_action,healthy_low_risk,7.3,7,20,0.0
content_444cb6541fc2,client_8527a891e2,27.0,no_action,healthy_low_risk,36.8,5,20,0.0
content_b72b06434946,client_e629fa6598,27.0,no_action,healthy_low_risk,41.0,1061,22,0.19
content_8c482a64a3df,client_8527a891e2,27.0,no_action,healthy_low_risk,3.0,1,20,0.0
content_3b50b0c27334,client_8527a891e2,27.0,no_action,healthy_low_risk,23.0,1,104,0.0
content_49e32ff84f57,client_e629fa6598,27.0,no_action,healthy_low_risk,26.4,49,20,0.0
content_770573151cb0,client_e629fa6598,26.9,no_action,healthy_low_risk,23.6,18,20,0.0
content_fa6cee5c6d39,client_e629fa6598,26.9,no_action,healthy_low_risk,10.7,157,20,0.64
content_f85aa6e9bc6e,client_8527a891e2,26.9,no_action,healthy_low_risk,21.5,2,20,0.0
content_0a4a2b15186e,client_e629fa6598,26.8,no_action,healthy_low_risk,35.3,482,22,0.21
content_0cacab840128,client_8527a891e2,26.8,no_action,healthy_low_risk,29.6,5,20,0.0
content_f40379d0da92,client_e629fa6598,26.8,no_action,healthy_low_risk,11.7,22,22,0.0
content_14b2f0944105,client_4e07408562,26.8,no_action,healthy_low_risk,4.6,77229,20,0.42
content_1d90659f1799,client_e629fa6598,26.8,no_action,healthy_low_risk,7.7,39,20,2.56
content_bfc905a9dcb9,client_8527a891e2,26.8,no_action,healthy_low_risk,71.5,21,8,0.0
content_b2d55d6a2b8b,client_8527a891e2,26.7,no_action,healthy_low_risk,31.7,3,8,0.0
content_5c411304f88c,client_4e07408562,26.7,no_action,healthy_low_risk,9.6,27769,25,0.57
content_dd9ab01faf99,client_f369cb89fc,26.7,no_action,healthy_low_risk,6.0,6,8,16.67
content_a9a04ef4d084,client_f369cb89fc,26.7,no_action,healthy_low_risk,27.0,3,20,0.0
content_0bd50f97af71,client_e629fa6598,26.7,no_action,healthy_low_risk,18.2,56,22,0.0
content_1e88332a0ee3,client_e629fa6598,26.5,no_action,healthy_low_risk,7.7,94,20,0.0
content_d322e73f8de0,client_e629fa6598,26.5,no_action,healthy_low_risk,39.4,90,20,0.0
content_68d92897313d,client_8527a891e2,26.5,no_action,healthy_low_risk,26.1,8,20,0.0
content_bb878c56b949,client_8527a891e2,26.5,no_action,healthy_low_risk,42.0,10,20,0.0
content_e5304691e3cc,client_8527a891e2,26.5,no_action,healthy_low_risk,12.0,1,20,0.0
content_935cf71f6fe5,client_8527a891e2,26.5,no_action,healthy_low_risk,19.0,3,20,0.0
content_7f5daea21e4d,client_8527a891e2,26.4,no_action,healthy_low_risk,22.6,5,20,0.0
content_08c809c7ef99,client_8527a891e2,26.4,no_action,healthy_low_risk,30.8,5,20,0.0
content_8c36774a9201,client_e629fa6598,26.4,no_action,healthy_low_risk,7.4,52,22,0.0
content_ecdd7308565e,client_4e07408562,26.4,no_action,healthy_low_risk,5.1,15297,104,0.54
content_02560826d24f,client_4e07408562,26.3,no_action,healthy_low_risk,8.8,1334,104,0.9
content_abc4bde782c9,client_8527a891e2,26.3,no_action,healthy_low_risk,40.0,12,20,0.0
content_a7720e2676d6,client_8527a891e2,26.3,no_action,healthy_low_risk,34.0,4,103,0.0
content_742a8fcba2fe,client_e629fa6598,26.2,no_action,healthy_low_risk,76.0,643,20,0.0
content_2b1e7392a914,client_4e07408562,26.2,no_action,healthy_low_risk,5.4,209,104,1.91
content_5cef15c4f635,client_e629fa6598,26.2,no_action,healthy_low_risk,8.7,113,20,0.0
content_9b06c5850f00,client_e629fa6598,26.2,no_action,healthy_low_risk,60.8,251,22,0.0
content_f18c99b3daa2,client_4e07408562,26.2,no_action,healthy_low_risk,6.7,28061,104,0.09
content_17e92c02c970,client_8527a891e2,26.1,no_action,healthy_low_risk,73.8,96,20,0.0
content_7b54202bac86,client_e629fa6598,26.1,no_action,healthy_low_risk,48.5,2696,22,0.07
content_148ac7fc14ae,client_e629fa6598,26.1,no_action,healthy_low_risk,29.8,373,22,0.8
content_2611b07ac9ad,client_4e07408562,26.1,no_action,healthy_low_risk,7.2,15599,25,0.85
content_b9e11a38fd49,client_4e07408562,26.0,no_action,healthy_low_risk,7.2,8685,25,1.35
content_159ea0a601d6,client_4e07408562,26.0,no_action,healthy_low_risk,4.9,4588,104,1.59
content_007d1f134801,client_4e07408562,26.0,no_action,healthy_low_risk,6.4,31069,25,0.9
content_1aa0c0e14f87,client_8527a891e2,26.0,no_action,healthy_low_risk,33.7,6,8,0.0
content_83dba2842fe6,client_8527a891e2,26.0,no_action,healthy_low_risk,11.0,1,104,0.0
content_77ed8bbc1d2a,client_8527a891e2,25.9,no_action,healthy_low_risk,29.5,2,92,0.0
content_476b20d68337,client_e629fa6598,25.9,no_action,healthy_low_risk,14.6,100,22,0.0
content_85417ff765d1,client_e629fa6598,25.9,no_action,healthy_low_risk,7.4,57,20,0.0
content_991da9a1aaab,client_4e07408562,25.9,no_action,healthy_low_risk,7.3,28711,25,0.96
content_a534caf61146,client_e629fa6598,25.9,no_action,healthy_low_risk,25.1,93,22,0.0
content_63205770dbcd,client_e629fa6598,25.8,no_action,healthy_low_risk,12.0,25,22,0.0
content_95b01798e6f3,client_e629fa6598,25.8,no_action,healthy_low_risk,58.7,485,22,0.21
content_d62bcceebda5,client_8527a891e2,25.7,no_action,healthy_low_risk,79.2,43,20,0.0
content_6989c356365e,client_4e07408562,25.7,no_action,healthy_low_risk,7.4,47962,35,0.25
content_2c785ed0bb07,client_e629fa6598,25.7,no_action,healthy_low_risk,51.2,109,22,0.0
content_8738328a9c87,client_e629fa6598,25.7,no_action,healthy_low_risk,8.6,93,22,1.08
content_76aa050d1556,client_8527a891e2,25.7,no_action,healthy_low_risk,57.1,17,20,0.0
content_568fc9ae5509,client_e629fa6598,25.7,no_action,healthy_low_risk,61.9,656,22,0.0
content_684fb0eecd23,client_8527a891e2,25.7,no_action,healthy_low_risk,30.0,14,20,0.0
content_5723e05acdc6,client_8527a891e2,25.6,no_action,healthy_low_risk,80.0,37,20,0.0
content_fda3f9dbfd08,client_4e07408562,25.6,no_action,healthy_low_risk,5.7,37279,104,0.47
content_1a6a4e32a379,client_8527a891e2,25.6,no_action,healthy_low_risk,75.8,37,104,0.0
content_2e0483eb1960,client_4e07408562,25.5,no_action,healthy_low_risk,29.4,7707,104,0.3
content_729cc06d3477,client_8527a891e2,25.5,no_action,healthy_low_risk,49.0,1,98,0.0
content_da6fd770bfa0,client_e629fa6598,25.5,no_action,healthy_low_risk,7.8,23,22,0.0
content_9be6f1d355a0,client_e629fa6598,25.5,no_action,healthy_low_risk,5.3,9,22,0.0
content_c858cef28937,client_8527a891e2,25.5,no_action,healthy_low_risk,29.2,6,20,0.0
content_a9063a28c8ea,client_e629fa6598,25.5,no_action,healthy_low_risk,28.1,1849,22,0.27
content_6589c04b58ce,client_e629fa6598,25.4,no_action,healthy_low_risk,13.2,41,22,2.44
content_04d9a432d35e,client_e629fa6598,25.4,no_action,healthy_low_risk,36.0,1058,22,0.19
content_3fca59454610,client_e629fa6598,25.4,no_action,healthy_low_risk,1.5,2,20,0.0
content_b44e333111a0,client_4e07408562,25.4,no_action,healthy_low_risk,6.0,4754,104,1.05
content_efbb569e748d,client_8527a891e2,25.3,no_action,healthy_low_risk,68.5,12,20,0.0
content_47d62e68cd7a,client_8527a891e2,25.2,no_action,healthy_low_risk,20.0,2,20,0.0
content_7b707aaeb6bb,client_e629fa6598,25.2,no_action,healthy_low_risk,7.2,5,20,0.0
content_e04bb57b670a,client_e629fa6598,25.1,no_action,healthy_low_risk,14.3,99,20,1.01
content_0e6db7c58cd2,client_8527a891e2,25.1,no_action,healthy_low_risk,26.0,8,20,0.0
content_a29c5d0e1d13,client_8527a891e2,25.1,no_action,healthy_low_risk,67.5,6,20,0.0
content_147608c766c3,client_8527a891e2,25.1,no_action,healthy_low_risk,75.6,36,20,0.0
content_0ae4960b2e20,client_e629fa6598,25.1,no_action,healthy_low_risk,11.4,11,20,0.0
content_755581bf4f86,client_8527a891e2,25.1,no_action,healthy_low_risk,18.7,3,20,0.0
content_abea74cf6a51,client_e629fa6598,25.0,no_action,healthy_low_risk,44.5,97,22,0.0
content_aa79ef2a0513,client_8527a891e2,25.0,no_action,healthy_low_risk,58.0,13,20,0.0
content_9fb007756e5a,client_8527a891e2,25.0,no_action,healthy_low_risk,20.5,2,20,0.0
content_015dd044ee9f,client_4e07408562,25.0,no_action,healthy_low_risk,5.0,15018,104,0.57
content_6e8497043841,client_e629fa6598,25.0,no_action,healthy_low_risk,7.4,21,20,4.76
content_a053262db2c0,client_4e07408562,25.0,no_action,healthy_low_risk,4.6,33604,14,0.97
content_c34ae04b892e,client_4e07408562,25.0,no_action,healthy_low_risk,5.8,8122,104,0.28
content_9a333084ec7c,client_8527a891e2,24.9,no_action,healthy_low_risk,27.0,2,20,0.0
content_75274ab02acb,client_e629fa6598,24.9,no_action,healthy_low_risk,56.9,415,22,0.0
content_0a76d4204a84,client_8527a891e2,24.9,no_action,healthy_low_risk,41.5,2,102,0.0
content_37eaebaa36b1,client_e629fa6598,24.9,no_action,healthy_low_risk,11.0,4,20,0.0
content_ca6bab292ff3,client_e629fa6598,24.9,no_action,healthy_low_risk,55.2,339,20,0.59
content_9de9afdada19,client_8527a891e2,24.8,no_action,healthy_low_risk,8.0,1,20,0.0
content_b433416426f6,client_e629fa6598,24.8,no_action,healthy_low_risk,32.8,278,22,0.72
content_0073196442b4,client_4e07408562,24.8,no_action,healthy_low_risk,8.5,65343,25,0.74
content_6beb5eb7eefd,client_4e07408562,24.8,no_action,healthy_low_risk,41.7,787,104,0.25
content_955dfe160f51,client_4e07408562,24.8,no_action,healthy_low_risk,32.9,311,13,0.64
content_186324addeed,client_8527a891e2,24.7,no_action,healthy_low_risk,25.1,14,20,0.0
content_96688198c848,client_e629fa6598,24.7,no_action,healthy_low_risk,5.4,93,22,0.0
content_b84c319494b9,client_e629fa6598,24.7,no_action,healthy_low_risk,7.4,33,22,0.0
content_14506ac672cb,client_e629fa6598,24.7,no_action,healthy_low_risk,58.2,293,20,0.0
content_4d4c6c972349,client_8527a891e2,24.7,no_action,healthy_low_risk,9.0,1,102,0.0
content_bfefd747bdff,client_8527a891e2,24.7,no_action,healthy_low_risk,35.3,3,20,0.0
content_a4e083d8c665,client_e629fa6598,24.7,no_action,healthy_low_risk,27.9,146,22,0.68
content_f3681e435c36,client_e629fa6598,24.7,no_action,healthy_low_risk,23.4,87,22,0.0
content_1712d0a66030,client_e629fa6598,24.6,no_action,healthy_low_risk,60.1,100,20,0.0
content_d8fa2f16a127,client_e629fa6598,24.6,no_action,healthy_low_risk,55.5,1894,20,0.11
content_b6a86abcee0d,client_e629fa6598,24.6,no_action,healthy_low_risk,21.8,21,22,0.0
content_9c30538ef131,client_4e07408562,24.5,no_action,healthy_low_risk,11.2,11492,25,0.95
content_4afa8f4c4754,client_e629fa6598,24.5,no_action,healthy_low_risk,4.0,2558,22,0.98
content_83351fa8fd7b,client_e629fa6598,24.5,no_action,healthy_low_risk,33.1,25,22,0.0
content_fd3a9777ca26,client_e629fa6598,24.5,no_action,healthy_low_risk,4.5,2,20,0.0
content_e76451da9b59,client_8527a891e2,24.5,no_action,healthy_low_risk,54.9,27,20,0.0
content_41cab735148d,client_e629fa6598,24.5,no_action,healthy_low_risk,4.1,4494,22,0.49
content_9f2b69296b69,client_4e07408562,24.4,no_action,healthy_low_risk,10.1,11966,25,1.4
content_1cc38b3f04d2,client_8527a891e2,24.4,no_action,healthy_low_risk,49.7,9,92,0.0
content_09e9eee59a4b,client_e629fa6598,24.4,no_action,healthy_low_risk,55.4,56,22,0.0
content_a146afa9b26a,client_e629fa6598,24.4,no_action,healthy_low_risk,40.8,780,22,0.13
content_98b1180ab96b,client_e629fa6598,24.4,no_action,healthy_low_risk,17.1,28,20,0.0
content_733d46a38a79,client_e629fa6598,24.3,no_action,healthy_low_risk,7.8,171,20,0.0
content_a8e389b5d661,client_e629fa6598,24.3,no_action,healthy_low_risk,7.8,9,20,0.0
content_645306b8cf3f,client_e629fa6598,24.3,no_action,healthy_low_risk,15.1,11,22,0.0
content_1561909ed20a,client_e629fa6598,24.3,no_action,healthy_low_risk,9.7,26,22,3.85
content_57971022aadc,client_4e07408562,24.2,no_action,healthy_low_risk,8.9,60739,25,0.4
content_cc46276454a0,client_8527a891e2,24.2,no_action,healthy_low_risk,40.0,1,104,0.0
content_49b3fdf2416d,client_e629fa6598,24.2,no_action,healthy_low_risk,4.5,2,20,0.0
content_3644cb1007be,client_4e07408562,24.2,no_action,healthy_low_risk,50.1,105,104,0.95
content_a4e95083ad61,client_4e07408562,24.2,no_action,healthy_low_risk,11.3,5796,25,0.33
content_8a541e403b7f,client_4e07408562,24.1,no_action,healthy_low_risk,39.0,6340,104,0.28
content_d25eec6fab2b,client_e629fa6598,24.1,no_action,healthy_low_risk,69.2,283,20,0.0
content_1ebadcc705b1,client_4e07408562,24.0,no_action,healthy_low_risk,6.2,15994,14,1.06
content_9a1cd75f0ee6,client_8527a891e2,24.0,no_action,healthy_low_risk,38.0,4,98,0.0
content_ab63f35e0525,client_e629fa6598,24.0,no_action,healthy_low_risk,26.1,31,20,0.0
content_8dff706684ee,client_e629fa6598,24.0,no_action,healthy_low_risk,6.6,12,20,0.0
content_025344275bba,client_8527a891e2,23.9,no_action,healthy_low_risk,39.0,2,20,0.0
content_0d55333269d5,client_e629fa6598,23.9,no_action,healthy_low_risk,57.3,303,22,0.0
content_5c2b0b761a77,client_e629fa6598,23.9,no_action,healthy_low_risk,9.8,4,20,0.0
content_9ca158d1183a,client_e629fa6598,23.9,no_action,healthy_low_risk,5.8,5,20,0.0
content_5a6586e57032,client_8527a891e2,23.9,no_action,healthy_low_risk,40.5,6,20,0.0
content_72a99bb5d650,client_e629fa6598,23.8,no_action,healthy_low_risk,28.1,16,20,0.0
content_383f7fffd99f,client_e629fa6598,23.8,no_action,healthy_low_risk,24.6,868,22,0.92
content_8aa1356f4cef,client_8527a891e2,23.7,no_action,healthy_low_risk,41.0,3,20,0.0
content_536191893098,client_e629fa6598,23.7,no_action,healthy_low_risk,8.0,1,20,0.0
content_37eb314922e6,client_d029fa3a95,23.7,no_action,healthy_low_risk,46.0,3,8,0.0
content_21fd653fa525,client_e629fa6598,23.7,no_action,healthy_low_risk,4.3,7,22,0.0
content_576d85a2a756,client_f369cb89fc,23.7,no_action,healthy_low_risk,46.2,10,20,0.0
content_451ec9fc7e27,client_f369cb89fc,23.7,no_action,healthy_low_risk,17.3,19,20,5.26
content_c47c5ca7b9e0,client_e629fa6598,23.7,no_action,healthy_low_risk,3.0,3,20,0.0
content_03c350f30418,client_e629fa6598,23.7,no_action,healthy_low_risk,8.0,2,20,0.0
content_5dcb5c533cad,client_e629fa6598,23.6,no_action,healthy_low_risk,67.3,898,22,0.0
content_4256c8b36a67,client_e629fa6598,23.6,no_action,healthy_low_risk,18.8,8,20,0.0
content_875d5a2daaba,client_e629fa6598,23.6,no_action,healthy_low_risk,64.1,177,22,0.0
content_2bb3a85eb290,client_e629fa6598,23.6,no_action,healthy_low_risk,8.0,16,22,0.0
content_cb0705899450,client_8527a891e2,23.5,no_action,healthy_low_risk,35.0,3,20,0.0
content_03a3fe27bf9b,client_e629fa6598,23.5,no_action,healthy_low_risk,39.0,200,20,0.0
content_dd93df6e704a,client_e629fa6598,23.5,no_action,healthy_low_risk,56.2,822,22,0.24
content_abe429671051,client_e629fa6598,23.4,no_action,healthy_low_risk,30.2,19,20,5.26
content_e18144cbd19d,client_4e07408562,23.4,no_action,healthy_low_risk,2.0,3,20,0.0
content_78afcf3ee0f4,client_4e07408562,23.4,no_action,healthy_low_risk,8.9,25402,25,1.14
content_d012390a3973,client_8527a891e2,23.4,no_action,healthy_low_risk,42.1,8,20,0.0
content_326a540b3a6e,client_8527a891e2,23.3,no_action,healthy_low_risk,75.1,33,20,0.0
content_9bb78e058f1d,client_8527a891e2,23.3,no_action,healthy_low_risk,31.0,2,20,0.0
content_e059d3c0c0ab,client_e629fa6598,23.3,no_action,healthy_low_risk,5.5,2,20,0.0
content_0febf9b1c9c0,client_8527a891e2,23.3,no_action,healthy_low_risk,57.4,63,104,1.59
content_0feda4547722,client_e629fa6598,23.2,no_action,healthy_low_risk,7.5,15,22,0.0
content_9edb9735cf02,client_8527a891e2,23.2,no_action,healthy_low_risk,64.3,9,20,0.0
content_584546729bcb,client_e629fa6598,23.2,no_action,healthy_low_risk,3.6,8982,22,0.36
content_43d1bae544f5,client_e629fa6598,23.1,no_action,healthy_low_risk,9.1,6684,22,0.34
content_59e1e5985094,client_4e07408562,23.1,no_action,healthy_low_risk,6.7,7503,25,0.43
content_4c7d1fedd4e6,client_8527a891e2,23.1,no_action,healthy_low_risk,25.0,2,20,0.0
content_b2beaf2fc81c,client_e629fa6598,23.0,no_action,healthy_low_risk,53.4,767,22,0.0
content_4c36c775b818,client_4e07408562,23.0,no_action,healthy_low_risk,2.3,463103,20,0.41
content_cead18006a4d,client_4e07408562,23.0,no_action,healthy_low_risk,17.4,1386,13,0.58
content_c32f1aeda114,client_e629fa6598,23.0,no_action,healthy_low_risk,25.0,14,22,0.0
content_ebf35372a022,client_e629fa6598,23.0,no_action,healthy_low_risk,16.7,17,20,0.0
content_d9e5b5139f21,client_e629fa6598,22.9,no_action,healthy_low_risk,54.0,196,20,0.0
content_2728587addea,client_e629fa6598,22.8,no_action,healthy_low_risk,45.7,113,20,0.0
content_0ec1d72a3487,client_e629fa6598,22.8,no_action,healthy_low_risk,62.7,976,22,0.0
content_5da43caf831a,client_e629fa6598,22.8,no_action,healthy_low_risk,41.8,120,20,0.0
content_18c6c376df8c,client_4e07408562,22.8,no_action,healthy_low_risk,14.1,10447,25,0.97
content_239c6dd5db4f,client_f369cb89fc,22.8,no_action,healthy_low_risk,69.3,34,20,0.0
content_c727f5bd7c1a,client_e629fa6598,22.7,no_action,healthy_low_risk,41.3,908,22,0.22
content_78c549f9e428,client_4e07408562,22.7,no_action,healthy_low_risk,7.4,25388,25,0.3
content_3121431b8cc3,client_e629fa6598,22.7,no_action,healthy_low_risk,61.2,328,20,0.0
content_e70b7c3849dc,client_f369cb89fc,22.7,no_action,healthy_low_risk,19.0,1,8,0.0
content_59b1e4dc2acb,client_e629fa6598,22.7,no_action,healthy_low_risk,20.3,18,20,0.0
content_55d970081c8a,client_8527a891e2,22.7,no_action,healthy_low_risk,49.0,2,92,0.0
content_46ece05546fb,client_4e07408562,22.5,no_action,healthy_low_risk,29.7,34826,25,0.28
content_ce50f5fc5afe,client_e629fa6598,22.4,no_action,healthy_low_risk,64.7,580,22,0.0
content_57ca8070379d,client_e629fa6598,22.4,no_action,healthy_low_risk,10.3,3,20,0.0
content_c28b943f0ebe,client_e629fa6598,22.4,no_action,healthy_low_risk,5.5,2,20,0.0
content_2ed48493988d,client_8527a891e2,22.4,no_action,healthy_low_risk,53.5,6,20,0.0
content_baccc0e2c6d7,client_e629fa6598,22.4,no_action,healthy_low_risk,21.6,16,20,0.0
content_cc5e82cfe642,client_8527a891e2,22.4,no_action,healthy_low_risk,70.3,36,103,0.0
content_1935a0f59861,client_4e07408562,22.4,no_action,healthy_low_risk,8.3,111593,25,0.36
content_c19242097fe9,client_e629fa6598,22.3,no_action,healthy_low_risk,62.4,92,22,0.0
content_bf73646cd408,client_e629fa6598,22.3,no_action,healthy_low_risk,16.8,320,22,1.88
content_856fcb758ae2,client_e629fa6598,22.3,no_action,healthy_low_risk,12.5,57,22,0.0
content_da2adacc2e93,client_4e07408562,22.2,no_action,healthy_low_risk,5.1,30384,104,0.26
content_51d4f462cbd8,client_4e07408562,22.2,no_action,healthy_low_risk,4.5,52681,104,0.23
content_ee6f9dbdaf4a,client_e629fa6598,22.1,no_action,healthy_low_risk,45.5,247,20,0.4
content_57a091adbcdf,client_e629fa6598,22.1,no_action,healthy_low_risk,44.5,1097,22,0.27
content_d43d8a031654,client_e629fa6598,22.1,no_action,healthy_low_risk,12.0,8,20,0.0
content_9532f197bbc8,client_4e07408562,22.1,no_action,healthy_low_risk,2.0,309192,104,0.87
content_09f7b75a09a5,client_8527a891e2,22.1,no_action,healthy_low_risk,74.6,36,20,0.0
content_f6227c12b17b,client_8527a891e2,21.9,no_action,healthy_low_risk,51.0,10,20,0.0
content_e5ae436f9a16,client_4e07408562,21.9,no_action,healthy_low_risk,3.0,117741,104,0.45
content_889c1b421608,client_e629fa6598,21.9,no_action,healthy_low_risk,23.9,192,22,0.52
content_0e92fbdaf841,client_e629fa6598,21.9,no_action,healthy_low_risk,6.3,3,20,0.0
content_6334610e2b03,client_4e07408562,21.9,no_action,healthy_low_risk,62.5,174,20,0.0
content_74fda8dfc96f,client_4e07408562,21.9,no_action,healthy_low_risk,7.1,186,104,1.61
content_7bf0aff635f4,client_4e07408562,21.9,no_action,healthy_low_risk,7.0,20300,20,0.99
content_2d67f23c1a48,client_e629fa6598,21.8,no_action,healthy_low_risk,6.3,7,20,0.0
content_5c442c2f3977,client_e629fa6598,21.7,no_action,healthy_low_risk,17.3,11,20,0.0
content_4c049e11ed00,client_e629fa6598,21.7,no_action,healthy_low_risk,4.5,4,20,0.0
content_19f86b2807b8,client_e629fa6598,21.7,no_action,healthy_low_risk,32.3,130,22,0.0
content_6337238cac67,client_e629fa6598,21.7,no_action,healthy_low_risk,75.3,263,20,0.0
content_2e4ffcb63e54,client_e629fa6598,21.7,no_action,healthy_low_risk,4.3,6,22,0.0
content_80c0d41cdc85,client_e629fa6598,21.6,no_action,healthy_low_risk,7.3,77,20,0.0
content_2b760d78e736,client_e629fa6598,21.6,no_action,healthy_low_risk,3.0,1,20,0.0
content_40cc2e94403b,client_4e07408562,21.6,no_action,healthy_low_risk,4.9,19140,104,1.73
content_956e9b861c22,client_8527a891e2,21.5,no_action,healthy_low_risk,70.9,22,103,0.0
content_804d56040bd3,client_8527a891e2,21.5,no_action,healthy_low_risk,36.3,3,104,0.0
content_2d517e68e168,client_4e07408562,21.5,no_action,healthy_low_risk,50.1,61,104,0.0
content_d7e222df21c9,client_e629fa6598,21.5,no_action,healthy_low_risk,56.7,1020,22,0.1
content_41e386e2f5f9,client_e629fa6598,21.4,no_action,healthy_low_risk,8.8,85,20,1.18
content_df4f42762389,client_e629fa6598,21.3,no_action,healthy_low_risk,7.0,3,20,0.0
content_b7457edaee9e,client_e629fa6598,21.3,no_action,healthy_low_risk,67.9,310,20,0.0
content_8f1771536bb6,client_e629fa6598,21.3,no_action,healthy_low_risk,2.5,2,20,0.0
content_14d50a4ddc86,client_4e07408562,21.2,no_action,healthy_low_risk,7.5,2,104,0.0
content_b1f6e3157229,client_8527a891e2,21.2,no_action,healthy_low_risk,53.0,3,98,0.0
content_e6bf9b5ad60b,client_8527a891e2,21.2,no_action,healthy_low_risk,51.0,3,20,0.0
content_544cc7394fc5,client_4e07408562,21.1,no_action,healthy_low_risk,14.0,4377,25,1.1
content_927d200657e9,client_e629fa6598,21.0,no_action,healthy_low_risk,9.3,61,20,0.0
content_a66ce68fad6c,client_4e07408562,21.0,no_action,healthy_low_risk,5.1,14605,104,0.77
content_d9a154ca7683,client_e629fa6598,20.9,no_action,healthy_low_risk,19.5,95,20,3.16
content_7a7a2b707f3f,client_e629fa6598,20.9,no_action,healthy_low_risk,41.7,518,22,0.19
content_006f466746a7,client_8527a891e2,20.9,no_action,healthy_low_risk,47.0,2,104,0.0
content_284df888e0cb,client_e629fa6598,20.9,no_action,healthy_low_risk,43.7,287,22,0.0
content_de2ac3a1cb77,client_e629fa6598,20.8,no_action,healthy_low_risk,17.1,8,22,0.0
content_1a0ba11dff95,client_e629fa6598,20.8,no_action,healthy_low_risk,9.3,4,20,0.0
content_f1e06fcf65bb,client_e629fa6598,20.8,no_action,healthy_low_risk,11.2,5,22,0.0
content_a77122a79b78,client_8527a891e2,20.8,no_action,healthy_low_risk,63.2,5,98,0.0
content_32c1a7c9da4c,client_e629fa6598,20.7,no_action,healthy_low_risk,3.5,2,20,0.0
content_5a9d3d70cd90,client_8527a891e2,20.7,no_action,healthy_low_risk,30.0,1,8,0.0
content_1a1fcc786521,client_e629fa6598,20.7,no_action,healthy_low_risk,28.0,30,22,0.0
content_2276d67dccae,client_e629fa6598,20.6,no_action,healthy_low_risk,7.3,3,20,0.0
content_5627aa6937b9,client_e629fa6598,20.6,no_action,healthy_low_risk,9.3,5373,22,0.2
content_087ef0b1b2ef,client_e629fa6598,20.6,no_action,healthy_low_risk,5.0,3,20,0.0
content_36fb0d9f1b73,client_e629fa6598,20.6,no_action,healthy_low_risk,35.3,407,22,0.25
content_b300e6b84a9f,client_e629fa6598,20.5,no_action,healthy_low_risk,7.7,10,20,0.0
content_599f9c953f91,client_8527a891e2,20.5,no_action,healthy_low_risk,37.0,1,20,0.0
content_0f4b391661fb,client_e629fa6598,20.5,no_action,healthy_low_risk,36.9,27,20,0.0
content_f516cec15df8,client_4e07408562,20.5,no_action,healthy_low_risk,7.2,44445,25,0.64
content_4a18c07e5357,client_4e07408562,20.5,no_action,healthy_low_risk,4.5,125049,104,0.86
content_ccca02d84f2d,client_e629fa6598,20.4,no_action,healthy_low_risk,45.0,1297,22,0.31
content_985b860f80fa,client_e629fa6598,20.4,no_action,healthy_low_risk,26.2,50,20,0.0
content_3ad3a781fa91,client_4e07408562,20.4,no_action,healthy_low_risk,5.2,145044,104,1.08
content_c43c5620eeb7,client_e629fa6598,20.4,no_action,healthy_low_risk,6.5,40,22,0.0
content_f6c5a5e7023c,client_e629fa6598,20.4,no_action,healthy_low_risk,2.5,4,20,0.0
content_382ab3b384e4,client_e629fa6598,20.4,no_action,healthy_low_risk,25.6,185,22,0.54
content_dbc0b153ac65,client_8527a891e2,20.2,no_action,healthy_low_risk,28.3,3,20,0.0
content_b8d3e0ffaf08,client_e629fa6598,20.2,no_action,healthy_low_risk,22.0,1,104,0.0
content_c6f477ab1fd7,client_e629fa6598,20.1,no_action,healthy_low_risk,6.4,5,20,0.0
content_e098e0dd0032,client_8527a891e2,20.1,no_action,healthy_low_risk,74.4,29,20,0.0
content_e823461bc006,client_e629fa6598,20.1,no_action,healthy_low_risk,22.7,3,20,0.0
content_da284c9673e7,client_e629fa6598,20.0,no_action,healthy_low_risk,24.4,321,22,0.62
content_8bdf571e5d0e,client_e629fa6598,19.9,no_action,healthy_low_risk,49.6,22,22,0.0
content_9748c5853fe6,client_e629fa6598,19.9,no_action,healthy_low_risk,43.3,47,22,0.0
content_53eff13437f9,client_e629fa6598,19.8,no_action,healthy_low_risk,28.4,16,22,0.0
content_e3bbb49f7641,client_8527a891e2,19.8,no_action,healthy_low_risk,37.0,1,20,0.0
content_c9a229ebf8b6,client_e629fa6598,19.8,no_action,healthy_low_risk,27.7,3,20,0.0
content_a27da8fc2b21,client_e629fa6598,19.8,no_action,healthy_low_risk,49.7,63,20,0.0
content_6129bdf179ba,client_4e07408562,19.7,no_action,healthy_low_risk,36.0,8212,104,0.46
content_902156d012c4,client_e629fa6598,19.7,no_action,healthy_low_risk,5.5,2,20,0.0
content_c2d256c891ad,client_e629fa6598,19.6,no_action,healthy_low_risk,5.7,7,20,0.0
content_e28ccaa8e211,client_4e07408562,19.6,no_action,healthy_low_risk,7.4,56633,25,0.37
content_c2d3553f8ada,client_e629fa6598,19.6,no_action,healthy_low_risk,65.9,103,22,0.0
content_cfd7e4697734,client_e629fa6598,19.6,no_action,healthy_low_risk,7.0,4,20,0.0
content_891ded76771b,client_e629fa6598,19.6,no_action,healthy_low_risk,63.7,454,20,0.0
content_87c6292356c5,client_e629fa6598,19.5,no_action,healthy_low_risk,21.4,37,20,0.0
content_3bccb2bfe3a4,client_e629fa6598,19.5,no_action,healthy_low_risk,6.8,20,22,0.0
content_6e2368caa550,client_e629fa6598,19.5,no_action,healthy_low_risk,54.6,223,20,0.0
content_eeb8f4de4796,client_e629fa6598,19.4,no_action,healthy_low_risk,7.2,13,22,0.0
content_4c3468a3efad,client_8527a891e2,19.4,no_action,healthy_low_risk,53.6,16,20,0.0
content_b8601f59729d,client_e629fa6598,19.2,no_action,healthy_low_risk,9.8,24,22,0.0
content_96403c0c9363,client_e629fa6598,19.2,no_action,healthy_low_risk,18.6,5,20,0.0
content_f56c48a71b00,client_e629fa6598,19.2,no_action,healthy_low_risk,9.8,10,20,0.0
content_ff9511e0254e,client_4e07408562,19.1,no_action,healthy_low_risk,8.7,1844,104,0.6
content_84e9d43ca93e,client_e629fa6598,19.1,no_action,healthy_low_risk,3.0,2,20,0.0
content_cf11e5bef79f,client_e629fa6598,19.1,no_action,healthy_low_risk,66.4,242,22,0.0
content_16fe336d02f1,client_e629fa6598,19.0,no_action,healthy_low_risk,48.0,54,20,0.0
content_479ce00a63b7,client_8527a891e2,19.0,no_action,healthy_low_risk,74.7,40,20,0.0
content_e69028c64569,client_e629fa6598,19.0,no_action,healthy_low_risk,11.0,5,20,0.0
content_778761ba6fc7,client_4e07408562,18.9,no_action,healthy_low_risk,14.5,2651,14,0.79
content_7f003d24f1c8,client_8527a891e2,18.8,no_action,healthy_low_risk,45.0,3,104,0.0
content_eb0b71e5d272,client_e629fa6598,18.8,no_action,healthy_low_risk,12.4,5,20,0.0
content_3a4be4271461,client_e629fa6598,18.8,no_action,healthy_low_risk,5.3,18,20,0.0
content_fbad54d7a5dc,client_8527a891e2,18.7,no_action,healthy_low_risk,79.9,14,20,0.0
content_c92241a22237,client_8527a891e2,18.6,no_action,healthy_low_risk,51.0,6,20,0.0
content_1815d425a3a0,client_e629fa6598,18.6,no_action,healthy_low_risk,17.5,11,20,0.0
content_c623da9bd614,client_e629fa6598,18.6,no_action,healthy_low_risk,6.4,29,22,0.0
content_a7c0affbca5a,client_e629fa6598,18.5,no_action,healthy_low_risk,9.1,29,22,0.0
content_6953531682aa,client_8527a891e2,18.5,no_action,healthy_low_risk,11.0,2,20,0.0
content_83c0fefa87fe,client_e629fa6598,18.5,no_action,healthy_low_risk,17.5,19,20,0.0
content_3c973169346e,client_e629fa6598,18.4,no_action,healthy_low_risk,9.0,1,20,0.0
content_584e85b1ef21,client_8527a891e2,18.4,no_action,healthy_low_risk,81.8,5,98,0.0
content_0a916bb9bf5b,client_e629fa6598,18.3,no_action,healthy_low_risk,55.3,73,20,0.0
content_e8162227f5d5,client_e629fa6598,18.3,no_action,healthy_low_risk,9.0,1,20,0.0
content_f8b957de1e87,client_e629fa6598,18.3,no_action,healthy_low_risk,81.5,140,20,0.0
content_1bc6afcea27b,client_e629fa6598,18.3,no_action,healthy_low_risk,45.4,475,22,0.21
content_7a18ebbbb60a,client_8527a891e2,18.2,no_action,healthy_low_risk,32.6,5,20,0.0
content_d5819089038e,client_e629fa6598,18.2,no_action,healthy_low_risk,22.9,11,20,0.0
content_fb7fb643eff7,client_4e07408562,18.1,no_action,healthy_low_risk,4.7,48413,104,0.86
content_906507ad95ce,client_8527a891e2,18.1,no_action,healthy_low_risk,77.1,14,8,0.0
content_7064f36b02dc,client_e629fa6598,18.1,no_action,healthy_low_risk,54.7,378,22,0.0
content_e4dd35c013da,client_e629fa6598,18.1,no_action,healthy_low_risk,10.3,10,20,0.0
content_f4c93868660b,client_4e07408562,18.0,no_action,healthy_low_risk,3.4,87433,104,0.89
content_9fe4ef93067a,client_e629fa6598,18.0,no_action,healthy_low_risk,19.3,11,20,0.0
content_5b9cd5b2818a,client_8527a891e2,18.0,no_action,healthy_low_risk,56.1,27,20,0.0
content_4090f0acd977,client_4e07408562,18.0,no_action,healthy_low_risk,6.5,46560,25,1.05
content_62abc4bd66be,client_4e07408562,17.9,no_action,healthy_low_risk,68.5,31364,104,0.09
content_37106924f264,client_4e07408562,17.9,no_action,healthy_low_risk,3.4,89311,104,1.01
content_f6b05f1a673a,client_8527a891e2,17.9,no_action,healthy_low_risk,68.0,7,8,0.0
content_ff89c97ac899,client_8527a891e2,17.9,no_action,healthy_low_risk,51.0,2,20,0.0
content_92414e34ded3,client_4e07408562,17.8,no_action,healthy_low_risk,7.9,6686,25,0.85
content_14327b4a825b,client_e629fa6598,17.8,no_action,healthy_low_risk,7.3,14,20,0.0
content_00530d75a8c7,client_f369cb89fc,17.7,no_action,healthy_low_risk,49.0,2,8,0.0
content_63f0e34ce89b,client_e629fa6598,17.7,no_action,healthy_low_risk,24.5,4,20,0.0
content_7c0ade9c9f1d,client_e629fa6598,17.5,no_action,healthy_low_risk,7.5,73,22,0.0
content_3be13cd9cb0c,client_4e07408562,17.4,no_action,healthy_low_risk,5.0,11792,104,1.07
content_8e315039832c,client_e629fa6598,17.4,no_action,healthy_low_risk,13.2,12,20,0.0
content_22a3f0ac2b84,client_e629fa6598,17.4,no_action,healthy_low_risk,8.0,1,22,0.0
content_5b377954b9b8,client_8527a891e2,17.4,no_action,healthy_low_risk,83.3,13,20,0.0
content_47d671a76316,client_e629fa6598,17.4,no_action,healthy_low_risk,29.6,43,20,0.0
content_3c3acade0e2c,client_e629fa6598,17.2,no_action,healthy_low_risk,10.9,105,20,1.9
content_9f0c88110232,client_8527a891e2,17.2,no_action,healthy_low_risk,56.0,1,8,0.0
content_3e6203ac624d,client_8527a891e2,17.1,no_action,healthy_low_risk,40.7,3,20,0.0
content_6b3f938f081e,client_8527a891e2,17.0,no_action,healthy_low_risk,49.0,2,20,0.0
content_1794327a4d44,client_e629fa6598,17.0,no_action,healthy_low_risk,73.8,664,22,0.0
content_b0a5c92e100b,client_e629fa6598,17.0,no_action,healthy_low_risk,11.0,1,20,0.0
content_dfbd76532fb8,client_8527a891e2,17.0,no_action,healthy_low_risk,60.2,6,20,0.0
content_19e8e0ca29e9,client_e629fa6598,16.9,no_action,healthy_low_risk,30.7,68,22,1.47
content_9524a5115a30,client_e629fa6598,16.9,no_action,healthy_low_risk,33.7,15,20,0.0
content_7a82fa0b634e,client_e629fa6598,16.7,no_action,healthy_low_risk,58.2,41,22,0.0
content_cb5f0e5001bd,client_e629fa6598,16.7,no_action,healthy_low_risk,16.8,4,20,0.0
content_eb44131698e0,client_8527a891e2,16.7,no_action,healthy_low_risk,77.0,3,104,0.0
content_c7bfb3fb5e53,client_8527a891e2,16.6,no_action,healthy_low_risk,73.0,8,8,0.0
content_72348d55e12c,client_e629fa6598,16.6,no_action,healthy_low_risk,52.1,62,22,0.0
content_2f002563e9cd,client_e629fa6598,16.6,no_action,healthy_low_risk,5.2,17,20,0.0
content_486ea85278bd,client_4e07408562,16.5,no_action,healthy_low_risk,4.7,5528,104,0.98
content_ed3d1e0c4c93,client_8527a891e2,16.5,no_action,healthy_low_risk,23.7,3,20,0.0
content_ce296f93e007,client_e629fa6598,16.4,no_action,healthy_low_risk,18.3,4,22,0.0
content_2f81a633e150,client_e629fa6598,16.4,no_action,healthy_low_risk,10.5,2,22,0.0
content_fb7473d654b8,client_8527a891e2,16.4,no_action,healthy_low_risk,55.3,3,20,0.0
content_0ed6c37ef084,client_e629fa6598,16.3,no_action,healthy_low_risk,10.0,11,22,0.0
content_b6bb24742416,client_e629fa6598,16.3,no_action,healthy_low_risk,44.0,227,22,0.44
content_96d8ccfc12c6,client_e629fa6598,16.2,no_action,healthy_low_risk,8.0,1,20,0.0
content_e9bc92689a75,client_8527a891e2,16.2,no_action,healthy_low_risk,45.0,1,20,0.0
content_f3ca73f0f3f3,client_e629fa6598,16.2,no_action,healthy_low_risk,55.3,305,22,0.0
content_4b6eb848b1e9,client_e629fa6598,16.2,no_action,healthy_low_risk,32.2,122,20,1.64
content_7764f406228e,client_8527a891e2,16.0,no_action,healthy_low_risk,76.0,1,104,0.0
content_e04f657e2abd,client_4e07408562,16.0,no_action,healthy_low_risk,11.8,37432,25,0.7
content_69e05c36b3c7,client_e629fa6598,16.0,no_action,healthy_low_risk,7.0,3,20,0.0
content_97baf63cdb13,client_e629fa6598,15.9,no_action,healthy_low_risk,30.3,6,20,0.0
content_bc30d6697d2b,client_8527a891e2,15.9,no_action,healthy_low_risk,50.5,10,20,0.0
content_0e57843e6749,client_8527a891e2,15.9,no_action,healthy_low_risk,54.5,2,103,0.0
content_e2919cabceaf,client_e629fa6598,15.8,no_action,healthy_low_risk,27.5,4,20,0.0
content_774ddafaf91f,client_e629fa6598,15.8,no_action,healthy_low_risk,19.1,18,22,0.0
content_44313a51f457,client_4e07408562,15.8,no_action,healthy_low_risk,4.9,12495,104,2.26
content_ab943e8575eb,client_e629fa6598,15.8,no_action,healthy_low_risk,5.5,47626,22,0.4
content_30facd2143b7,client_e629fa6598,15.7,no_action,healthy_low_risk,31.5,302,20,1.66
content_f27bacdc40eb,client_e629fa6598,15.5,no_action,healthy_low_risk,8.5,2,20,0.0
content_024dc43acfa4,client_e629fa6598,15.5,no_action,healthy_low_risk,28.6,23,22,0.0
content_6248c9728c62,client_e629fa6598,15.4,no_action,healthy_low_risk,13.0,8,20,0.0
content_02aea76abbdd,client_e629fa6598,15.4,no_action,healthy_low_risk,62.8,187,22,0.0
content_38b9529bf1b6,client_e629fa6598,15.4,no_action,healthy_low_risk,32.7,36,22,0.0
content_867d55623add,client_e629fa6598,15.3,no_action,healthy_low_risk,54.3,130,22,0.0
content_26fc0d3c6e5d,client_e629fa6598,15.2,no_action,healthy_low_risk,43.5,15,20,0.0
content_7fe5393fa43e,client_e629fa6598,15.2,no_action,healthy_low_risk,37.3,9,20,0.0
content_dbd64dd95335,client_e629fa6598,15.1,no_action,healthy_low_risk,66.4,74,22,0.0
content_82cb4dd2ca6e,client_8527a891e2,15.1,no_action,healthy_low_risk,37.0,1,20,0.0
content_934f6353e088,client_e629fa6598,15.1,no_action,healthy_low_risk,10.0,2,22,0.0
content_ccc7c67a69ba,client_e629fa6598,15.1,no_action,healthy_low_risk,43.3,14,20,0.0
content_b52441bdc93f,client_e629fa6598,15.1,no_action,healthy_low_risk,30.3,6,20,0.0
content_77c30aa8260f,client_8527a891e2,15.0,no_action,healthy_low_risk,25.0,3,20,33.33
content_5b91e6eac7e3,client_e629fa6598,15.0,no_action,healthy_low_risk,5.9,27,20,0.0
content_64fbb70a9c18,client_e629fa6598,14.9,no_action,healthy_low_risk,49.0,1,104,0.0
content_7ac35f30c3aa,client_4e07408562,14.8,no_action,healthy_low_risk,29.0,4,20,0.0
content_b3623d22db24,client_e629fa6598,14.8,no_action,healthy_low_risk,36.3,10,20,0.0
content_64fdf67a3b9e,client_e629fa6598,14.7,no_action,healthy_low_risk,5.0,3,20,0.0
content_da5332bad4a0,client_e629fa6598,14.5,no_action,healthy_low_risk,54.1,18,20,0.0
content_094eb55bb205,client_e629fa6598,14.4,no_action,healthy_low_risk,65.7,48,20,0.0
content_5ef5a39eade1,client_e629fa6598,14.3,no_action,healthy_low_risk,28.0,4,20,0.0
content_b324070623ea,client_e629fa6598,14.3,no_action,healthy_low_risk,9.5,2,20,0.0
content_dbde13469422,client_e629fa6598,14.3,no_action,healthy_low_risk,58.1,14,20,0.0
content_9bb9a0584cae,client_8527a891e2,14.2,no_action,healthy_low_risk,54.0,2,8,0.0
content_076f12da769b,client_e629fa6598,14.2,no_action,healthy_low_risk,36.4,7,20,0.0
content_e507a61d0a59,client_e629fa6598,14.2,no_action,healthy_low_risk,77.4,122,20,0.0
content_43fb1d5c60f3,client_e629fa6598,14.1,no_action,healthy_low_risk,7.5,57,22,0.0
content_92877bcc7ded,client_e629fa6598,13.8,no_action,healthy_low_risk,9.0,1,22,0.0
content_e102455367e5,client_e629fa6598,13.7,no_action,healthy_low_risk,54.9,37,22,0.0
content_ac5d499580e0,client_e629fa6598,13.6,no_action,healthy_low_risk,35.5,4,20,0.0
content_dd94b99988db,client_e629fa6598,13.6,no_action,healthy_low_risk,24.5,2,20,0.0
content_3ba85db51622,client_e629fa6598,13.5,no_action,healthy_low_risk,60.1,21,20,0.0
content_d987db4e38fe,client_e629fa6598,13.4,no_action,healthy_low_risk,70.3,97,20,0.0
content_420c7df3a60e,client_e629fa6598,13.3,no_action,healthy_low_risk,11.5,13,20,0.0
content_9bf90fb940e2,client_e629fa6598,13.2,no_action,healthy_low_risk,6.0,1,20,0.0
content_c0cd972151b9,client_e629fa6598,13.0,no_action,healthy_low_risk,28.3,4,22,0.0
content_16f38acf0f26,client_e629fa6598,13.0,no_action,healthy_low_risk,50.0,2,20,0.0
content_7d96b80954bf,client_e629fa6598,13.0,no_action,healthy_low_risk,39.1,13,20,0.0
content_5af418e9358d,client_e629fa6598,12.8,no_action,healthy_low_risk,8.1,49,22,0.0
content_b11fca347f8e,client_4e07408562,12.7,no_action,healthy_low_risk,3.9,14888,104,1.65
content_4de8c62603bf,client_e629fa6598,12.7,no_action,healthy_low_risk,43.2,10,20,0.0
content_9ba30bec775e,client_e629fa6598,12.4,no_action,healthy_low_risk,13.6,5,20,20.0
content_82a7d0b8e89c,client_e629fa6598,12.1,no_action,healthy_low_risk,2.5,2,20,0.0
content_3d85651f289d,client_e629fa6598,12.1,no_action,healthy_low_risk,12.2,6,20,0.0
content_8ff857ae67d0,client_e629fa6598,11.9,no_action,healthy_low_risk,4.2,21103,22,1.11
content_cc4b9034027c,client_8527a891e2,11.9,no_action,healthy_low_risk,68.0,1,92,0.0
content_f896180b75e2,client_e629fa6598,11.9,no_action,healthy_low_risk,64.8,181,22,0.0
content_894e06751cee,client_e629fa6598,11.8,no_action,healthy_low_risk,33.5,23,22,0.0
content_c268b1716236,client_e629fa6598,11.7,no_action,healthy_low_risk,41.7,3,20,0.0
content_0c20d3d3237e,client_8527a891e2,11.6,no_action,healthy_low_risk,87.1,8,20,0.0
content_f636be06f1c1,client_8527a891e2,11.6,no_action,healthy_low_risk,98.8,8,20,0.0
content_7d45fa163356,client_e629fa6598,11.5,no_action,healthy_low_risk,36.5,6,22,0.0
content_6cfa6887870d,client_e629fa6598,11.4,no_action,healthy_low_risk,29.5,2,20,0.0
content_02e419fad013,client_e629fa6598,11.3,no_action,healthy_low_risk,30.2,5,20,0.0
content_d1e915d03c28,client_4e07408562,11.2,no_action,healthy_low_risk,45.0,2,104,0.0
content_8818fd6d967f,client_4e07408562,11.1,no_action,healthy_low_risk,3.4,83603,104,1.06
content_dbf651aa00c6,client_e629fa6598,11.0,no_action,healthy_low_risk,28.0,5,22,0.0
content_092f48aa993e,client_e629fa6598,10.9,no_action,healthy_low_risk,33.2,13,20,0.0
content_4c77601301fb,client_e629fa6598,10.8,no_action,healthy_low_risk,58.0,5,20,0.0
content_fd31ddf5ba2a,client_e629fa6598,10.7,no_action,healthy_low_risk,45.1,86,22,2.33
content_e104765c585e,client_e629fa6598,10.6,no_action,healthy_low_risk,41.0,3,20,0.0
content_31c66d071a62,client_8527a891e2,10.6,no_action,healthy_low_risk,29.7,6,20,0.0
content_48f973ba9139,client_e629fa6598,10.5,no_action,healthy_low_risk,40.3,3,20,0.0
content_9e3db0fba3d4,client_e629fa6598,10.5,no_action,healthy_low_risk,5.5,2,20,0.0
content_5e7281466c36,client_e629fa6598,10.5,no_action,healthy_low_risk,10.0,1,20,0.0
content_bb1685e447da,client_8527a891e2,10.5,no_action,healthy_low_risk,77.5,4,20,0.0
content_0ec0e60804a1,client_e629fa6598,10.3,no_action,healthy_low_risk,28.5,2,20,0.0
content_8ce337f96d83,client_e629fa6598,9.7,no_action,healthy_low_risk,64.9,10,20,0.0
content_ed3fa1235079,client_e629fa6598,9.4,no_action,healthy_low_risk,11.0,1,20,0.0
content_9b7af87c2eb0,client_e629fa6598,9.4,no_action,healthy_low_risk,39.6,5,20,0.0
content_90facfd9585c,client_e629fa6598,9.4,no_action,healthy_low_risk,40.0,3,20,0.0
content_a4b464f4de63,client_e629fa6598,9.3,no_action,healthy_low_risk,69.2,9,20,0.0
content_74ed7b370eb8,client_8527a891e2,9.2,no_action,healthy_low_risk,59.0,3,20,0.0
content_f6e5afc1ed34,client_e629fa6598,8.2,no_action,healthy_low_risk,22.3,3,20,0.0
content_c68021bea098,client_8527a891e2,7.4,no_action,healthy_low_risk,84.0,1,20,0.0
content_426c066da61c,client_e629fa6598,7.3,no_action,healthy_low_risk,72.7,61,20,0.0
content_8a0e82cc099f,client_8527a891e2,7.3,no_action,healthy_low_risk,84.0,1,20,0.0
content_2a156994fa3e,client_e629fa6598,5.7,no_action,healthy_low_risk,70.0,2,22,0.0
content_c90cac472cbc,client_e629fa6598,5.1,no_action,healthy_low_risk,77.0,20,20,0.0
content_d3e05af412bb,client_e629fa6598,5.1,no_action,healthy_low_risk,57.0,1,20,0.0
content_6013eeee696b,client_e629fa6598,5.1,no_action,healthy_low_risk,65.3,4,20,0.0
content_2a9b7d24959d,client_8527a891e2,1.1,no_action,healthy_low_risk,0.0,2,8,0.0
content_ac2e8ed0c8de,client_d029fa3a95,1.0,no_action,healthy_low_risk,0.0,1,8,0.0
content_5d7775ffa966,client_8527a891e2,0.9,no_action,healthy_low_risk,0.0,1,20,0.0
content_1f315783354c,client_8527a891e2,0.9,no_action,healthy_low_risk,0.0,1,20,0.0
content_93626b5741e8,client_f369cb89fc,0.9,no_action,healthy_low_risk,0.0,4,20,0.0
content_e1b24ff1f2e0,client_8527a891e2,0.9,no_action,healthy_low_risk,0.0,1,20,0.0
content_8670bdb4ea0e,client_8527a891e2,0.9,no_action,healthy_low_risk,0.0,1,20,0.0
content_d09a405acf05,client_8527a891e2,0.8,no_action,healthy_low_risk,0.0,1,8,0.0
content_74b78c2e3b4b,client_8527a891e2,0.8,no_action,healthy_low_risk,0.0,1,20,0.0
content_3fe487b44ba6,client_8527a891e2,0.8,no_action,healthy_low_risk,0.0,1,20,0.0
content_0f2016e46347,client_f369cb89fc,0.8,no_action,healthy_low_risk,0.0,1,20,0.0
content_ea8a83a2510c,client_8527a891e2,0.8,no_action,healthy_low_risk,0.0,2,98,0.0
content_4df186d48a02,client_8527a891e2,0.8,no_action,healthy_low_risk,0.0,1,20,0.0
content_c63decebf95b,client_8527a891e2,0.8,no_action,healthy_low_risk,0.0,1,20,0.0
content_95a51bc91a86,client_f369cb89fc,0.7,no_action,healthy_low_risk,0.0,1,20,0.0
content_b045313ddc67,client_8527a891e2,0.7,no_action,healthy_low_risk,0.0,1,20,0.0
content_7bc32bc1df59,client_8527a891e2,0.7,no_action,healthy_low_risk,0.0,1,92,0.0
content_e95d5e80d754,client_f369cb89fc,0.7,no_action,healthy_low_risk,0.0,1,20,0.0
content_9c917d971ad8,client_8527a891e2,0.7,no_action,healthy_low_risk,0.0,3,8,0.0
content_51ba4f9ce7e6,client_8527a891e2,0.7,no_action,healthy_low_risk,0.0,1,20,0.0
content_ca972e51fe31,client_f369cb89fc,0.7,no_action,healthy_low_risk,0.0,2,20,0.0
content_dfe2c580ab23,client_8527a891e2,0.7,no_action,healthy_low_risk,0.0,1,20,0.0
content_7e59e5b05d2d,client_8527a891e2,0.7,no_action,healthy_low_risk,0.0,1,20,0.0
content_31b37ae51c0c,client_8527a891e2,0.7,no_action,healthy_low_risk,0.0,1,102,0.0
content_cc1a7065fda5,client_f369cb89fc,0.6,no_action,healthy_low_risk,0.0,1,20,0.0
content_ca6dfbbaa5ec,client_8527a891e2,0.6,no_action,healthy_low_risk,0.0,2,20,0.0
content_c368ad327e78,client_f369cb89fc,0.6,no_action,healthy_low_risk,0.0,1,20,0.0
content_3babe636da1f,client_f369cb89fc,0.6,no_action,healthy_low_risk,0.0,1,8,0.0
content_6bfdfc1d107f,client_d029fa3a95,0.6,no_action,healthy_low_risk,0.0,1,20,0.0
content_ea9dd79ca225,client_f369cb89fc,0.6,no_action,healthy_low_risk,0.0,1,8,0.0
content_efe9b5229db9,client_f369cb89fc,0.6,no_action,healthy_low_risk,0.0,1,20,0.0
content_1c4bf0a1603a,client_8527a891e2,0.6,no_action,healthy_low_risk,0.0,1,20,0.0
content_945f106894f8,client_f369cb89fc,0.6,no_action,healthy_low_risk,0.0,1,8,0.0
content_c5613f8753e3,client_f369cb89fc,0.6,no_action,healthy_low_risk,0.0,1,20,0.0
content_352847c9fbf2,client_8527a891e2,0.6,no_action,healthy_low_risk,0.0,1,20,0.0
content_d73fe8925bbd,client_f369cb89fc,0.6,no_action,healthy_low_risk,0.0,1,20,0.0
content_1939180bfe36,client_8527a891e2,0.6,no_action,healthy_low_risk,0.0,1,8,0.0
content_ed62f10eacd4,client_8527a891e2,0.6,no_action,healthy_low_risk,0.0,1,8,0.0
content_869b5c392fda,client_f369cb89fc,0.6,no_action,healthy_low_risk,0.0,1,20,0.0
content_71f598d2f965,client_f369cb89fc,0.6,no_action,healthy_low_risk,0.0,1,20,0.0
content_3b450eb82457,client_8527a891e2,0.6,no_action,healthy_low_risk,0.0,1,20,0.0
content_9da19b2cac84,client_8527a891e2,0.5,no_action,healthy_low_risk,0.0,1,20,0.0
content_cc908a61bc6b,client_f369cb89fc,0.5,no_action,healthy_low_risk,0.0,1,20,0.0
content_fb301c227850,client_8527a891e2,0.5,no_action,healthy_low_risk,0.0,1,20,0.0
content_aea4ae583fa0,client_f369cb89fc,0.5,no_action,healthy_low_risk,0.0,1,8,0.0
content_a81639945303,client_8527a891e2,0.5,no_action,healthy_low_risk,0.0,1,20,0.0
content_b874d85fb028,client_f369cb89fc,0.5,no_action,healthy_low_risk,0.0,1,20,0.0
content_077fa450ce2d,client_f369cb89fc,0.5,no_action,healthy_low_risk,0.0,1,8,0.0
content_4c9c84b8343d,client_f369cb89fc,0.5,no_action,healthy_low_risk,0.0,1,20,0.0
content_728728c27503,client_f369cb89fc,0.5,no_action,healthy_low_risk,0.0,1,8,0.0
content_ffffc9a0c08c,client_8527a891e2,0.5,no_action,healthy_low_risk,0.0,1,8,0.0
content_0477bd042ecd,client_f369cb89fc,0.5,no_action,healthy_low_risk,0.0,1,8,0.0
content_d60098900ae0,client_f369cb89fc,0.5,no_action,healthy_low_risk,0.0,1,20,0.0
content_0297643191af,client_f369cb89fc,0.5,no_action,healthy_low_risk,0.0,1,20,0.0
content_861e335e70fc,client_8527a891e2,0.4,no_action,healthy_low_risk,0.0,1,20,0.0
content_cf8c1068af47,client_f369cb89fc,0.4,no_action,healthy_low_risk,0.0,1,8,0.0
content_b107d12272ea,client_e629fa6598,0.3,no_action,healthy_low_risk,0.0,1,20,0.0
content_4e1756d4460c,client_e629fa6598,0.2,no_action,healthy_low_risk,0.0,1,20,0.0
content_d22c3db8c427,client_e629fa6598,0.2,no_action,healthy_low_risk,0.0,1,20,0.0
content_371a31bd8d13,client_e629fa6598,0.2,no_action,healthy_low_risk,0.0,1,20,0.0
content_fbd329c69d26,client_e629fa6598,0.2,no_action,healthy_low_risk,0.0,1,20,0.0
content_6f372f9e331f,client_e629fa6598,0.2,no_action,healthy_low_risk,0.0,2,20,0.0
content_ec622168ff02,client_e629fa6598,0.2,no_action,healthy_low_risk,0.0,1,20,0.0
content_3792eaf3d449,client_e629fa6598,0.2,no_action,healthy_low_risk,0.0,1,20,0.0
